product_id,legacy_id,name,brand,category_type,audit_status,audit_flag,reason_th,variants_count,min_price,max_price,specs_count,tables_count,images_count,rich_images_count,category_path
udo-897,897,ลวดเชื่อมสแตนเลสไฟฟ้า GEMINI 308L (E308L-16),GEMINI,welding_wire,WARNING_YELLOW,WARNING_NO_SPECS_TABLE,พร้อมขายปกติ แนะนำให้แอดมินเติมตารางสเปกเคมีใน Admin,4,305.0,370.0,5,0,1,0,กลุ่มลวดเชื่อม > เชื่อมสแตนเลส > เชื่อมไฟฟ้า (MMA)
udo-898,898,ลวดเชื่อมไฟฟ้าสแตนเลส GEMINI 309L (E309L-16),GEMINI,welding_wire,WARNING_YELLOW,WARNING_NO_SPECS_TABLE,พร้อมขายปกติ แนะนำให้แอดมินเติมตารางสเปกเคมีใน Admin,3,430.0,435.0,4,0,1,0,กลุ่มลวดเชื่อม > เชื่อมสแตนเลส > เชื่อมไฟฟ้า (MMA)
udo-899,899,ลวดเชื่อมไฟฟ้าสแตนเลส GEMINI 310 (E310-16),GEMINI,welding_wire,WARNING_YELLOW,WARNING_NO_SPECS_TABLE,พร้อมขายปกติ แนะนำให้แอดมินเติมตารางสเปกเคมีใน Admin,3,675.0,680.0,4,0,1,0,กลุ่มลวดเชื่อม > เชื่อมสแตนเลส > เชื่อมไฟฟ้า (MMA)
udo-900,900,ลวดเชื่อมไฟฟ้าสแตนเลส GEMINI 680 (E312-16),GEMINI,welding_wire,WARNING_YELLOW,WARNING_NO_SPECS_TABLE,พร้อมขายปกติ แนะนำให้แอดมินเติมตารางสเปกเคมีใน Admin,3,590.0,595.0,4,0,1,0,กลุ่มลวดเชื่อม > เชื่อมสแตนเลส > เชื่อมไฟฟ้า (MMA)
udo-901,901,ลวดเชื่อมสแตนเลสไฟฟ้า GEMINI 316L (E316L-16),GEMINI,welding_wire,WARNING_YELLOW,WARNING_NO_SPECS_TABLE,พร้อมขายปกติ แนะนำให้แอดมินเติมตารางสเปกเคมีใน Admin,3,395.0,400.0,4,0,1,0,กลุ่มลวดเชื่อม > เชื่อมสแตนเลส > เชื่อมไฟฟ้า (MMA)
udo-902,902,ลวดเชื่อมไฟฟ้าเหล็กหล่อ GEMINI NI-CAST 55 (ENiFe-CI),GEMINI,welding_wire,WARNING_YELLOW,WARNING_NO_SPECS_TABLE,พร้อมขายปกติ แนะนำให้แอดมินเติมตารางสเปกเคมีใน Admin,3,1550.0,2080.0,5,0,1,0,กลุ่มลวดเชื่อม > เชื่อมเหล็กหล่อ > เชื่อมไฟฟ้า (MMA)
udo-903,903,ลวดเชื่อมไฟฟ้าเหล็กหล่อ GEMINI NI-CAST 98 (ENi-CI),GEMINI,welding_wire,WARNING_YELLOW,WARNING_NO_SPECS_TABLE,พร้อมขายปกติ แนะนำให้แอดมินเติมตารางสเปกเคมีใน Admin,3,2330.0,2980.0,5,0,1,0,กลุ่มลวดเชื่อม > เชื่อมเหล็กหล่อ > เชื่อมไฟฟ้า (MMA)
udo-904,904,ลวดเชื่อมไฟฟ้าเซาะร่อง GEMINI CHAMFERTRODE,GEMINI,welding_wire,WARNING_YELLOW,WARNING_NO_SPECS_TABLE,พร้อมขายปกติ แนะนำให้แอดมินเติมตารางสเปกเคมีใน Admin,2,195.0,230.0,2,0,1,0,กลุ่มลวดเชื่อม > เชื่อมตัดเซาะร่อง > เชื่อมไฟฟ้า (MMA)
udo-905,905,ลวดเชื่อมไฟฟ้า HYUNDAI S-6013.LF,HYUNDAI,welding_wire,READY_GREEN,READY_FULL_SPECS,พร้อมขึ้นขายทันที สเปกวิศวกรรมครบถ้วน 100%,4,970.0,1200.0,2,0,1,1,กลุ่มลวดเชื่อม > เชื่อมเหล็ก > เชื่อมไฟฟ้า (MMA)
udo-906,906,ลวดเชื่อมไฟฟ้า HYUNDAI S-7016.H,HYUNDAI,welding_wire,READY_GREEN,READY_FULL_SPECS,พร้อมขึ้นขายทันที สเปกวิศวกรรมครบถ้วน 100%,4,1460.0,1600.0,2,0,1,1,กลุ่มลวดเชื่อม > เชื่อมเหล็ก > เชื่อมไฟฟ้า (MMA)
udo-907,907,ลวดเชื่อมไฟฟ้า HYUNDAI S-7018.G,HYUNDAI,welding_wire,READY_GREEN,READY_FULL_SPECS,พร้อมขึ้นขายทันที สเปกวิศวกรรมครบถ้วน 100%,4,1420.0,1580.0,2,0,1,1,กลุ่มลวดเชื่อม > เชื่อมเหล็ก > เชื่อมไฟฟ้า (MMA)
udo-908,908,ลวดเชื่อมสแตนเลสไฟฟ้า HYUNDAI S-308L.16N (E308L-16),HYUNDAI,welding_wire,READY_GREEN,READY_FULL_SPECS,พร้อมขึ้นขายทันที สเปกวิศวกรรมครบถ้วน 100%,4,865.0,1050.0,3,0,1,1,กลุ่มลวดเชื่อม > เชื่อมสแตนเลส > เชื่อมไฟฟ้า (MMA)
udo-909,909,ลวดเชื่อมสแตนเลสไฟฟ้า HYUNDAI S-309L.16 (E309L-16),HYUNDAI,welding_wire,READY_GREEN,READY_FULL_SPECS,พร้อมขึ้นขายทันที สเปกวิศวกรรมครบถ้วน 100%,3,1290.0,1300.0,3,0,1,1,กลุ่มลวดเชื่อม > เชื่อมสแตนเลส > เชื่อมไฟฟ้า (MMA)
udo-910,910,ลวดเชื่อมสแตนเลสไฟฟ้า HYUNDAI S-310.16 (E310-16),HYUNDAI,welding_wire,READY_GREEN,READY_FULL_SPECS,พร้อมขึ้นขายทันที สเปกวิศวกรรมครบถ้วน 100%,3,1720.0,1730.0,3,0,1,1,กลุ่มลวดเชื่อม > เชื่อมสแตนเลส > เชื่อมไฟฟ้า (MMA)
udo-911,911,ลวดเชื่อมสแตนเลสไฟฟ้า HYUNDAI S-312.16 (E312-16),HYUNDAI,welding_wire,READY_GREEN,READY_FULL_SPECS,พร้อมขึ้นขายทันที สเปกวิศวกรรมครบถ้วน 100%,3,480.0,590.0,3,0,1,1,กลุ่มลวดเชื่อม > เชื่อมสแตนเลส > เชื่อมไฟฟ้า (MMA)
udo-912,912,ลวดเชื่อมสแตนเลสไฟฟ้า HYUNDAI S-316L.16N (E316L-16),HYUNDAI,welding_wire,READY_GREEN,READY_FULL_SPECS,พร้อมขึ้นขายทันที สเปกวิศวกรรมครบถ้วน 100%,3,1240.0,1250.0,3,0,1,1,กลุ่มลวดเชื่อม > เชื่อมสแตนเลส > เชื่อมไฟฟ้า (MMA)
udo-913,913,ลวดเชื่อมไฟฟ้าสแตนเลส DUPLEX HYUNDAI S-2209 (E2209-16),HYUNDAI,welding_wire,READY_GREEN,READY_FULL_SPECS,พร้อมขึ้นขายทันที สเปกวิศวกรรมครบถ้วน 100%,2,2000.0,2050.0,3,0,5,1,กลุ่มลวดเชื่อม > เชื่อมสแตนเลส > เชื่อมไฟฟ้า (MMA)
udo-914,914,ลวดเชื่อมไฟฟ้าเหล็กหล่อ HYUNDAI S-NCI,HYUNDAI,welding_wire,READY_GREEN,READY_FULL_SPECS,พร้อมขึ้นขายทันที สเปกวิศวกรรมครบถ้วน 100%,3,4400.0,4500.0,2,0,1,1,กลุ่มลวดเชื่อม > เชื่อมเหล็กหล่อ > เชื่อมไฟฟ้า (MMA)
udo-915,915,ลวดเชื่อมไฟฟ้าเหล็กหล่อ HYUNDAI S-NFC,HYUNDAI,welding_wire,READY_GREEN,READY_FULL_SPECS,พร้อมขึ้นขายทันที สเปกวิศวกรรมครบถ้วน 100%,3,2800.0,2820.0,2,0,1,1,กลุ่มลวดเชื่อม > เชื่อมเหล็กหล่อ > เชื่อมไฟฟ้า (MMA)
udo-916,916,ลวดเชื่อมไฟฟ้า INCONEL HYUNDAI SR-625 (ENiCrMo-3),HYUNDAI,welding_wire,READY_GREEN,READY_FULL_SPECS,พร้อมขึ้นขายทันที สเปกวิศวกรรมครบถ้วน 100%,1,6250.0,6250.0,3,0,2,1,กลุ่มลวดเชื่อม > เชื่อมวัสดุเกรดพิเศษ > เชื่อมไฟฟ้า (MMA)
udo-917,917,ลวดเชื่อมไฟฟ้าพอกแข็ง HYUNDAI S-450B.B,HYUNDAI,welding_wire,READY_GREEN,READY_FULL_SPECS,พร้อมขึ้นขายทันที สเปกวิศวกรรมครบถ้วน 100%,2,650.0,650.0,2,0,1,1,กลุ่มลวดเชื่อม > เชื่อมพอกผิวแข็ง > เชื่อมไฟฟ้า (MMA)
udo-918,918,ลวดเชื่อมไฟฟ้าพอกแข็ง HYUNDAI S-600B.B,HYUNDAI,welding_wire,READY_GREEN,READY_FULL_SPECS,พร้อมขึ้นขายทันที สเปกวิศวกรรมครบถ้วน 100%,2,1200.0,1200.0,2,0,1,1,กลุ่มลวดเชื่อม > เชื่อมพอกผิวแข็ง > เชื่อมไฟฟ้า (MMA)
udo-919,919,ลวดเชื่อมอาร์กอนเหล็ก HYUNDAI ST-50.G (ER70S-G),HYUNDAI,welding_wire,READY_GREEN,READY_FULL_SPECS,พร้อมขึ้นขายทันที สเปกวิศวกรรมครบถ้วน 100%,4,800.0,850.0,2,0,2,1,กลุ่มลวดเชื่อม > เชื่อมเหล็ก > เชื่อมอาร์กอน (TIG)
udo-920,920,ลวดเชื่อมอาร์กอนเหล็ก HYUNDAI ST-50.6 (ER70S-6),HYUNDAI,welding_wire,READY_GREEN,READY_FULL_SPECS,พร้อมขึ้นขายทันที สเปกวิศวกรรมครบถ้วน 100%,4,800.0,850.0,2,0,1,1,กลุ่มลวดเชื่อม > เชื่อมเหล็ก > เชื่อมอาร์กอน (TIG)
udo-921,921,ลวดเชื่อมอาร์กอนเหล็ก HYUNDAI ST-80CM,HYUNDAI,welding_wire,READY_GREEN,READY_FULL_SPECS,พร้อมขึ้นขายทันที สเปกวิศวกรรมครบถ้วน 100%,1,1100.0,1100.0,2,0,1,1,กลุ่มลวดเชื่อม > เชื่อมเหล็ก > เชื่อมอาร์กอน (TIG)
udo-922,922,ลวดเชื่อมอาร์กอนสแตนเลส HYUNDAI ST-308L,HYUNDAI,welding_wire,READY_GREEN,READY_FULL_SPECS,พร้อมขึ้นขายทันที สเปกวิศวกรรมครบถ้วน 100%,4,2850.0,3150.0,2,0,1,1,กลุ่มลวดเชื่อม > เชื่อมสแตนเลส > เชื่อมอาร์กอน (TIG)
udo-923,923,ลวดเชื่อมอาร์กอนสแตนเลส HYUNDAI ST-309L,HYUNDAI,welding_wire,READY_GREEN,READY_FULL_SPECS,พร้อมขึ้นขายทันที สเปกวิศวกรรมครบถ้วน 100%,4,2800.0,3000.0,2,0,1,1,กลุ่มลวดเชื่อม > เชื่อมสแตนเลส > เชื่อมอาร์กอน (TIG)
udo-924,924,ลวดเชื่อมอาร์กอนสแตนเลส HYUNDAI ST-310,HYUNDAI,welding_wire,READY_GREEN,READY_FULL_SPECS,พร้อมขึ้นขายทันที สเปกวิศวกรรมครบถ้วน 100%,4,5800.0,5900.0,2,0,1,1,กลุ่มลวดเชื่อม > เชื่อมสแตนเลส > เชื่อมอาร์กอน (TIG)
udo-925,925,ลวดเชื่อมอาร์กอนสแตนเลส HYUNDAI ST-312,HYUNDAI,welding_wire,READY_GREEN,READY_FULL_SPECS,พร้อมขึ้นขายทันที สเปกวิศวกรรมครบถ้วน 100%,2,1190.0,1200.0,2,0,1,1,กลุ่มลวดเชื่อม > เชื่อมสแตนเลส > เชื่อมอาร์กอน (TIG)
udo-926,926,ลวดเชื่อมอาร์กอนสแตนเลส HYUNDAI ST-316L,HYUNDAI,welding_wire,READY_GREEN,READY_FULL_SPECS,พร้อมขึ้นขายทันที สเปกวิศวกรรมครบถ้วน 100%,4,3150.0,3250.0,2,0,1,1,กลุ่มลวดเชื่อม > เชื่อมสแตนเลส > เชื่อมอาร์กอน (TIG)
udo-927,927,ลวดเชื่อมอาร์กอนสแตนเลส DUPLEX HYUNDAI ST-2209 (ER2209),HYUNDAI,welding_wire,READY_GREEN,READY_FULL_SPECS,พร้อมขึ้นขายทันที สเปกวิศวกรรมครบถ้วน 100%,2,6000.0,6250.0,3,0,2,1,กลุ่มลวดเชื่อม > เชื่อมสแตนเลส > เชื่อมอาร์กอน (TIG)
udo-928,928,ลวดเชื่อมอาร์กอนอลูมิเนียม HYUNDAI SMT-4043,HYUNDAI,welding_wire,READY_GREEN,READY_FULL_SPECS,พร้อมขึ้นขายทันที สเปกวิศวกรรมครบถ้วน 100%,10,380.0,1870.0,2,0,1,6,กลุ่มลวดเชื่อม > เชื่อมอลูมิเนียม > เชื่อมอาร์กอน (TIG)
udo-929,929,ลวดเชื่อมอาร์กอนอลูมิเนียม HYUNDAI SMT-4047,HYUNDAI,welding_wire,READY_GREEN,READY_FULL_SPECS,พร้อมขึ้นขายทันที สเปกวิศวกรรมครบถ้วน 100%,4,395.0,1750.0,2,0,1,2,กลุ่มลวดเชื่อม > เชื่อมอลูมิเนียม > เชื่อมอาร์กอน (TIG)
udo-930,930,ลวดเชื่อมอาร์กอนอลูมิเนียม HYUNDAI SMT-5356,HYUNDAI,welding_wire,READY_GREEN,READY_FULL_SPECS,พร้อมขึ้นขายทันที สเปกวิศวกรรมครบถ้วน 100%,10,380.0,1870.0,2,0,1,6,กลุ่มลวดเชื่อม > เชื่อมอลูมิเนียม > เชื่อมอาร์กอน (TIG)
udo-931,931,ลวดเชื่อมอาร์กอนนิเกิลอัลลอย HYUNDAI ST-82 (ERNiCr-3),HYUNDAI,welding_wire,READY_GREEN,READY_FULL_SPECS,พร้อมขึ้นขายทันที สเปกวิศวกรรมครบถ้วน 100%,1,16000.0,16000.0,2,0,1,1,กลุ่มลวดเชื่อม > เชื่อมวัสดุเกรดพิเศษ > เชื่อมอาร์กอน (TIG)
udo-932,932,ลวดเชื่อมอาร์กอน INCONEL HYUNDAI SMT-625 (ERNiCrMo-3),HYUNDAI,welding_wire,READY_GREEN,READY_FULL_SPECS,พร้อมขึ้นขายทันที สเปกวิศวกรรมครบถ้วน 100%,2,17000.0,18000.0,2,0,3,1,กลุ่มลวดเชื่อม > เชื่อมวัสดุเกรดพิเศษ > เชื่อมอาร์กอน (TIG)
udo-933,933,ลวดเชื่อมมิกซีโอทู HYUNDAI SM-70,HYUNDAI,welding_wire,READY_GREEN,READY_FULL_SPECS,พร้อมขึ้นขายทันที สเปกวิศวกรรมครบถ้วน 100%,5,900.0,1040.0,3,0,1,2,กลุ่มลวดเชื่อม > เชื่อมเหล็ก > เชื่อมซีโอทู (MIG)
udo-934,934,ลวดเชื่อมมิกซีโอทู HYUNDAI SM-70 BALL PACK,HYUNDAI,welding_wire,QUARANTINE_RED,QUARANTINE_PRICE_ZERO,กักกัน: ราคาสินค้าเป็น 0 บาท หรือไม่มีตัวเลือกราคา,5,0.0,0.0,3,0,1,2,กลุ่มลวดเชื่อม > เชื่อมเหล็ก > เชื่อมซีโอทู (MIG)
udo-935,935,ลวดเชื่อมมิกสแตนเลส HYUNDAI SM-308L,HYUNDAI,welding_wire,READY_GREEN,READY_FULL_SPECS,พร้อมขึ้นขายทันที สเปกวิศวกรรมครบถ้วน 100%,3,4850.0,5400.0,2,0,1,1,กลุ่มลวดเชื่อม > เชื่อมสแตนเลส > เชื่อมซีโอทู (MIG)
udo-936,936,ลวดเชื่อมมิกสแตนเลส HYUNDAI SM-309L,HYUNDAI,welding_wire,READY_GREEN,READY_FULL_SPECS,พร้อมขึ้นขายทันที สเปกวิศวกรรมครบถ้วน 100%,3,5200.0,5880.0,2,0,1,1,กลุ่มลวดเชื่อม > เชื่อมสแตนเลส > เชื่อมซีโอทู (MIG)
udo-937,937,ลวดเชื่อมมิกสแตนเลส HYUNDAI SM-316L,HYUNDAI,welding_wire,READY_GREEN,READY_FULL_SPECS,พร้อมขึ้นขายทันที สเปกวิศวกรรมครบถ้วน 100%,3,5600.0,5880.0,2,0,1,1,กลุ่มลวดเชื่อม > เชื่อมสแตนเลส > เชื่อมซีโอทู (MIG)
udo-938,938,ลวดเชื่อมฟลักซ์คอร์ไวร์ HYUNDAI SF-71 (E71T-1),HYUNDAI,welding_wire,READY_GREEN,READY_FULL_SPECS,พร้อมขึ้นขายทันที สเปกวิศวกรรมครบถ้วน 100%,2,1060.0,1060.0,3,0,1,1,กลุ่มลวดเชื่อม > เชื่อมเหล็ก > เชื่อมฟลักซ์คอลล์ (FCW)
udo-939,939,ลวดเชื่อมฟลักซ์คอร์ไวร์สแตนเลส HYUNDAI SW-308L Cored (E308LT1-1/4),HYUNDAI,welding_wire,READY_GREEN,READY_FULL_SPECS,พร้อมขึ้นขายทันที สเปกวิศวกรรมครบถ้วน 100%,1,6780.0,6780.0,2,0,1,1,กลุ่มลวดเชื่อม > เชื่อมสแตนเลส > เชื่อมฟลักซ์คอลล์ (FCW)
udo-940,940,ลวดเชื่อมฟลักซ์คอร์ไวร์สแตนเลส HYUNDAI SW-309L Cored (E309LT1-1/4),HYUNDAI,welding_wire,READY_GREEN,READY_FULL_SPECS,พร้อมขึ้นขายทันที สเปกวิศวกรรมครบถ้วน 100%,1,7280.0,7280.0,2,0,1,1,กลุ่มลวดเชื่อม > เชื่อมสแตนเลส > เชื่อมฟลักซ์คอลล์ (FCW)
udo-941,941,ลวดเชื่อมฟลักซ์คอร์ไวร์สแตนเลส HYUNDAI SW-316L Cored (E316LT1-1/4),HYUNDAI,welding_wire,READY_GREEN,READY_FULL_SPECS,พร้อมขึ้นขายทันที สเปกวิศวกรรมครบถ้วน 100%,1,8850.0,8850.0,2,0,3,1,กลุ่มลวดเชื่อม > เชื่อมสแตนเลส > เชื่อมฟลักซ์คอลล์ (FCW)
udo-942,942,ลวดเชื่อมฟลักซ์คอร์ไวร์สแตนเลส DUPLEX HYUNDAI SW-2209 Cored (E2209T1-1),HYUNDAI,welding_wire,READY_GREEN,READY_FULL_SPECS,พร้อมขึ้นขายทันที สเปกวิศวกรรมครบถ้วน 100%,1,13000.0,13000.0,3,0,1,1,กลุ่มลวดเชื่อม > เชื่อมสแตนเลส > เชื่อมฟลักซ์คอลล์ (FCW)
udo-943,943,ลวดเชื่อมฟลักซ์คอร์ไวร์พอกแข็ง HYUNDAI SC-450H,HYUNDAI,welding_wire,READY_GREEN,READY_FULL_SPECS,พร้อมขึ้นขายทันที สเปกวิศวกรรมครบถ้วน 100%,1,4750.0,4750.0,2,0,4,1,กลุ่มลวดเชื่อม > เชื่อมพอกผิวแข็ง > เชื่อมฟลักซ์คอลล์ (FCW)
udo-944,944,ลวดเชื่อมซับเมอร์ก HYUNDAI SUBMERGED WIRE M-12K,HYUNDAI,welding_wire,QUARANTINE_RED,QUARANTINE_PRICE_ZERO,กักกัน: ราคาสินค้าเป็น 0 บาท หรือไม่มีตัวเลือกราคา,3,0.0,0.0,2,0,2,1,กลุ่มลวดเชื่อม > เชื่อมเหล็ก > เชื่อมซับเมอร์ก (SAW)
udo-945,945,ลวดเชื่อมซับเมอร์ก HYUNDAI SUBMERGED WIRE H-14,HYUNDAI,welding_wire,QUARANTINE_RED,QUARANTINE_PRICE_ZERO,กักกัน: ราคาสินค้าเป็น 0 บาท หรือไม่มีตัวเลือกราคา,3,0.0,0.0,2,0,5,1,กลุ่มลวดเชื่อม > เชื่อมเหล็ก > เชื่อมซับเมอร์ก (SAW)
udo-946,946,ลวดเชื่อมซับเมอร์กสแตนเลส HYUNDAI SUBMERGED WIRE YS-308L,HYUNDAI,welding_wire,READY_GREEN,READY_FULL_SPECS,พร้อมขึ้นขายทันที สเปกวิศวกรรมครบถ้วน 100%,1,8500.0,8500.0,2,0,1,1,กลุ่มลวดเชื่อม > เชื่อมสแตนเลส > เชื่อมซับเมอร์ก (SAW)
udo-947,947,ลวดเชื่อมซับเมอร์กสแตนเลส HYUNDAI SUBMERGED WIRE YS-309L,HYUNDAI,welding_wire,READY_GREEN,READY_FULL_SPECS,พร้อมขึ้นขายทันที สเปกวิศวกรรมครบถ้วน 100%,1,10900.0,10900.0,2,0,1,1,กลุ่มลวดเชื่อม > เชื่อมสแตนเลส > เชื่อมซับเมอร์ก (SAW)
udo-948,948,ลวดเชื่อมซับเมอร์กสแตนเลส HYUNDAI SUBMERGED WIRE YS-316L,HYUNDAI,welding_wire,READY_GREEN,READY_FULL_SPECS,พร้อมขึ้นขายทันที สเปกวิศวกรรมครบถ้วน 100%,1,11300.0,11300.0,2,0,1,1,กลุ่มลวดเชื่อม > เชื่อมสแตนเลส > เชื่อมซับเมอร์ก (SAW)
udo-949,949,ลวดเชื่อมซับเมอร์กสแตนเลส DUPLEX HYUNDAI SUBMERGED WIRE YS-2209,HYUNDAI,welding_wire,QUARANTINE_RED,QUARANTINE_PRICE_ZERO,กักกัน: ราคาสินค้าเป็น 0 บาท หรือไม่มีตัวเลือกราคา,1,0.0,0.0,2,0,1,1,กลุ่มลวดเชื่อม > เชื่อมสแตนเลส > เชื่อมซับเมอร์ก (SAW)
udo-950,950,ผงฟลักซ์ซับเมอร์ก HYUNDAI SUBMERGED FLUX S-777MXH,HYUNDAI,welding_wire,READY_GREEN,READY_FULL_SPECS,พร้อมขึ้นขายทันที สเปกวิศวกรรมครบถ้วน 100%,1,1600.0,1600.0,2,0,1,1,กลุ่มลวดเชื่อม > เชื่อมเหล็ก > เชื่อมซับเมอร์ก (SAW)
udo-951,951,ผงฟลักซ์ซับเมอร์ก HYUNDAI SUBMERGED FLUX S-717,HYUNDAI,welding_wire,READY_GREEN,READY_FULL_SPECS,พร้อมขึ้นขายทันที สเปกวิศวกรรมครบถ้วน 100%,1,1280.0,1280.0,2,0,1,1,กลุ่มลวดเชื่อม > เชื่อมเหล็ก > เชื่อมซับเมอร์ก (SAW)
udo-952,952,ผงฟลักซ์ซับเมอร์กสแตนเลส HYUNDAI SUBMERGED SUPERFLUX 300S,HYUNDAI,welding_wire,READY_GREEN,READY_FULL_SPECS,พร้อมขึ้นขายทันที สเปกวิศวกรรมครบถ้วน 100%,1,3500.0,3500.0,2,0,2,1,กลุ่มลวดเชื่อม > เชื่อมสแตนเลส > เชื่อมซับเมอร์ก (SAW)
udo-953,953,ผงฟลักซ์ซับเมอร์กสแตนเลส HYUNDAI SUBMERGED SUPERFLUX 209,HYUNDAI,welding_wire,QUARANTINE_RED,QUARANTINE_PRICE_ZERO,กักกัน: ราคาสินค้าเป็น 0 บาท หรือไม่มีตัวเลือกราคา,1,0.0,0.0,2,0,1,1,กลุ่มลวดเชื่อม > เชื่อมสแตนเลส > เชื่อมซับเมอร์ก (SAW)
udo-954,954,ลวดเชื่อมไฟฟ้า POWERWELD S-12 (E6013),POWERWELD,welding_wire,READY_GREEN,READY_FULL_SPECS,พร้อมขึ้นขายทันที สเปกวิศวกรรมครบถ้วน 100%,4,160.0,1350.0,3,0,5,1,กลุ่มลวดเชื่อม > เชื่อมเหล็ก > เชื่อมไฟฟ้า (MMA)
udo-955,955,ลวดเชื่อมสแตนเลสไฟฟ้า POWERWELD STAINARC 308L (E308L-16),POWERWELD,welding_wire,READY_GREEN,READY_FULL_SPECS,พร้อมขึ้นขายทันที สเปกวิศวกรรมครบถ้วน 100%,7,190.0,560.0,3,0,3,1,กลุ่มลวดเชื่อม > เชื่อมสแตนเลส > เชื่อมไฟฟ้า (MMA)
udo-956,956,ลวดเชื่อมสแตนเลสไฟฟ้า POWERWELD STAINARC 309L (E309L-16),POWERWELD,welding_wire,READY_GREEN,READY_FULL_SPECS,พร้อมขึ้นขายทันที สเปกวิศวกรรมครบถ้วน 100%,2,415.0,420.0,3,0,3,1,กลุ่มลวดเชื่อม > เชื่อมสแตนเลส > เชื่อมไฟฟ้า (MMA)
udo-957,957,ลวดเชื่อมสแตนเลสไฟฟ้า POWERWELD STAINARC 316L (E316L-16),POWERWELD,welding_wire,READY_GREEN,READY_FULL_SPECS,พร้อมขึ้นขายทันที สเปกวิศวกรรมครบถ้วน 100%,4,290.0,740.0,3,0,3,1,กลุ่มลวดเชื่อม > เชื่อมสแตนเลส > เชื่อมไฟฟ้า (MMA)
udo-958,958,ลวดเชื่อมไฟฟ้าเหล็กหล่อ POWERWELD CASTARC100N,POWERWELD,welding_wire,READY_GREEN,READY_FULL_SPECS,พร้อมขึ้นขายทันที สเปกวิศวกรรมครบถ้วน 100%,3,1800.0,1900.0,2,0,3,1,กลุ่มลวดเชื่อม > เชื่อมเหล็กหล่อ > เชื่อมไฟฟ้า (MMA)
udo-959,959,ลวดเชื่อมไฟฟ้าเหล็กหล่อ POWERWELD CASTARC150N,POWERWELD,welding_wire,READY_GREEN,READY_FULL_SPECS,พร้อมขึ้นขายทันที สเปกวิศวกรรมครบถ้วน 100%,3,1250.0,1300.0,2,0,4,1,กลุ่มลวดเชื่อม > เชื่อมเหล็กหล่อ > เชื่อมไฟฟ้า (MMA)
udo-960,960,ลวดเชื่อมไฟฟ้าเซาะร่อง POWERWELD C&G,POWERWELD,welding_wire,READY_GREEN,READY_FULL_SPECS,พร้อมขึ้นขายทันที สเปกวิศวกรรมครบถ้วน 100%,2,195.0,195.0,2,0,5,1,กลุ่มลวดเชื่อม > เชื่อมตัดเซาะร่อง > เชื่อมไฟฟ้า (MMA)
udo-961,961,ลวดเชื่อมแก๊สผิวแดง POWERWELD OSS-11,POWERWELD,welding_wire,READY_GREEN,READY_FULL_SPECS,พร้อมขึ้นขายทันที สเปกวิศวกรรมครบถ้วน 100%,3,540.0,640.0,2,0,1,1,กลุ่มลวดเชื่อม > เชื่อมเหล็ก > เชื่อมแก๊ส (Brazing)
udo-962,962,ลวดเชื่อมอาร์กอนสแตนเลส POWERWELD MC308LSiR,POWERWELD,welding_wire,READY_GREEN,READY_FULL_SPECS,พร้อมขึ้นขายทันที สเปกวิศวกรรมครบถ้วน 100%,6,1225.0,2000.0,2,0,1,1,กลุ่มลวดเชื่อม > เชื่อมสแตนเลส > เชื่อมอาร์กอน (TIG)
udo-963,963,ลวดเชื่อมอาร์กอนสแตนเลส POWERWELD MC309LR,POWERWELD,welding_wire,READY_GREEN,READY_FULL_SPECS,พร้อมขึ้นขายทันที สเปกวิศวกรรมครบถ้วน 100%,2,1930.0,1980.0,2,0,1,1,กลุ่มลวดเชื่อม > เชื่อมสแตนเลส > เชื่อมอาร์กอน (TIG)
udo-964,964,ลวดเชื่อมอาร์กอนอลูมิเนียม POWERWELD MC1100R,POWERWELD,welding_wire,READY_GREEN,READY_FULL_SPECS,พร้อมขึ้นขายทันที สเปกวิศวกรรมครบถ้วน 100%,4,420.0,1880.0,2,0,1,1,กลุ่มลวดเชื่อม > เชื่อมอลูมิเนียม > เชื่อมอาร์กอน (TIG)
udo-965,965,ลวดเชื่อมอาร์กอนอลูมิเนียม POWERWELD MC4043R,POWERWELD,welding_wire,READY_GREEN,READY_FULL_SPECS,พร้อมขึ้นขายทันที สเปกวิศวกรรมครบถ้วน 100%,5,420.0,1840.0,2,0,3,1,กลุ่มลวดเชื่อม > เชื่อมอลูมิเนียม > เชื่อมอาร์กอน (TIG)
udo-966,966,ลวดเชื่อมอาร์กอนอลูมิเนียม POWERWELD MC4047R,POWERWELD,welding_wire,READY_GREEN,READY_FULL_SPECS,พร้อมขึ้นขายทันที สเปกวิศวกรรมครบถ้วน 100%,3,490.0,520.0,2,0,1,1,กลุ่มลวดเชื่อม > เชื่อมอลูมิเนียม > เชื่อมอาร์กอน (TIG)
udo-967,967,ลวดเชื่อมอาร์กอนอลูมิเนียม POWERWELD MC5356R,POWERWELD,welding_wire,READY_GREEN,READY_FULL_SPECS,พร้อมขึ้นขายทันที สเปกวิศวกรรมครบถ้วน 100%,5,420.0,1840.0,2,0,1,1,กลุ่มลวดเชื่อม > เชื่อมอลูมิเนียม > เชื่อมอาร์กอน (TIG)
udo-968,968,ลวดเชื่อมอาร์กอนเหล็กหล่อ POWERWELD MC-Ni55R (ERNiFe-Cl),POWERWELD,welding_wire,READY_GREEN,READY_FULL_SPECS,พร้อมขึ้นขายทันที สเปกวิศวกรรมครบถ้วน 100%,1,2500.0,2500.0,2,0,1,1,กลุ่มลวดเชื่อม > เชื่อมเหล็กหล่อ > เชื่อมอาร์กอน (TIG)
udo-969,969,ลวดเชื่อมมิก CO2 POWERWELD ES6-M (ER70S-6),POWERWELD,welding_wire,READY_GREEN,READY_FULL_SPECS,พร้อมขึ้นขายทันที สเปกวิศวกรรมครบถ้วน 100%,3,740.0,770.0,2,0,3,1,กลุ่มลวดเชื่อม > เชื่อมเหล็ก > เชื่อมซีโอทู (MIG)
udo-970,970,ลวดเชื่อมมิกซีโอทู DIY POWERWELD ES-6,POWERWELD,welding_wire,READY_GREEN,READY_FULL_SPECS,พร้อมขึ้นขายทันที สเปกวิศวกรรมครบถ้วน 100%,1,390.0,390.0,2,0,2,1,กลุ่มลวดเชื่อม > เชื่อมเหล็ก > เชื่อมซีโอทู (MIG)
udo-971,971,ลวดเชื่อมมิกสแตนเลส POWERWELD MC308LSiM (12.5 กก./ม้วน),POWERWELD,welding_wire,READY_GREEN,READY_FULL_SPECS,พร้อมขึ้นขายทันที สเปกวิศวกรรมครบถ้วน 100%,3,3300.0,3350.0,2,0,1,1,กลุ่มลวดเชื่อม > เชื่อมสแตนเลส > เชื่อมซีโอทู (MIG)
udo-972,972,ลวดเชื่อมฟลักซ์คอร์ไวร์ POWERWELD COREMAX-71,POWERWELD,welding_wire,READY_GREEN,READY_FULL_SPECS,พร้อมขึ้นขายทันที สเปกวิศวกรรมครบถ้วน 100%,1,900.0,900.0,2,0,1,1,กลุ่มลวดเชื่อม > เชื่อมเหล็ก > เชื่อมฟลักซ์คอลล์ (FCW)
udo-973,973,ลวดเชื่อมไฟฟ้า YAWATA FT-51 (E6013),YAWATA,welding_wire,WARNING_YELLOW,WARNING_NO_SPECS_TABLE,พร้อมขายปกติ แนะนำให้แอดมินเติมตารางสเปกเคมีใน Admin,5,1435.0,2610.0,4,0,3,0,กลุ่มลวดเชื่อม > เชื่อมเหล็ก > เชื่อมไฟฟ้า (MMA)
udo-974,974,ลวดเชื่อมไฟฟ้า YAWATA L-55 (E7016),YAWATA,welding_wire,WARNING_YELLOW,WARNING_NO_SPECS_TABLE,พร้อมขายปกติ แนะนำให้แอดมินเติมตารางสเปกเคมีใน Admin,4,1470.0,1670.0,4,0,1,0,กลุ่มลวดเชื่อม > เชื่อมเหล็ก > เชื่อมไฟฟ้า (MMA)
udo-975,975,ลวดเชื่อมไฟฟ้า YAWATA N1,YAWATA,welding_wire,WARNING_YELLOW,WARNING_NO_SPECS_TABLE,พร้อมขายปกติ แนะนำให้แอดมินเติมตารางสเปกเคมีใน Admin,2,4300.0,4300.0,2,0,1,0,กลุ่มลวดเชื่อม > เชื่อมเหล็ก > เชื่อมไฟฟ้า (MMA)
udo-976,976,ลวดเชื่อมสแตนเลสไฟฟ้า YAWATA 308L-16 (E308L-16),YAWATA,welding_wire,WARNING_YELLOW,WARNING_NO_SPECS_TABLE,พร้อมขายปกติ แนะนำให้แอดมินเติมตารางสเปกเคมีใน Admin,6,325.0,1960.0,4,0,2,0,กลุ่มลวดเชื่อม > เชื่อมสแตนเลส > เชื่อมไฟฟ้า (MMA)
udo-977,977,ลวดเชื่อมสแตนเลสไฟฟ้า YAWATA 309L-16 (E309L-16),YAWATA,welding_wire,WARNING_YELLOW,WARNING_NO_SPECS_TABLE,พร้อมขายปกติ แนะนำให้แอดมินเติมตารางสเปกเคมีใน Admin,3,440.0,450.0,3,0,1,0,กลุ่มลวดเชื่อม > เชื่อมสแตนเลส > เชื่อมไฟฟ้า (MMA)
udo-978,978,ลวดเชื่อมสแตนเลสไฟฟ้า YAWATA 310-16 (E310-16),YAWATA,welding_wire,WARNING_YELLOW,WARNING_NO_SPECS_TABLE,พร้อมขายปกติ แนะนำให้แอดมินเติมตารางสเปกเคมีใน Admin,3,650.0,660.0,3,0,1,0,กลุ่มลวดเชื่อม > เชื่อมสแตนเลส > เชื่อมไฟฟ้า (MMA)
udo-979,979,ลวดเชื่อมสแตนเลสไฟฟ้า YAWATA 312-16 (E312-16),YAWATA,welding_wire,WARNING_YELLOW,WARNING_NO_SPECS_TABLE,พร้อมขายปกติ แนะนำให้แอดมินเติมตารางสเปกเคมีใน Admin,3,575.0,580.0,3,0,1,0,กลุ่มลวดเชื่อม > เชื่อมสแตนเลส > เชื่อมไฟฟ้า (MMA)
udo-980,980,สแตนเลสไฟฟ้า,YAWATA,welding_wire,QUARANTINE_RED,QUARANTINE_PRICE_ZERO,กักกัน: ราคาสินค้าเป็น 0 บาท หรือไม่มีตัวเลือกราคา,0,0.0,0.0,2,0,1,0,กลุ่มลวดเชื่อม > เชื่อมสแตนเลส > เชื่อมไฟฟ้า (MMA)
udo-981,981,ลวดเชื่อมไฟฟ้าเหล็กหล่อ YAWATA NI CAST 55,YAWATA,welding_wire,WARNING_YELLOW,WARNING_NO_SPECS_TABLE,พร้อมขายปกติ แนะนำให้แอดมินเติมตารางสเปกเคมีใน Admin,3,1750.0,1790.0,2,0,2,0,กลุ่มลวดเชื่อม > เชื่อมเหล็กหล่อ > เชื่อมไฟฟ้า (MMA)
udo-982,982,ลวดเชื่อมไฟฟ้าเหล็กหล่อ YAWATA NI CAST 98 (ENi-CI),YAWATA,welding_wire,WARNING_YELLOW,WARNING_NO_SPECS_TABLE,พร้อมขายปกติ แนะนำให้แอดมินเติมตารางสเปกเคมีใน Admin,3,2630.0,2900.0,3,0,2,0,กลุ่มลวดเชื่อม > เชื่อมเหล็กหล่อ > เชื่อมไฟฟ้า (MMA)
udo-983,983,ลวดเชื่อมไฟฟ้าพอกแข็ง YAWATA H-250C,YAWATA,welding_wire,READY_GREEN,READY_FULL_SPECS,พร้อมขึ้นขายทันที สเปกวิศวกรรมครบถ้วน 100%,2,9000.0,9000.0,2,4,1,0,กลุ่มลวดเชื่อม > เชื่อมพอกผิวแข็ง > เชื่อมไฟฟ้า (MMA)
udo-984,984,ลวดเชื่อมไฟฟ้าพอกแข็ง YAWATA H-350C,YAWATA,welding_wire,READY_GREEN,READY_FULL_SPECS,พร้อมขึ้นขายทันที สเปกวิศวกรรมครบถ้วน 100%,2,2100.0,2100.0,2,4,1,0,กลุ่มลวดเชื่อม > เชื่อมพอกผิวแข็ง > เชื่อมไฟฟ้า (MMA)
udo-985,985,ลวดเชื่อมไฟฟ้าพอกแข็ง YAWATA H-450R,YAWATA,welding_wire,READY_GREEN,READY_FULL_SPECS,พร้อมขึ้นขายทันที สเปกวิศวกรรมครบถ้วน 100%,2,2600.0,2600.0,2,4,1,0,กลุ่มลวดเชื่อม > เชื่อมพอกผิวแข็ง > เชื่อมไฟฟ้า (MMA)
udo-986,986,ลวดเชื่อมไฟฟ้าพอกแข็ง YAWATA H-600,YAWATA,welding_wire,WARNING_YELLOW,WARNING_NO_SPECS_TABLE,พร้อมขายปกติ แนะนำให้แอดมินเติมตารางสเปกเคมีใน Admin,2,2700.0,2700.0,2,0,3,0,กลุ่มลวดเชื่อม > เชื่อมพอกผิวแข็ง > เชื่อมไฟฟ้า (MMA)
udo-987,987,ลวดเชื่อมไฟฟ้าพอกแข็ง YAWATA V-1000,YAWATA,welding_wire,READY_GREEN,READY_FULL_SPECS,พร้อมขึ้นขายทันที สเปกวิศวกรรมครบถ้วน 100%,2,8700.0,8700.0,2,4,1,0,กลุ่มลวดเชื่อม > เชื่อมพอกผิวแข็ง > เชื่อมไฟฟ้า (MMA)
udo-988,988,ลวดเชื่อมไฟฟ้าเซาะร่อง YAWATA CHAMFERTRODE,YAWATA,welding_wire,READY_GREEN,READY_FULL_SPECS,พร้อมขึ้นขายทันที สเปกวิศวกรรมครบถ้วน 100%,2,230.0,230.0,3,4,1,0,กลุ่มลวดเชื่อม > เชื่อมตัดเซาะร่อง > เชื่อมไฟฟ้า (MMA)
udo-989,989,ลวดเชื่อมไฟฟ้า KOBE RB-26 (E6013),KOBE,welding_wire,WARNING_YELLOW,WARNING_NO_SPECS_TABLE,พร้อมขายปกติ แนะนำให้แอดมินเติมตารางสเปกเคมีใน Admin,4,1600.0,1650.0,3,0,3,0,กลุ่มลวดเชื่อม > เชื่อมเหล็ก > เชื่อมไฟฟ้า (MMA)
udo-990,990,ลวดเชื่อมไฟฟ้า KOBE-30 (E6013),KOBE,welding_wire,READY_GREEN,READY_FULL_SPECS,พร้อมขึ้นขายทันที สเปกวิศวกรรมครบถ้วน 100%,4,1460.0,1510.0,3,0,4,1,กลุ่มลวดเชื่อม > เชื่อมเหล็ก > เชื่อมไฟฟ้า (MMA)
udo-991,991,ลวดเชื่อมไฟฟ้า KOBE LB-52 (E7016),KOBE,welding_wire,WARNING_YELLOW,WARNING_NO_SPECS_TABLE,พร้อมขายปกติ แนะนำให้แอดมินเติมตารางสเปกเคมีใน Admin,4,1620.0,1830.0,3,0,1,0,กลุ่มลวดเชื่อม > เชื่อมเหล็ก > เชื่อมไฟฟ้า (MMA)
udo-992,992,ลวดเชื่อมไฟฟ้า KOBE LH-2000,KOBE,welding_wire,WARNING_YELLOW,WARNING_NO_SPECS_TABLE,พร้อมขายปกติ แนะนำให้แอดมินเติมตารางสเปกเคมีใน Admin,4,1540.0,1750.0,2,0,1,0,กลุ่มลวดเชื่อม > เชื่อมเหล็ก > เชื่อมไฟฟ้า (MMA)
udo-993,993,ลวดเชื่อมไฟฟ้า KOBE LB-52-18,KOBE,welding_wire,WARNING_YELLOW,WARNING_NO_SPECS_TABLE,พร้อมขายปกติ แนะนำให้แอดมินเติมตารางสเปกเคมีใน Admin,4,2120.0,2460.0,3,0,1,0,กลุ่มลวดเชื่อม > เชื่อมเหล็ก > เชื่อมไฟฟ้า (MMA)
udo-994,994,ลวดเชื่อมไฟฟ้า KOBE LB-52U,KOBE,welding_wire,WARNING_YELLOW,WARNING_NO_SPECS_TABLE,พร้อมขายปกติ แนะนำให้แอดมินเติมตารางสเปกเคมีใน Admin,4,2230.0,2590.0,3,0,1,0,กลุ่มลวดเชื่อม > เชื่อมเหล็ก > เชื่อมไฟฟ้า (MMA)
udo-995,995,ลวดเชื่อมไฟฟ้า KOBE LB-62 (E9016-G),KOBE,welding_wire,READY_GREEN,READY_FULL_SPECS,พร้อมขึ้นขายทันที สเปกวิศวกรรมครบถ้วน 100%,3,4600.0,6050.0,3,0,1,2,กลุ่มลวดเชื่อม > เชื่อมเหล็ก > เชื่อมไฟฟ้า (MMA)
udo-996,996,ลวดเชื่อมไฟฟ้า KOBE B-17,KOBE,welding_wire,WARNING_YELLOW,WARNING_NO_SPECS_TABLE,พร้อมขายปกติ แนะนำให้แอดมินเติมตารางสเปกเคมีใน Admin,3,2880.0,3230.0,2,0,1,0,กลุ่มลวดเชื่อม > เชื่อมเหล็ก > เชื่อมไฟฟ้า (MMA)
udo-997,997,ลวดเชื่อมไฟฟ้าสแตนเลส KOBE 308 (E308-16),KOBE,welding_wire,WARNING_YELLOW,WARNING_NO_SPECS_TABLE,พร้อมขายปกติ แนะนำให้แอดมินเติมตารางสเปกเคมีใน Admin,4,700.0,750.0,3,0,1,0,กลุ่มลวดเชื่อม > เชื่อมสแตนเลส > เชื่อมไฟฟ้า (MMA)
udo-998,998,ลวดเชื่อมไฟฟ้าสแตนเลส KOBE 308L (E308L-17),KOBE,welding_wire,WARNING_YELLOW,WARNING_NO_SPECS_TABLE,พร้อมขายปกติ แนะนำให้แอดมินเติมตารางสเปกเคมีใน Admin,4,740.0,780.0,3,0,1,0,กลุ่มลวดเชื่อม > เชื่อมสแตนเลส > เชื่อมไฟฟ้า (MMA)
udo-999,999,ลวดเชื่อมไฟฟ้าแสตนเลส KOBE NC-38,KOBE,welding_wire,WARNING_YELLOW,WARNING_NO_SPECS_TABLE,พร้อมขายปกติ แนะนำให้แอดมินเติมตารางสเปกเคมีใน Admin,3,8970.0,9600.0,2,0,1,0,กลุ่มลวดเชื่อม > เชื่อมสแตนเลส > เชื่อมไฟฟ้า (MMA)
udo-1000,1000,ลวดเชื่อมไฟฟ้าแสตนเลส KOBE NC-38L,KOBE,welding_wire,WARNING_YELLOW,WARNING_NO_SPECS_TABLE,พร้อมขายปกติ แนะนำให้แอดมินเติมตารางสเปกเคมีใน Admin,3,10120.0,10750.0,2,0,1,0,กลุ่มลวดเชื่อม > เชื่อมสแตนเลส > เชื่อมไฟฟ้า (MMA)
udo-1001,1001,ลวดเชื่อมไฟฟ้าแสตนเลส KOBE NC-39,KOBE,welding_wire,WARNING_YELLOW,WARNING_NO_SPECS_TABLE,พร้อมขายปกติ แนะนำให้แอดมินเติมตารางสเปกเคมีใน Admin,3,10330.0,10960.0,2,0,1,0,กลุ่มลวดเชื่อม > เชื่อมสแตนเลส > เชื่อมไฟฟ้า (MMA)
udo-1002,1002,ลวดเชื่อมไฟฟ้าแสตนเลส KOBE NC-39L,KOBE,welding_wire,WARNING_YELLOW,WARNING_NO_SPECS_TABLE,พร้อมขายปกติ แนะนำให้แอดมินเติมตารางสเปกเคมีใน Admin,3,11480.0,12110.0,2,0,1,0,กลุ่มลวดเชื่อม > เชื่อมสแตนเลส > เชื่อมไฟฟ้า (MMA)
udo-1003,1003,ลวดเชื่อมไฟฟ้าแสตนเลส KOBE NC-36,KOBE,welding_wire,WARNING_YELLOW,WARNING_NO_SPECS_TABLE,พร้อมขายปกติ แนะนำให้แอดมินเติมตารางสเปกเคมีใน Admin,3,11690.0,12320.0,2,0,1,0,กลุ่มลวดเชื่อม > เชื่อมสแตนเลส > เชื่อมไฟฟ้า (MMA)
udo-1004,1004,ลวดเชื่อมไฟฟ้าแสตนเลส KOBE NC-36L,KOBE,welding_wire,WARNING_YELLOW,WARNING_NO_SPECS_TABLE,พร้อมขายปกติ แนะนำให้แอดมินเติมตารางสเปกเคมีใน Admin,3,12840.0,13470.0,2,0,1,0,กลุ่มลวดเชื่อม > เชื่อมสแตนเลส > เชื่อมไฟฟ้า (MMA)
udo-1005,1005,ลวดเชื่อมไฟฟ้าเหล็กหล่อ KOBE CIA-1,KOBE,welding_wire,WARNING_YELLOW,WARNING_NO_SPECS_TABLE,พร้อมขายปกติ แนะนำให้แอดมินเติมตารางสเปกเคมีใน Admin,3,6550.0,7250.0,2,0,5,0,กลุ่มลวดเชื่อม > เชื่อมเหล็กหล่อ > เชื่อมไฟฟ้า (MMA)
udo-1006,1006,ลวดเชื่อมไฟฟ้าเหล็กหล่อ KOBE CIA-2,KOBE,welding_wire,WARNING_YELLOW,WARNING_NO_SPECS_TABLE,พร้อมขายปกติ แนะนำให้แอดมินเติมตารางสเปกเคมีใน Admin,2,5300.0,5600.0,2,0,5,0,กลุ่มลวดเชื่อม > เชื่อมเหล็กหล่อ > เชื่อมไฟฟ้า (MMA)
udo-1007,1007,ลวดเชื่อมไฟฟ้าพอกแข็ง KOBE-350R,KOBE,welding_wire,WARNING_YELLOW,WARNING_NO_SPECS_TABLE,พร้อมขายปกติ แนะนำให้แอดมินเติมตารางสเปกเคมีใน Admin,1,1850.0,1850.0,2,0,1,0,กลุ่มลวดเชื่อม > เชื่อมพอกผิวแข็ง > เชื่อมไฟฟ้า (MMA)
udo-1008,1008,ลวดเชื่อมไฟฟ้าพอกแข็ง KOBE HF-600,KOBE,welding_wire,WARNING_YELLOW,WARNING_NO_SPECS_TABLE,พร้อมขายปกติ แนะนำให้แอดมินเติมตารางสเปกเคมีใน Admin,2,6290.0,7000.0,2,0,1,0,กลุ่มลวดเชื่อม > เชื่อมพอกผิวแข็ง > เชื่อมไฟฟ้า (MMA)
udo-1009,1009,ลวดเชื่อมไฟฟ้าพอกแข็ง KOBE HF-650,KOBE,welding_wire,WARNING_YELLOW,WARNING_NO_SPECS_TABLE,พร้อมขายปกติ แนะนำให้แอดมินเติมตารางสเปกเคมีใน Admin,2,8040.0,8880.0,2,0,1,0,กลุ่มลวดเชื่อม > เชื่อมพอกผิวแข็ง > เชื่อมไฟฟ้า (MMA)
udo-1010,1010,ลวดเชื่อมอาร์กอนเหล็ก KOBE TG-S50,KOBE,welding_wire,WARNING_YELLOW,WARNING_NO_SPECS_TABLE,พร้อมขายปกติ แนะนำให้แอดมินเติมตารางสเปกเคมีใน Admin,4,995.0,1320.0,3,0,1,0,กลุ่มลวดเชื่อม > เชื่อมเหล็ก > เชื่อมอาร์กอน (TIG)
udo-1011,1011,ลวดเชื่อมอาร์กอนเหล็ก KOBE TG-S51T,KOBE,welding_wire,WARNING_YELLOW,WARNING_NO_SPECS_TABLE,พร้อมขายปกติ แนะนำให้แอดมินเติมตารางสเปกเคมีใน Admin,3,995.0,1320.0,2,0,1,0,กลุ่มลวดเชื่อม > เชื่อมเหล็ก > เชื่อมอาร์กอน (TIG)
udo-1012,1012,ลวดเชื่อมอาร์กอนแสตนเลส KOBE TG-S308,KOBE,welding_wire,WARNING_YELLOW,WARNING_NO_SPECS_TABLE,พร้อมขายปกติ แนะนำให้แอดมินเติมตารางสเปกเคมีใน Admin,4,2190.0,2450.0,2,0,1,0,กลุ่มลวดเชื่อม > เชื่อมสแตนเลส > เชื่อมอาร์กอน (TIG)
udo-1013,1013,ลวดเชื่อมอาร์กอนแสตนเลส KOBE TG-S308L,KOBE,welding_wire,WARNING_YELLOW,WARNING_NO_SPECS_TABLE,พร้อมขายปกติ แนะนำให้แอดมินเติมตารางสเปกเคมีใน Admin,4,2310.0,2590.0,3,0,1,0,กลุ่มลวดเชื่อม > เชื่อมสแตนเลส > เชื่อมอาร์กอน (TIG)
udo-1014,1014,ลวดเชื่อมอาร์กอนแสตนเลส KOBE TG-S309L,KOBE,welding_wire,WARNING_YELLOW,WARNING_NO_SPECS_TABLE,พร้อมขายปกติ แนะนำให้แอดมินเติมตารางสเปกเคมีใน Admin,3,3760.0,4120.0,3,0,1,0,กลุ่มลวดเชื่อม > เชื่อมสแตนเลส > เชื่อมอาร์กอน (TIG)
udo-1015,1015,ลวดเชื่อมอาร์กอนแสตนเลส KOBE TG-S316L,KOBE,welding_wire,WARNING_YELLOW,WARNING_NO_SPECS_TABLE,พร้อมขายปกติ แนะนำให้แอดมินเติมตารางสเปกเคมีใน Admin,3,4030.0,4330.0,3,0,1,0,กลุ่มลวดเชื่อม > เชื่อมสแตนเลส > เชื่อมอาร์กอน (TIG)
udo-1016,1016,ลวดเชื่อมอาร์กอนเหล็ก KOBE TG-S1CM (ER80S-G),KOBE,welding_wire,READY_GREEN,READY_FULL_SPECS,พร้อมขึ้นขายทันที สเปกวิศวกรรมครบถ้วน 100%,1,2180.0,2180.0,2,0,1,1,กลุ่มลวดเชื่อม > เชื่อมเหล็ก > เชื่อมอาร์กอน (TIG)
udo-1017,1017,ลวดเชื่อมอาร์กอนเหล็ก KOBE TG-S2CM (ER90S-G),KOBE,welding_wire,READY_GREEN,READY_FULL_SPECS,พร้อมขึ้นขายทันที สเปกวิศวกรรมครบถ้วน 100%,1,2440.0,2440.0,2,0,2,1,กลุ่มลวดเชื่อม > เชื่อมเหล็ก > เชื่อมอาร์กอน (TIG)
udo-1018,1018,ลวดเชื่อมมิกซีโอทู KOBE MG-51T,KOBE,welding_wire,WARNING_YELLOW,WARNING_NO_SPECS_TABLE,พร้อมขายปกติ แนะนำให้แอดมินเติมตารางสเปกเคมีใน Admin,5,1670.0,1730.0,2,0,2,0,กลุ่มลวดเชื่อม > เชื่อมเหล็ก > เชื่อมซีโอทู (MIG)
udo-1019,1019,ลวดเชื่อมมิกซีโอทู KOBE ARROW PACK MG-51T,KOBE,welding_wire,QUARANTINE_RED,QUARANTINE_PRICE_ZERO,กักกัน: ราคาสินค้าเป็น 0 บาท หรือไม่มีตัวเลือกราคา,5,0.0,0.0,2,0,5,2,กลุ่มลวดเชื่อม > เชื่อมเหล็ก > เชื่อมซีโอทู (MIG)
udo-1020,1020,ลวดเชื่อมมิกซีโอทู KOBE MG-50,KOBE,welding_wire,WARNING_YELLOW,WARNING_NO_SPECS_TABLE,พร้อมขายปกติ แนะนำให้แอดมินเติมตารางสเปกเคมีใน Admin,3,1750.0,1815.0,2,0,6,0,กลุ่มลวดเชื่อม > เชื่อมเหล็ก > เชื่อมซีโอทู (MIG)
udo-1021,1021,ลวดเชื่อมมิกซีโอทู KOBE ARROW PACK MG-50,KOBE,welding_wire,QUARANTINE_RED,QUARANTINE_PRICE_ZERO,กักกัน: ราคาสินค้าเป็น 0 บาท หรือไม่มีตัวเลือกราคา,3,0.0,0.0,2,0,5,0,กลุ่มลวดเชื่อม > เชื่อมเหล็ก > เชื่อมซีโอทู (MIG)
udo-1022,1022,ลวดเชื่อมฟลักซ์คอร์ไวร์ KOBE DW-100,KOBE,welding_wire,WARNING_YELLOW,WARNING_NO_SPECS_TABLE,พร้อมขายปกติ แนะนำให้แอดมินเติมตารางสเปกเคมีใน Admin,1,1200.0,1200.0,2,0,1,0,กลุ่มลวดเชื่อม > เชื่อมเหล็ก > เชื่อมฟลักซ์คอลล์ (FCW)
udo-1023,1023,ลวดเชื่อมไฟฟ้า NSSW FT-51,NSSW,welding_wire,WARNING_YELLOW,WARNING_NO_SPECS_TABLE,พร้อมขายปกติ แนะนำให้แอดมินเติมตารางสเปกเคมีใน Admin,3,250.0,250.0,3,0,2,0,กลุ่มลวดเชื่อม > เชื่อมเหล็ก > เชื่อมไฟฟ้า (MMA)
udo-1024,1024,ลวดเชื่อมไฟฟ้าสแตนเลส NSSW WELDREAM 308L-R,NSSW,welding_wire,WARNING_YELLOW,WARNING_NO_SPECS_TABLE,พร้อมขายปกติ แนะนำให้แอดมินเติมตารางสเปกเคมีใน Admin,2,690.0,700.0,2,0,3,0,กลุ่มลวดเชื่อม > เชื่อมสแตนเลส > เชื่อมไฟฟ้า (MMA)
udo-1026,1026,ลวดเชื่อมไฟฟ้าสแตนเลส NICHIA 308L,NICHIA,welding_wire,READY_GREEN,READY_FULL_SPECS,พร้อมขึ้นขายทันที สเปกวิศวกรรมครบถ้วน 100%,4,1590.0,1710.0,2,0,1,1,กลุ่มลวดเชื่อม > เชื่อมสแตนเลส > เชื่อมไฟฟ้า (MMA)
udo-1027,1027,ลวดเชื่อมอาร์กอนแม่พิมพ์ TIG NICHIA BKD 11R,NICHIA,welding_wire,READY_GREEN,READY_FULL_SPECS,พร้อมขึ้นขายทันที สเปกวิศวกรรมครบถ้วน 100%,4,4000.0,5400.0,2,0,2,1,กลุ่มลวดเชื่อม > เชื่อมวัสดุเกรดพิเศษ > เชื่อมแม่พิมพ์
udo-1028,1028,ลวดเชื่อมอาร์กอนแม่พิมพ์ TIG NICHIA BKD 61R,NICHIA,welding_wire,READY_GREEN,READY_FULL_SPECS,พร้อมขึ้นขายทันที สเปกวิศวกรรมครบถ้วน 100%,5,4400.0,6400.0,2,0,2,1,กลุ่มลวดเชื่อม > เชื่อมวัสดุเกรดพิเศษ > เชื่อมแม่พิมพ์
udo-1029,1029,ลวดเชื่อมไฟฟ้าอลูมิเนียม HILCO AlSi12,HILCO,welding_wire,READY_GREEN,READY_FULL_SPECS,พร้อมขึ้นขายทันที สเปกวิศวกรรมครบถ้วน 100%,2,3000.0,3100.0,2,0,1,1,กลุ่มลวดเชื่อม > เชื่อมอลูมิเนียม > เชื่อมไฟฟ้า (MMA)
udo-1030,1030,ลวดเชื่อมแก๊สอลูมิเนียมหุ้มฟลักซ์ HILCO,HILCO,welding_wire,READY_GREEN,READY_FULL_SPECS,พร้อมขึ้นขายทันที สเปกวิศวกรรมครบถ้วน 100%,1,1980.0,1980.0,2,0,1,1,กลุ่มลวดเชื่อม > เชื่อมอลูมิเนียม > เชื่อมแก๊ส (Brazing)
udo-1031,1031,ลวดเชื่อมทองเหลืองแก๊ส CHAMP,CHAMP,welding_wire,READY_GREEN,READY_FULL_SPECS,พร้อมขึ้นขายทันที สเปกวิศวกรรมครบถ้วน 100%,12,590.0,6200.0,2,0,1,1,กลุ่มลวดเชื่อม > เชื่อมทองเหลืองทองแดงและเงิน > เชื่อมแก๊ส (Brazing)
udo-1032,1032,ลวดเชื่อมเงิน 0% CHAMP (BCuP-2),CHAMP,welding_wire,WARNING_YELLOW,WARNING_NO_SPECS_TABLE,พร้อมขายปกติ แนะนำให้แอดมินเติมตารางสเปกเคมีใน Admin,3,800.0,800.0,3,0,2,0,กลุ่มลวดเชื่อม > เชื่อมทองเหลืองทองแดงและเงิน > เชื่อมแก๊ส (Brazing)
udo-1033,1033,ลวดเชื่อมเงิน 5% CHAMP,CHAMP,welding_wire,WARNING_YELLOW,WARNING_NO_SPECS_TABLE,พร้อมขายปกติ แนะนำให้แอดมินเติมตารางสเปกเคมีใน Admin,2,2200.0,2900.0,2,0,2,0,กลุ่มลวดเชื่อม > เชื่อมทองเหลืองทองแดงและเงิน > เชื่อมแก๊ส (Brazing)
udo-1034,1034,ลวดเชื่อมอาร์กอนอลูมิเนียม INDALCO 4043,INDALCO,welding_wire,QUARANTINE_RED,QUARANTINE_PRICE_ZERO,กักกัน: ราคาสินค้าเป็น 0 บาท หรือไม่มีตัวเลือกราคา,4,0.0,0.0,2,0,2,1,กลุ่มลวดเชื่อม > เชื่อมอลูมิเนียม > เชื่อมอาร์กอน (TIG)
udo-1035,1035,ลวดเชื่อมอาร์กอนอลูมิเนียม INDALCO 4047,INDALCO,welding_wire,QUARANTINE_RED,QUARANTINE_PRICE_ZERO,กักกัน: ราคาสินค้าเป็น 0 บาท หรือไม่มีตัวเลือกราคา,2,0.0,0.0,2,0,2,1,กลุ่มลวดเชื่อม > เชื่อมอลูมิเนียม > เชื่อมอาร์กอน (TIG)
udo-1036,1036,ลวดเชื่อมอาร์กอนอลูมิเนียม INDALCO 5356,INDALCO,welding_wire,QUARANTINE_RED,QUARANTINE_PRICE_ZERO,กักกัน: ราคาสินค้าเป็น 0 บาท หรือไม่มีตัวเลือกราคา,3,0.0,0.0,2,0,2,1,กลุ่มลวดเชื่อม > เชื่อมอลูมิเนียม > เชื่อมอาร์กอน (TIG)
udo-1037,1037,ลวดเชื่อมมิกอลูมิเนียม INDALCO 4043,INDALCO,welding_wire,READY_GREEN,READY_FULL_SPECS,พร้อมขึ้นขายทันที สเปกวิศวกรรมครบถ้วน 100%,1,3750.0,3750.0,2,0,1,1,กลุ่มลวดเชื่อม > เชื่อมอลูมิเนียม > เชื่อมซีโอทู (MIG)
udo-1038,1038,ลวดเชื่อมมิกอลูมิเนียม INDALCO 5356,INDALCO,welding_wire,READY_GREEN,READY_FULL_SPECS,พร้อมขึ้นขายทันที สเปกวิศวกรรมครบถ้วน 100%,2,3750.0,4000.0,2,0,1,1,กลุ่มลวดเชื่อม > เชื่อมอลูมิเนียม > เชื่อมซีโอทู (MIG)
udo-1039,1039,ลวดเชื่อมทังสเตน WT20 (หัวแดง) GASWORK (EWTh-2),GASWORK,welding_wire,READY_GREEN,READY_FULL_SPECS,พร้อมขึ้นขายทันที สเปกวิศวกรรมครบถ้วน 100%,3,650.0,2800.0,2,0,1,1,กลุ่มลวดเชื่อม > เชื่อมทังสเตน
udo-1040,1040,ลวดเชื่อมทังสเตน WP (หัวเขียว) GASWORK (EWP),GASWORK,welding_wire,READY_GREEN,READY_FULL_SPECS,พร้อมขึ้นขายทันที สเปกวิศวกรรมครบถ้วน 100%,3,650.0,2800.0,2,0,3,1,กลุ่มลวดเชื่อม > เชื่อมทังสเตน
udo-1041,1041,ลวดเชื่อมทังสเตน WL15 (หัวทอง) GASWORK (EWLa-1.5),GASWORK,welding_wire,READY_GREEN,READY_FULL_SPECS,พร้อมขึ้นขายทันที สเปกวิศวกรรมครบถ้วน 100%,3,700.0,2850.0,2,0,3,1,กลุ่มลวดเชื่อม > เชื่อมทังสเตน
udo-1042,1042,ลวดคาร์บอนด์เก๊าจ์จิ้ง CHAMP,CHAMP,welding_wire,READY_GREEN,READY_FULL_SPECS,พร้อมขึ้นขายทันที สเปกวิศวกรรมครบถ้วน 100%,8,4.5,12.0,2,0,1,1,กลุ่มลวดเชื่อม > เชื่อมตัดเซาะร่อง > เชื่อมไฟฟ้า (MMA)
udo-1043,1043,ลวดเชื่อมไฟฟ้า NIKKO SK-260,NIKKO,welding_wire,READY_GREEN,READY_FULL_SPECS,พร้อมขึ้นขายทันที สเปกวิศวกรรมครบถ้วน 100%,3,110.0,255.0,2,0,5,2,กลุ่มลวดเชื่อม > เชื่อมเหล็ก > เชื่อมไฟฟ้า (MMA)
udo-1044,1044,ลวดเชื่อมอาร์กอนคอปเปอร์-นิกเกิล HYUNDAI SMT-7030 (ERCuNi),HYUNDAI,welding_wire,READY_GREEN,READY_FULL_SPECS,พร้อมขึ้นขายทันที สเปกวิศวกรรมครบถ้วน 100%,1,1900.0,1900.0,2,0,3,1,กลุ่มลวดเชื่อม > เชื่อมวัสดุเกรดพิเศษ > เชื่อมอาร์กอน (TIG)
udo-1045,1045,ลวดเชื่อมอาร์กอนเหล็ก POWERWELD MC-70S-6,POWERWELD,welding_wire,READY_GREEN,READY_FULL_SPECS,พร้อมขึ้นขายทันที สเปกวิศวกรรมครบถ้วน 100%,5,600.0,1000.0,2,0,1,1,กลุ่มลวดเชื่อม > เชื่อมเหล็ก > เชื่อมอาร์กอน (TIG)
udo-1046,1046,ลวดเชื่อมฟลักซ์คอร์ไวร์  POWERWELD SELFSHIELD COREMAX-71GS,POWERWELD,welding_wire,READY_GREEN,READY_FULL_SPECS,พร้อมขึ้นขายทันที สเปกวิศวกรรมครบถ้วน 100%,1,740.0,740.0,2,0,3,1,กลุ่มลวดเชื่อม > เชื่อมเหล็ก > เชื่อมฟลักซ์คอลล์ (FCW)
udo-1047,1047,ใบตัดเหล็ก/สแตนเลส NKK (AWA46P) ขนาด 4 นิ้ว หนา 1.1 มม. (สีเขียว),NKK,abrasives,READY_GREEN,READY_FULL_SPECS,พร้อมขึ้นขายทันที สเปกวิศวกรรมครบถ้วน 100%,7,350.0,3250.0,5,0,2,1,"ใบตัดใบเจียร > ใบตัด > เหล็ก, สแตนเลส"
udo-1048,1048,ใบตัดเหล็ก/สแตนเลส NKK (AWA36P) ขนาด 4 นิ้ว หนา 1.1 มม. (สีดำ),NKK,abrasives,READY_GREEN,READY_FULL_SPECS,พร้อมขึ้นขายทันที สเปกวิศวกรรมครบถ้วน 100%,2,400.0,3550.0,5,0,1,1,"ใบตัดใบเจียร > ใบตัด > เหล็ก, สแตนเลส"
udo-1049,1049,ใบตัดเหล็ก/สแตนเลส SUPERCUT NKK (AWA80P) ขนาด 4 นิ้ว หนา 1.1 มม.,NKK,abrasives,READY_GREEN,READY_FULL_SPECS,พร้อมขึ้นขายทันที สเปกวิศวกรรมครบถ้วน 100%,2,320.0,2850.0,5,0,1,1,"ใบตัดใบเจียร > ใบตัด > เหล็ก, สแตนเลส"
udo-1050,1050,ใบตัดเหล็ก NKK (A36P) ขนาด 4 นิ้ว หนา 1.8 มม.,NKK,abrasives,READY_GREEN,READY_FULL_SPECS,พร้อมขึ้นขายทันที สเปกวิศวกรรมครบถ้วน 100%,2,520.0,4550.0,4,0,1,2,ใบตัดใบเจียร > ใบตัด > เหล็ก
udo-1051,1051,ใบตัดเหล็ก NKK (A36P) ขนาด 5 นิ้ว หนา 2 มม.,NKK,abrasives,READY_GREEN,READY_FULL_SPECS,พร้อมขึ้นขายทันที สเปกวิศวกรรมครบถ้วน 100%,2,825.0,3150.0,4,0,1,2,ใบตัดใบเจียร > ใบตัด > เหล็ก
udo-1052,1052,ใบตัดเหล็ก NKK (A36P) ขนาด 7 นิ้ว หนา 2 มม.,NKK,abrasives,READY_GREEN,READY_FULL_SPECS,พร้อมขึ้นขายทันที สเปกวิศวกรรมครบถ้วน 100%,2,1100.0,4120.0,4,0,1,2,ใบตัดใบเจียร > ใบตัด > เหล็ก
udo-1053,1053,ใบตัดเหล็ก NKK (A30P) 12 นิ้ว,NKK,abrasives,READY_GREEN,READY_FULL_SPECS,พร้อมขึ้นขายทันที สเปกวิศวกรรมครบถ้วน 100%,1,54.0,54.0,4,0,2,2,ใบตัดใบเจียร > ใบตัด > เหล็ก
udo-1054,1054,ใบตัดเหล็ก 14 นิ้ว NKK (A30P) 14 นิ้ว,NKK,abrasives,READY_GREEN,READY_FULL_SPECS,พร้อมขึ้นขายทันที สเปกวิศวกรรมครบถ้วน 100%,7,65.0,1480.0,4,0,4,2,ใบตัดใบเจียร > ใบตัด > เหล็ก
udo-1055,1055,ใบตัดเหล็ก NKK (A30P) 16 นิ้ว,NKK,abrasives,READY_GREEN,READY_FULL_SPECS,พร้อมขึ้นขายทันที สเปกวิศวกรรมครบถ้วน 100%,2,77.0,1780.0,4,0,2,2,ใบตัดใบเจียร > ใบตัด > เหล็ก
udo-1056,1056,ใบตัดแสตนเลส NKK (AWA46P) 4 นิ้ว (สีเขียว),NKK,abrasives,READY_GREEN,READY_FULL_SPECS,พร้อมขึ้นขายทันที สเปกวิศวกรรมครบถ้วน 100%,1,11.0,11.0,5,0,3,1,ใบตัดใบเจียร > ใบตัด > สแตนเลส
udo-1057,1057,ใบตัดแสตนเลส NKK (AWA46P) 4 นิ้ว (สีแดง),NKK,abrasives,READY_GREEN,READY_FULL_SPECS,พร้อมขึ้นขายทันที สเปกวิศวกรรมครบถ้วน 100%,1,11.0,11.0,5,0,1,1,ใบตัดใบเจียร > ใบตัด > สแตนเลส
udo-1058,1058,ใบตัดแสตนเลส NKK (WA80P) 4 นิ้ว หนา 2 มม.,NKK,abrasives,READY_GREEN,READY_FULL_SPECS,พร้อมขึ้นขายทันที สเปกวิศวกรรมครบถ้วน 100%,2,610.0,5750.0,5,0,1,1,ใบตัดใบเจียร > ใบตัด > สแตนเลส
udo-1059,1059,ใบตัดแสตนเลส NKK (WA80P) 7 นิ้ว หนา 2 มม.,NKK,abrasives,READY_GREEN,READY_FULL_SPECS,พร้อมขึ้นขายทันที สเปกวิศวกรรมครบถ้วน 100%,2,1350.0,5100.0,5,0,1,1,ใบตัดใบเจียร > ใบตัด > สแตนเลส
udo-1060,1060,ใบตัดแสตนเลส NKK (WA30P) ขนาด 14 นิ้ว,NKK,abrasives,READY_GREEN,READY_FULL_SPECS,พร้อมขึ้นขายทันที สเปกวิศวกรรมครบถ้วน 100%,1,1690.0,1690.0,5,0,2,1,ใบตัดใบเจียร > ใบตัด > สแตนเลส
udo-1061,1061,ใบตัดแสตนเลส NKK (WA30P) ขนาด 16 นิ้ว,NKK,abrasives,READY_GREEN,READY_FULL_SPECS,พร้อมขึ้นขายทันที สเปกวิศวกรรมครบถ้วน 100%,1,1940.0,1940.0,5,0,2,1,ใบตัดใบเจียร > ใบตัด > สแตนเลส
udo-1062,1062,"แผ่นเจียรเหล็กบาง NKK (AC60) 4""X2 mm.",NKK,abrasives,READY_GREEN,READY_FULL_SPECS,พร้อมขึ้นขายทันที สเปกวิศวกรรมครบถ้วน 100%,6,550.0,3300.0,5,0,4,1,ใบตัดใบเจียร > ใบเจียร > เหล็ก
udo-1063,1063,"แผ่นเจียรเหล็กบาง NKK (AC60) 5""X2 mm.",NKK,abrasives,READY_GREEN,READY_FULL_SPECS,พร้อมขึ้นขายทันที สเปกวิศวกรรมครบถ้วน 100%,1,430.0,430.0,5,0,2,1,ใบตัดใบเจียร > ใบเจียร > เหล็ก
udo-1064,1064,"แผ่นเจียรเหล็กบาง NKK (AC60) 7""X2 mm.",NKK,abrasives,READY_GREEN,READY_FULL_SPECS,พร้อมขึ้นขายทันที สเปกวิศวกรรมครบถ้วน 100%,1,1325.0,1325.0,5,0,2,1,ใบตัดใบเจียร > ใบเจียร > เหล็ก
udo-1065,1065,"แผ่นเจียรเหล็กหนา NKK (A24R) 4""X4 mm.",NKK,abrasives,READY_GREEN,READY_FULL_SPECS,พร้อมขึ้นขายทันที สเปกวิศวกรรมครบถ้วน 100%,1,280.0,280.0,4,0,2,1,ใบตัดใบเจียร > ใบเจียร > เหล็ก
udo-1066,1066,"แผ่นเจียรเหล็กหนา NKK (A24R) 4""X6 mm.",NKK,abrasives,READY_GREEN,READY_FULL_SPECS,พร้อมขึ้นขายทันที สเปกวิศวกรรมครบถ้วน 100%,6,280.0,1880.0,4,0,4,1,ใบตัดใบเจียร > ใบเจียร > เหล็ก
udo-1067,1067,"แผ่นเจียรเหล็กหนา NKK (A24R) 5""X6 mm.",NKK,abrasives,READY_GREEN,READY_FULL_SPECS,พร้อมขึ้นขายทันที สเปกวิศวกรรมครบถ้วน 100%,1,510.0,510.0,4,0,2,1,ใบตัดใบเจียร > ใบเจียร > เหล็ก
udo-1068,1068,"แผ่นเจียรเหล็กหนา NKK (A24R) 6""X6 mm.",NKK,abrasives,READY_GREEN,READY_FULL_SPECS,พร้อมขึ้นขายทันที สเปกวิศวกรรมครบถ้วน 100%,1,755.0,755.0,4,0,2,1,ใบตัดใบเจียร > ใบเจียร > เหล็ก
udo-1069,1069,"แผ่นเจียรเหล็กหนา NKK (A24R) 7""X6 mm.",NKK,abrasives,READY_GREEN,READY_FULL_SPECS,พร้อมขึ้นขายทันที สเปกวิศวกรรมครบถ้วน 100%,3,800.0,1415.0,4,0,3,1,ใบตัดใบเจียร > ใบเจียร > เหล็ก
udo-1070,1070,"แผ่นเจียรเหล็กหนา NKK (A24R) 9""X6 mm.",NKK,abrasives,READY_GREEN,READY_FULL_SPECS,พร้อมขึ้นขายทันที สเปกวิศวกรรมครบถ้วน 100%,1,1650.0,1650.0,4,0,2,1,ใบตัดใบเจียร > ใบเจียร > เหล็ก
udo-1071,1071,"แผ่นเจียรแสตนเลส NKK (WA80) 4""X2 mm.",NKK,abrasives,READY_GREEN,READY_FULL_SPECS,พร้อมขึ้นขายทันที สเปกวิศวกรรมครบถ้วน 100%,1,14.0,14.0,5,0,1,1,ใบตัดใบเจียร > ใบเจียร > สแตนเลส
udo-1072,1072,"แผ่นเจียรแสตนเลส NKK (WA80) 4""X6 mm.",NKK,abrasives,READY_GREEN,READY_FULL_SPECS,พร้อมขึ้นขายทันที สเปกวิศวกรรมครบถ้วน 100%,1,17.0,17.0,5,0,1,1,ใบตัดใบเจียร > ใบเจียร > สแตนเลส
udo-1073,1073,"แผ่นเจียรแสตนเลส NKK (WA80) 7""X2 mm.",NKK,abrasives,READY_GREEN,READY_FULL_SPECS,พร้อมขึ้นขายทันที สเปกวิศวกรรมครบถ้วน 100%,1,31.0,31.0,5,0,2,1,ใบตัดใบเจียร > ใบเจียร > สแตนเลส
udo-1074,1074,"แผ่นเจียรแสตนเลส NKK (WA80) 7""X6 mm.",NKK,abrasives,READY_GREEN,READY_FULL_SPECS,พร้อมขึ้นขายทันที สเปกวิศวกรรมครบถ้วน 100%,1,36.0,36.0,5,0,2,1,ใบตัดใบเจียร > ใบเจียร > สแตนเลส
udo-1075,1075,"แผ่นเจียรแสตนเลส NKK (WA80) 9""X6 mm.",NKK,abrasives,READY_GREEN,READY_FULL_SPECS,พร้อมขึ้นขายทันที สเปกวิศวกรรมครบถ้วน 100%,1,69.0,69.0,5,0,3,1,ใบตัดใบเจียร > ใบเจียร > สแตนเลส
udo-1076,1076,แผ่นเจียรกระจก NKK (GC60),NKK,abrasives,READY_GREEN,READY_FULL_SPECS,พร้อมขึ้นขายทันที สเปกวิศวกรรมครบถ้วน 100%,1,19.0,19.0,5,0,1,1,ใบตัดใบเจียร > ใบเจียร > กระจก
udo-1077,1077,แผ่นเจียรกระจก NKK (GC80),NKK,abrasives,READY_GREEN,READY_FULL_SPECS,พร้อมขึ้นขายทันที สเปกวิศวกรรมครบถ้วน 100%,1,19.0,19.0,5,0,1,1,ใบตัดใบเจียร > ใบเจียร > กระจก
udo-1078,1078,แผ่นเจียรกระจก NKK (GC120),NKK,abrasives,READY_GREEN,READY_FULL_SPECS,พร้อมขึ้นขายทันที สเปกวิศวกรรมครบถ้วน 100%,1,19.0,19.0,5,0,1,1,ใบตัดใบเจียร > ใบเจียร > กระจก
udo-1079,1079,จานทรายหลังอ่อน NKK เบอร์ 40,NKK,abrasives,READY_GREEN,READY_FULL_SPECS,พร้อมขึ้นขายทันที สเปกวิศวกรรมครบถ้วน 100%,1,25.0,25.0,5,0,3,1,ใบตัดใบเจียร > จานทราย > หลังอ่อน
udo-1080,1080,จานทรายหลังอ่อน NKK  เบอร์ 60,NKK,abrasives,READY_GREEN,READY_FULL_SPECS,พร้อมขึ้นขายทันที สเปกวิศวกรรมครบถ้วน 100%,1,25.0,25.0,5,0,3,1,ใบตัดใบเจียร > จานทราย > หลังอ่อน
udo-1081,1081,จานทรายหลังอ่อน NKK เบอร์ 80,NKK,abrasives,READY_GREEN,READY_FULL_SPECS,พร้อมขึ้นขายทันที สเปกวิศวกรรมครบถ้วน 100%,1,25.0,25.0,5,0,3,1,ใบตัดใบเจียร > จานทราย > หลังอ่อน
udo-1082,1082,จานทรายหลังอ่อน NKK เบอร์ 100,NKK,abrasives,READY_GREEN,READY_FULL_SPECS,พร้อมขึ้นขายทันที สเปกวิศวกรรมครบถ้วน 100%,1,25.0,25.0,5,0,3,1,ใบตัดใบเจียร > จานทราย > หลังอ่อน
udo-1083,1083,จานทรายหลังอ่อน NKK เบอร์ 120,NKK,abrasives,READY_GREEN,READY_FULL_SPECS,พร้อมขึ้นขายทันที สเปกวิศวกรรมครบถ้วน 100%,1,25.0,25.0,5,0,3,1,ใบตัดใบเจียร > จานทราย > หลังอ่อน
udo-1084,1084,จานทรายหลังอ่อน NKK เบอร์ 180,NKK,abrasives,READY_GREEN,READY_FULL_SPECS,พร้อมขึ้นขายทันที สเปกวิศวกรรมครบถ้วน 100%,1,25.0,25.0,5,0,3,1,ใบตัดใบเจียร > จานทราย > หลังอ่อน
udo-1085,1085,จานทรายหลังอ่อน NKK เบอร์ 240,NKK,abrasives,READY_GREEN,READY_FULL_SPECS,พร้อมขึ้นขายทันที สเปกวิศวกรรมครบถ้วน 100%,1,25.0,25.0,5,0,3,1,ใบตัดใบเจียร > จานทราย > หลังอ่อน
udo-1086,1086,จานทรายหลังอ่อน NKK  เบอร์ 320,NKK,abrasives,READY_GREEN,READY_FULL_SPECS,พร้อมขึ้นขายทันที สเปกวิศวกรรมครบถ้วน 100%,1,25.0,25.0,5,0,3,1,ใบตัดใบเจียร > จานทราย > หลังอ่อน
udo-1087,1087,จานทรายหลังอ่อน NKK เบอร์ 40 (ผ้าเกาหลี KMCA),NKK,abrasives,READY_GREEN,READY_FULL_SPECS,พร้อมขึ้นขายทันที สเปกวิศวกรรมครบถ้วน 100%,1,48.0,48.0,5,0,3,1,ใบตัดใบเจียร > จานทราย > หลังอ่อน
udo-1088,1088,จานทรายหลังอ่อน NKK เบอร์ 60 (ผ้าเกาหลี KMCA),NKK,abrasives,READY_GREEN,READY_FULL_SPECS,พร้อมขึ้นขายทันที สเปกวิศวกรรมครบถ้วน 100%,1,48.0,48.0,5,0,3,1,ใบตัดใบเจียร > จานทราย > หลังอ่อน
udo-1089,1089,จานทรายหลังอ่อน NKK เบอร์ 80 (ผ้าเกาหลี KMCA),NKK,abrasives,READY_GREEN,READY_FULL_SPECS,พร้อมขึ้นขายทันที สเปกวิศวกรรมครบถ้วน 100%,1,48.0,48.0,5,0,5,1,ใบตัดใบเจียร > จานทราย > หลังอ่อน
udo-1090,1090,จานทรายหลังอ่อน NKK เบอร์ 100 (ผ้าเกาหลี KMCA),NKK,abrasives,READY_GREEN,READY_FULL_SPECS,พร้อมขึ้นขายทันที สเปกวิศวกรรมครบถ้วน 100%,1,48.0,48.0,5,0,3,1,ใบตัดใบเจียร > จานทราย > หลังอ่อน
udo-1091,1091,จานทรายหลังอ่อน NKK เบอร์ 120 (ผ้าเกาหลี KMCA),NKK,abrasives,READY_GREEN,READY_FULL_SPECS,พร้อมขึ้นขายทันที สเปกวิศวกรรมครบถ้วน 100%,1,48.0,48.0,5,0,3,1,ใบตัดใบเจียร > จานทราย > หลังอ่อน
udo-1092,1092,จานทรายหลังอ่อน NKK เบอร์ 180 (ผ้าเกาหลี KMCA),NKK,abrasives,READY_GREEN,READY_FULL_SPECS,พร้อมขึ้นขายทันที สเปกวิศวกรรมครบถ้วน 100%,1,48.0,48.0,5,0,3,1,ใบตัดใบเจียร > จานทราย > หลังอ่อน
udo-1093,1093,จานทรายหลังอ่อน NKK เบอร์ 240 (ผ้าเกาหลี KMCA),NKK,abrasives,READY_GREEN,READY_FULL_SPECS,พร้อมขึ้นขายทันที สเปกวิศวกรรมครบถ้วน 100%,1,48.0,48.0,5,0,3,1,ใบตัดใบเจียร > จานทราย > หลังอ่อน
udo-1094,1094,จานทรายหลังอ่อน NKK เบอร์ 320 (ผ้าเกาหลี KMCA),NKK,abrasives,READY_GREEN,READY_FULL_SPECS,พร้อมขึ้นขายทันที สเปกวิศวกรรมครบถ้วน 100%,1,48.0,48.0,5,0,3,1,ใบตัดใบเจียร > จานทราย > หลังอ่อน
udo-1095,1095,จานทรายหลังอ่อน NKK เบอร์ 400 (ผ้าเกาหลี KMCA),NKK,abrasives,READY_GREEN,READY_FULL_SPECS,พร้อมขึ้นขายทันที สเปกวิศวกรรมครบถ้วน 100%,1,48.0,48.0,5,0,3,1,ใบตัดใบเจียร > จานทราย > หลังอ่อน
udo-1096,1096,จานทรายหลังแข็ง NKK เบอร์ 40,NKK,abrasives,READY_GREEN,READY_FULL_SPECS,พร้อมขึ้นขายทันที สเปกวิศวกรรมครบถ้วน 100%,2,180.0,1620.0,5,0,3,1,ใบตัดใบเจียร > จานทราย > หลังแข็ง
udo-1097,1097,จานทรายหลังแข็ง NKK เบอร์ 60,NKK,abrasives,READY_GREEN,READY_FULL_SPECS,พร้อมขึ้นขายทันที สเปกวิศวกรรมครบถ้วน 100%,2,180.0,1620.0,5,0,5,1,ใบตัดใบเจียร > จานทราย > หลังแข็ง
udo-1098,1098,จานทรายหลังแข็ง NKK เบอร์ 80,NKK,abrasives,READY_GREEN,READY_FULL_SPECS,พร้อมขึ้นขายทันที สเปกวิศวกรรมครบถ้วน 100%,2,180.0,1620.0,5,0,3,1,ใบตัดใบเจียร > จานทราย > หลังแข็ง
udo-1099,1099,จานทรายหลังแข็ง NKK เบอร์ 100,NKK,abrasives,READY_GREEN,READY_FULL_SPECS,พร้อมขึ้นขายทันที สเปกวิศวกรรมครบถ้วน 100%,1,18.0,18.0,5,0,3,1,ใบตัดใบเจียร > จานทราย > หลังแข็ง
udo-1100,1100,จานทรายหลังแข็ง NKK เบอร์ 120,NKK,abrasives,READY_GREEN,READY_FULL_SPECS,พร้อมขึ้นขายทันที สเปกวิศวกรรมครบถ้วน 100%,1,18.0,18.0,5,0,3,1,ใบตัดใบเจียร > จานทราย > หลังแข็ง
udo-1101,1101,จานทรายหลังแข็ง NKK เบอร์ 40 (ผ้าเกาหลี KMCA),NKK,abrasives,READY_GREEN,READY_FULL_SPECS,พร้อมขึ้นขายทันที สเปกวิศวกรรมครบถ้วน 100%,1,48.0,48.0,5,0,3,1,ใบตัดใบเจียร > จานทราย > หลังแข็ง
udo-1102,1102,จานทรายหลังแข็ง NKK เบอร์ 60 (ผ้าเกาหลี KMCA),NKK,abrasives,READY_GREEN,READY_FULL_SPECS,พร้อมขึ้นขายทันที สเปกวิศวกรรมครบถ้วน 100%,1,48.0,48.0,5,0,3,1,ใบตัดใบเจียร > จานทราย > หลังแข็ง
udo-1103,1103,จานทรายหลังแข็ง NKK เบอร์ 80 (ผ้าเกาหลี KMCA),NKK,abrasives,READY_GREEN,READY_FULL_SPECS,พร้อมขึ้นขายทันที สเปกวิศวกรรมครบถ้วน 100%,1,48.0,48.0,5,0,3,1,ใบตัดใบเจียร > จานทราย > หลังแข็ง
udo-1104,1104,จานทรายหลังแข็ง NKK เบอร์ 100 (ผ้าเกาหลี KMCA),NKK,abrasives,READY_GREEN,READY_FULL_SPECS,พร้อมขึ้นขายทันที สเปกวิศวกรรมครบถ้วน 100%,1,48.0,48.0,5,0,3,1,ใบตัดใบเจียร > จานทราย > หลังแข็ง
udo-1105,1105,จานทรายหลังแข็ง NKK เบอร์ 120 (ผ้าเกาหลี KMCA),NKK,abrasives,READY_GREEN,READY_FULL_SPECS,พร้อมขึ้นขายทันที สเปกวิศวกรรมครบถ้วน 100%,1,48.0,48.0,5,0,3,1,ใบตัดใบเจียร > จานทราย > หลังแข็ง
udo-1106,1106,จานทรายหลังแข็ง NKK เบอร์ 180 (ผ้าเกาหลี KMCA),NKK,abrasives,READY_GREEN,READY_FULL_SPECS,พร้อมขึ้นขายทันที สเปกวิศวกรรมครบถ้วน 100%,1,48.0,48.0,5,0,3,1,ใบตัดใบเจียร > จานทราย > หลังแข็ง
udo-1107,1107,จานทรายหลังแข็ง NKK เบอร์ 240 (ผ้าเกาหลี KMCA),NKK,abrasives,READY_GREEN,READY_FULL_SPECS,พร้อมขึ้นขายทันที สเปกวิศวกรรมครบถ้วน 100%,1,48.0,48.0,5,0,3,1,ใบตัดใบเจียร > จานทราย > หลังแข็ง
udo-1108,1108,จานทรายหลังแข็ง NKK เบอร์ 320 (ผ้าเกาหลี KMCA),NKK,abrasives,READY_GREEN,READY_FULL_SPECS,พร้อมขึ้นขายทันที สเปกวิศวกรรมครบถ้วน 100%,1,48.0,48.0,5,0,3,1,ใบตัดใบเจียร > จานทราย > หลังแข็ง
udo-1109,1109,จานทรายหลังแข็ง NKK เบอร์ 400 (ผ้าเกาหลี KMCA),NKK,abrasives,READY_GREEN,READY_FULL_SPECS,พร้อมขึ้นขายทันที สเปกวิศวกรรมครบถ้วน 100%,1,48.0,48.0,5,0,3,1,ใบตัดใบเจียร > จานทราย > หลังแข็ง
udo-1110,1110,ล้อทรายมีแกน NKK ขนาด (25x25mm.),NKK,abrasives,READY_GREEN,READY_FULL_SPECS,พร้อมขึ้นขายทันที สเปกวิศวกรรมครบถ้วน 100%,9,520.0,600.0,4,0,6,1,ใบตัดใบเจียร > ล้อทราย > มีแกน
udo-1113,1113,ล้อทรายมีแกน NKK ขนาด (30x25mm.),NKK,abrasives,READY_GREEN,READY_FULL_SPECS,พร้อมขึ้นขายทันที สเปกวิศวกรรมครบถ้วน 100%,9,550.0,680.0,4,0,6,1,ใบตัดใบเจียร > ล้อทราย > มีแกน
udo-1116,1116,ล้อทรายมีแกน NKK ขนาด (40x25mm.),NKK,abrasives,READY_GREEN,READY_FULL_SPECS,พร้อมขึ้นขายทันที สเปกวิศวกรรมครบถ้วน 100%,9,600.0,730.0,4,0,6,1,ใบตัดใบเจียร > ล้อทราย > มีแกน
udo-1119,1119,ล้อทรายมีแกน NKK ขนาด (50x25mm.),NKK,abrasives,READY_GREEN,READY_FULL_SPECS,พร้อมขึ้นขายทันที สเปกวิศวกรรมครบถ้วน 100%,9,680.0,760.0,4,0,6,1,ใบตัดใบเจียร > ล้อทราย > มีแกน
udo-1122,1122,ชุดตัดแก๊ส CHAMP 62-3 (AC),CHAMP,gas_equipment,READY_GREEN,READY_FULL_SPECS,พร้อมขึ้นขายทันที สเปกวิศวกรรมครบถ้วน 100%,1,2190.0,2190.0,5,0,1,1,อุปกรณ์เชื่อมตัดเผาแก๊ส > ตัดแก๊ส
udo-1123,1123,ชุดตัดแก๊ส CHAMP 62-3F LPG,CHAMP,gas_equipment,READY_GREEN,READY_FULL_SPECS,พร้อมขึ้นขายทันที สเปกวิศวกรรมครบถ้วน 100%,1,2090.0,2090.0,5,0,1,1,อุปกรณ์เชื่อมตัดเผาแก๊ส > ตัดแก๊ส
udo-1124,1124,ชุดตัดแก๊ส CHAMP 62-3FL-90 (LPG) หัวงอ 90 องศา ด้ามยาว 1000 มม.,CHAMP,gas_equipment,READY_GREEN,READY_FULL_SPECS,พร้อมขึ้นขายทันที สเปกวิศวกรรมครบถ้วน 100%,1,4200.0,4200.0,5,0,4,1,อุปกรณ์เชื่อมตัดเผาแก๊ส > ตัดแก๊ส
udo-1127,1127,นมหนูหัวตัด CHAMP 6290 AC,CHAMP,gas_equipment,READY_GREEN,READY_FULL_SPECS,พร้อมขึ้นขายทันที สเปกวิศวกรรมครบถ้วน 100%,9,105.0,135.0,5,0,4,1,อุปกรณ์เชื่อมตัดเผาแก๊ส > ตัดแก๊ส
udo-1134,1134,นมหนูหัวตัด CHAMP 6290NX LPG,CHAMP,gas_equipment,READY_GREEN,READY_FULL_SPECS,พร้อมขึ้นขายทันที สเปกวิศวกรรมครบถ้วน 100%,11,65.0,120.0,5,0,4,1,อุปกรณ์เชื่อมตัดเผาแก๊ส > ตัดแก๊ส
udo-1140,1140,สายลมคู่ CHAMP 400 PSI (ดำ-แดง),CHAMP,gas_equipment,READY_GREEN,READY_FULL_SPECS,พร้อมขึ้นขายทันที สเปกวิศวกรรมครบถ้วน 100%,2,80.0,6400.0,5,0,1,1,อุปกรณ์เชื่อมตัดเผาแก๊ส > อุปกรณ์เสริม
udo-1141,1141,เกจ์ปรับแรงดันไฮเพรสเชอร์ก๊าซไนโตรเจน CHAMP 203-50M-N2,CHAMP,gas_equipment,READY_GREEN,READY_FULL_SPECS,พร้อมขึ้นขายทันที สเปกวิศวกรรมครบถ้วน 100%,1,2700.0,2700.0,5,0,4,1,อุปกรณ์เชื่อมตัดเผาแก๊ส > เกจ์ปรับแรงดันแก๊ส > ไนโตรเจน (N2)
udo-1142,1142,เกจ์ปรับแรงดัน CHAMP ก๊าซอาซิทีลีน รุ่น 25 (25-1.5M-AC),CHAMP,gas_equipment,READY_GREEN,READY_FULL_SPECS,พร้อมขึ้นขายทันที สเปกวิศวกรรมครบถ้วน 100%,1,1250.0,1250.0,5,0,1,1,อุปกรณ์เชื่อมตัดเผาแก๊ส > เกจ์ปรับแรงดันแก๊ส > อาซิทีลีน (AC)
udo-1143,1143,เกจ์ปรับแรงดัน CHAMP ก๊าซโพเพน รุ่น 25 (25-3.5M-LP),CHAMP,gas_equipment,READY_GREEN,READY_FULL_SPECS,พร้อมขึ้นขายทันที สเปกวิศวกรรมครบถ้วน 100%,1,1250.0,1250.0,5,0,1,1,อุปกรณ์เชื่อมตัดเผาแก๊ส > เกจ์ปรับแรงดันแก๊ส > โพเพน (LPG)
udo-1144,1144,เกจ์ปรับแรงดัน CHAMP ก๊าซไนโตรเจน รุ่น 25 (25-15M-N2),CHAMP,gas_equipment,READY_GREEN,READY_FULL_SPECS,พร้อมขึ้นขายทันที สเปกวิศวกรรมครบถ้วน 100%,1,1250.0,1250.0,5,0,1,1,อุปกรณ์เชื่อมตัดเผาแก๊ส > เกจ์ปรับแรงดันแก๊ส > ไนโตรเจน (N2)
udo-1145,1145,เกจ์ปรับแรงดัน CHAMP ก๊าซอ๊อกซิเย่น รุ่น 25 (25-15M-OX),CHAMP,gas_equipment,READY_GREEN,READY_FULL_SPECS,พร้อมขึ้นขายทันที สเปกวิศวกรรมครบถ้วน 100%,1,1250.0,1250.0,5,0,1,1,อุปกรณ์เชื่อมตัดเผาแก๊ส > เกจ์ปรับแรงดันแก๊ส > อ๊อกซิเย่น (O2)
udo-1146,1146,เกจ์ปรับแรงดัน CHAMP ก๊าซอาร์ก้อน รุ่น 25-25FL,CHAMP,gas_equipment,READY_GREEN,READY_FULL_SPECS,พร้อมขึ้นขายทันที สเปกวิศวกรรมครบถ้วน 100%,1,1050.0,1050.0,5,0,1,1,อุปกรณ์เชื่อมตัดเผาแก๊ส > เกจ์ปรับแรงดันแก๊ส > อาร์กอน (AR)
udo-1147,1147,เกจ์วัดความดันก๊าซอาซิทีลีน CHAMP (76-1.4M-AC),CHAMP,gas_equipment,READY_GREEN,READY_FULL_SPECS,พร้อมขึ้นขายทันที สเปกวิศวกรรมครบถ้วน 100%,1,740.0,740.0,5,0,1,1,อุปกรณ์เชื่อมตัดเผาแก๊ส > เกจ์ปรับแรงดันแก๊ส > อาซิทีลีน (AC)
udo-1148,1148,เกจ์วัดความดันก๊าซโพเพน CHAMP (76-3.5M-LP),CHAMP,gas_equipment,READY_GREEN,READY_FULL_SPECS,พร้อมขึ้นขายทันที สเปกวิศวกรรมครบถ้วน 100%,1,740.0,740.0,5,0,1,1,อุปกรณ์เชื่อมตัดเผาแก๊ส > เกจ์ปรับแรงดันแก๊ส > โพเพน (LPG)
udo-1149,1149,เกจ์ปรับความดันก๊าซไนโตรเจน CHAMP (76-10M-N2),CHAMP,gas_equipment,READY_GREEN,READY_FULL_SPECS,พร้อมขึ้นขายทันที สเปกวิศวกรรมครบถ้วน 100%,1,740.0,740.0,5,0,1,1,อุปกรณ์เชื่อมตัดเผาแก๊ส > เกจ์ปรับแรงดันแก๊ส > ไนโตรเจน (N2)
udo-1150,1150,เกจ์วัดความดันก๊าซอ๊อกซิเย่น CHAMP (76-10M-OX),CHAMP,gas_equipment,READY_GREEN,READY_FULL_SPECS,พร้อมขึ้นขายทันที สเปกวิศวกรรมครบถ้วน 100%,1,740.0,740.0,5,0,1,1,อุปกรณ์เชื่อมตัดเผาแก๊ส > เกจ์ปรับแรงดันแก๊ส > อ๊อกซิเย่น (O2)
udo-1151,1151,เกจ์วัดความดันก๊าซอาร์ก้อน CHAMP,CHAMP,gas_equipment,READY_GREEN,READY_FULL_SPECS,พร้อมขึ้นขายทันที สเปกวิศวกรรมครบถ้วน 100%,1,540.0,540.0,5,0,1,0,อุปกรณ์เชื่อมตัดเผาแก๊ส > เกจ์ปรับแรงดันแก๊ส > อาร์กอน (AR)
udo-1152,1152,เกจ์วัดความดันก๊าซคาร์บอนไดร์อ๊อกไซด์ CHAMP,CHAMP,gas_equipment,READY_GREEN,READY_FULL_SPECS,พร้อมขึ้นขายทันที สเปกวิศวกรรมครบถ้วน 100%,1,600.0,600.0,5,0,1,0,อุปกรณ์เชื่อมตัดเผาแก๊ส > เกจ์ปรับแรงดันแก๊ส > คาร์บอนไดร์อ๊อกไซด์ (CO2)
udo-1153,1153,เกจ์เดี่ยววัดความดัน CHAMP ก๊าซอ๊อกซิเย่น รุ่น 25 (0-315 บาร์),CHAMP,gas_equipment,READY_GREEN,READY_FULL_SPECS,พร้อมขึ้นขายทันที สเปกวิศวกรรมครบถ้วน 100%,1,250.0,250.0,5,0,3,1,อุปกรณ์เชื่อมตัดเผาแก๊ส > เกจ์ปรับแรงดันแก๊ส > อ๊อกซิเย่น (O2)
udo-1154,1154,เกจ์เดี่ยววัดความดัน CHAMP ก๊าซอ๊อกซิเย่น รุ่น 25 (0-25 บาร์),CHAMP,gas_equipment,READY_GREEN,READY_FULL_SPECS,พร้อมขึ้นขายทันที สเปกวิศวกรรมครบถ้วน 100%,1,250.0,250.0,5,0,3,1,อุปกรณ์เชื่อมตัดเผาแก๊ส > เกจ์ปรับแรงดันแก๊ส > อ๊อกซิเย่น (O2)
udo-1155,1155,เกจ์เดี่ยววัดความดัน CHAMP ก๊าซไนโตรเจน รุ่น 25 (0-315 บาร์),CHAMP,gas_equipment,READY_GREEN,READY_FULL_SPECS,พร้อมขึ้นขายทันที สเปกวิศวกรรมครบถ้วน 100%,1,250.0,250.0,5,0,3,1,อุปกรณ์เชื่อมตัดเผาแก๊ส > เกจ์ปรับแรงดันแก๊ส > ไนโตรเจน (N2)
udo-1156,1156,เกจ์เดี่ยววัดความดัน CHAMP ก๊าซไนโตรเจน รุ่น 25 (0-25 บาร์),CHAMP,gas_equipment,READY_GREEN,READY_FULL_SPECS,พร้อมขึ้นขายทันที สเปกวิศวกรรมครบถ้วน 100%,1,250.0,250.0,5,0,3,1,อุปกรณ์เชื่อมตัดเผาแก๊ส > เกจ์ปรับแรงดันแก๊ส > ไนโตรเจน (N2)
udo-1157,1157,เกจ์เดี่ยววัดความดัน CHAMP ก๊าซอาซิทีลีน รุ่น 25 (0-40 บาร์),CHAMP,gas_equipment,READY_GREEN,READY_FULL_SPECS,พร้อมขึ้นขายทันที สเปกวิศวกรรมครบถ้วน 100%,1,250.0,250.0,5,0,3,1,อุปกรณ์เชื่อมตัดเผาแก๊ส > เกจ์ปรับแรงดันแก๊ส > อาซิทีลีน (AC)
udo-1158,1158,เกจ์เดี่ยววัดความดัน CHAMP ก๊าซอาซิทีลีน รุ่น 25 (0-2.5 บาร์),CHAMP,gas_equipment,READY_GREEN,READY_FULL_SPECS,พร้อมขึ้นขายทันที สเปกวิศวกรรมครบถ้วน 100%,1,250.0,250.0,5,0,3,1,อุปกรณ์เชื่อมตัดเผาแก๊ส > เกจ์ปรับแรงดันแก๊ส > อาซิทีลีน (AC)
udo-1159,1159,เกจ์เดี่ยววัดความดัน CHAMP ก๊าซโพเพน รุ่น 25 (0-40 บาร์),CHAMP,gas_equipment,READY_GREEN,READY_FULL_SPECS,พร้อมขึ้นขายทันที สเปกวิศวกรรมครบถ้วน 100%,1,250.0,250.0,5,0,3,1,อุปกรณ์เชื่อมตัดเผาแก๊ส > เกจ์ปรับแรงดันแก๊ส > โพเพน (LPG)
udo-1160,1160,เกจ์เดี่ยววัดความดัน CHAMP ก๊าซโพเพน รุ่น 25 (0-5 บาร์),CHAMP,gas_equipment,READY_GREEN,READY_FULL_SPECS,พร้อมขึ้นขายทันที สเปกวิศวกรรมครบถ้วน 100%,1,250.0,250.0,5,0,3,1,อุปกรณ์เชื่อมตัดเผาแก๊ส > เกจ์ปรับแรงดันแก๊ส > โพเพน (LPG)
udo-1161,1161,เกจ์เดี่ยววัดความดัน CHAMP ก๊าซอ๊อกซิเย่น รุ่น 76 (0-250 บาร์),CHAMP,gas_equipment,READY_GREEN,READY_FULL_SPECS,พร้อมขึ้นขายทันที สเปกวิศวกรรมครบถ้วน 100%,1,200.0,200.0,5,0,3,1,อุปกรณ์เชื่อมตัดเผาแก๊ส > เกจ์ปรับแรงดันแก๊ส > อ๊อกซิเย่น (O2)
udo-1162,1162,เกจ์เดี่ยววัดความดัน CHAMP ก๊าซอ๊อกซิเย่น รุ่น 76 (0-25 บาร์),CHAMP,gas_equipment,READY_GREEN,READY_FULL_SPECS,พร้อมขึ้นขายทันที สเปกวิศวกรรมครบถ้วน 100%,1,200.0,200.0,5,0,3,1,อุปกรณ์เชื่อมตัดเผาแก๊ส > เกจ์ปรับแรงดันแก๊ส > อ๊อกซิเย่น (O2)
udo-1163,1163,เกจ์เดี่ยววัดความดัน CHAMP ก๊าซไนโตรเจน รุ่น 76 (0-250 บาร์),CHAMP,gas_equipment,READY_GREEN,READY_FULL_SPECS,พร้อมขึ้นขายทันที สเปกวิศวกรรมครบถ้วน 100%,1,200.0,200.0,5,0,3,0,อุปกรณ์เชื่อมตัดเผาแก๊ส > เกจ์ปรับแรงดันแก๊ส > ไนโตรเจน (N2)
udo-1164,1164,เกจ์เดี่ยววัดความดัน CHAMP ก๊าซไนโตรเจน รุ่น 76 (0-25 บาร์),CHAMP,gas_equipment,READY_GREEN,READY_FULL_SPECS,พร้อมขึ้นขายทันที สเปกวิศวกรรมครบถ้วน 100%,1,200.0,200.0,5,0,3,0,อุปกรณ์เชื่อมตัดเผาแก๊ส > เกจ์ปรับแรงดันแก๊ส > ไนโตรเจน (N2)
udo-1165,1165,เกจ์เดี่ยววัดความดัน CHAMP ก๊าซอาซิทีลีน รุ่น 76 (0-35 บาร์),CHAMP,gas_equipment,READY_GREEN,READY_FULL_SPECS,พร้อมขึ้นขายทันที สเปกวิศวกรรมครบถ้วน 100%,1,200.0,200.0,5,0,5,1,อุปกรณ์เชื่อมตัดเผาแก๊ส > เกจ์ปรับแรงดันแก๊ส > อาซิทีลีน (AC)
udo-1166,1166,เกจ์เดี่ยววัดความดัน CHAMP ก๊าซอาซิทีลีน รุ่น 76 (0-3.5 บาร์),CHAMP,gas_equipment,READY_GREEN,READY_FULL_SPECS,พร้อมขึ้นขายทันที สเปกวิศวกรรมครบถ้วน 100%,1,200.0,200.0,5,0,3,1,อุปกรณ์เชื่อมตัดเผาแก๊ส > เกจ์ปรับแรงดันแก๊ส > อาซิทีลีน (AC)
udo-1167,1167,เกจ์เดี่ยววัดความดัน CHAMP ก๊าซโพเพน รุ่น 76 (0-35 บาร์),CHAMP,gas_equipment,READY_GREEN,READY_FULL_SPECS,พร้อมขึ้นขายทันที สเปกวิศวกรรมครบถ้วน 100%,1,200.0,200.0,5,0,3,1,อุปกรณ์เชื่อมตัดเผาแก๊ส > เกจ์ปรับแรงดันแก๊ส > โพเพน (LPG)
udo-1168,1168,เกจ์เดี่ยววัดความดัน CHAMP ก๊าซโพเพน รุ่น 76 (0-3.5 บาร์),CHAMP,gas_equipment,READY_GREEN,READY_FULL_SPECS,พร้อมขึ้นขายทันที สเปกวิศวกรรมครบถ้วน 100%,1,200.0,200.0,5,0,3,1,อุปกรณ์เชื่อมตัดเผาแก๊ส > เกจ์ปรับแรงดันแก๊ส > โพเพน (LPG)
udo-1169,1169,ชุดเชื่อมแก๊ส AC CHAMP WSS-7502 (S-TYPE),CHAMP,gas_equipment,READY_GREEN,READY_FULL_SPECS,พร้อมขึ้นขายทันที สเปกวิศวกรรมครบถ้วน 100%,1,1100.0,1100.0,5,0,1,1,อุปกรณ์เชื่อมตัดเผาแก๊ส > เชื่อมแก๊ส
udo-1170,1170,หัวเชื่อมแก๊ส AC CHAMP H01-6YB,CHAMP,gas_equipment,READY_GREEN,READY_FULL_SPECS,พร้อมขึ้นขายทันที สเปกวิศวกรรมครบถ้วน 100%,1,880.0,880.0,5,0,1,1,อุปกรณ์เชื่อมตัดเผาแก๊ส > เชื่อมแก๊ส
udo-1171,1171,หัวเชื่อมแก๊ส LPG CHAMP H01-6YB,CHAMP,gas_equipment,READY_GREEN,READY_FULL_SPECS,พร้อมขึ้นขายทันที สเปกวิศวกรรมครบถ้วน 100%,1,900.0,900.0,5,0,1,1,อุปกรณ์เชื่อมตัดเผาแก๊ส > เชื่อมแก๊ส
udo-1172,1172,นมหนูหัวเชื่อมแก๊สอาซิทีลีน (AC),CHAMP,gas_equipment,READY_GREEN,READY_FULL_SPECS,พร้อมขึ้นขายทันที สเปกวิศวกรรมครบถ้วน 100%,6,50.0,50.0,5,0,1,1,อุปกรณ์เชื่อมตัดเผาแก๊ส > เชื่อมแก๊ส
udo-1177,1177,นมหนูหัวเชื่อมแก๊ส LPG,CHAMP,gas_equipment,READY_GREEN,READY_FULL_SPECS,พร้อมขึ้นขายทันที สเปกวิศวกรรมครบถ้วน 100%,5,60.0,60.0,5,0,1,1,อุปกรณ์เชื่อมตัดเผาแก๊ส > เชื่อมแก๊ส
udo-1182,1182,หัววาล์วแก๊สกระป๋อง CGW-03,CHAMP,gas_cylinders,READY_GREEN,READY_FULL_SPECS,พร้อมขึ้นขายทันที สเปกวิศวกรรมครบถ้วน 100%,1,250.0,250.0,5,0,1,1,ท่อบรรจุก๊าซ และวาล์ว > หัววาล์ว
udo-1183,1183,วาว์ลแบ่ง 3 ทาง CHAMP ก๊าซอาซิทีลีน เกลียว 9/16 L.H.,CHAMP,gas_equipment,READY_GREEN,READY_FULL_SPECS,พร้อมขึ้นขายทันที สเปกวิศวกรรมครบถ้วน 100%,1,380.0,380.0,5,0,1,1,อุปกรณ์เชื่อมตัดเผาแก๊ส > อุปกรณ์เสริม
udo-1184,1184,วาว์ลแบ่ง 3 ทาง CHAMP ก๊าซอ๊อกซิเย่น เกลียว 9/16 R.H.,CHAMP,gas_equipment,READY_GREEN,READY_FULL_SPECS,พร้อมขึ้นขายทันที สเปกวิศวกรรมครบถ้วน 100%,1,380.0,380.0,5,0,1,1,อุปกรณ์เชื่อมตัดเผาแก๊ส > อุปกรณ์เสริม
udo-1185,1185,ชุดหัวเผา CHAMP HE-505 พร้อมนมหนู,CHAMP,gas_equipment,READY_GREEN,READY_FULL_SPECS,พร้อมขึ้นขายทันที สเปกวิศวกรรมครบถ้วน 100%,1,5800.0,5800.0,5,0,9,2,อุปกรณ์เชื่อมตัดเผาแก๊ส > เผาแก๊ส
udo-1186,1186,นมหนูหัวเผา HE-505 2290-2H เบอร์ 2,CHAMP,gas_equipment,READY_GREEN,READY_FULL_SPECS,พร้อมขึ้นขายทันที สเปกวิศวกรรมครบถ้วน 100%,1,590.0,590.0,5,0,2,1,อุปกรณ์เชื่อมตัดเผาแก๊ส > เผาแก๊ส
udo-1187,1187,นมหนูหัวเผา HE-505 2290-3H เบอร์ 3,CHAMP,gas_equipment,READY_GREEN,READY_FULL_SPECS,พร้อมขึ้นขายทันที สเปกวิศวกรรมครบถ้วน 100%,1,820.0,820.0,5,0,2,1,อุปกรณ์เชื่อมตัดเผาแก๊ส > เผาแก๊ส
udo-1188,1188,นมหนูหัวเผา HE-505 2290-4H เบอร์ 4,CHAMP,gas_equipment,READY_GREEN,READY_FULL_SPECS,พร้อมขึ้นขายทันที สเปกวิศวกรรมครบถ้วน 100%,1,1260.0,1260.0,5,0,2,1,อุปกรณ์เชื่อมตัดเผาแก๊ส > เผาแก๊ส
udo-1189,1189,นมหนูหัวเผา HE-505 2290-5H เบอร์ 5,CHAMP,gas_equipment,READY_GREEN,READY_FULL_SPECS,พร้อมขึ้นขายทันที สเปกวิศวกรรมครบถ้วน 100%,1,1550.0,1550.0,5,0,2,1,อุปกรณ์เชื่อมตัดเผาแก๊ส > เผาแก๊ส
udo-1190,1190,ชุดตัดแก๊ส WELDSTAR 62-3F (LPG),WELDSTAR,gas_equipment,READY_GREEN,READY_FULL_SPECS,พร้อมขึ้นขายทันที สเปกวิศวกรรมครบถ้วน 100%,1,1490.0,1490.0,5,0,1,1,อุปกรณ์เชื่อมตัดเผาแก๊ส > ตัดแก๊ส
udo-1191,1191,สายแก๊สคู่ WELDSTAR 300 PSI (เขียว-แดง),WELDSTAR,gas_equipment,READY_GREEN,READY_FULL_SPECS,พร้อมขึ้นขายทันที สเปกวิศวกรรมครบถ้วน 100%,2,55.0,3900.0,5,0,1,1,อุปกรณ์เชื่อมตัดเผาแก๊ส > อุปกรณ์เสริม
udo-1192,1192,เกจ์วัดความดันก๊าซอาซิทีลีน WELDSTAR,WELDSTAR,gas_equipment,READY_GREEN,READY_FULL_SPECS,พร้อมขึ้นขายทันที สเปกวิศวกรรมครบถ้วน 100%,1,480.0,480.0,5,0,1,0,อุปกรณ์เชื่อมตัดเผาแก๊ส > เกจ์ปรับแรงดันแก๊ส > อาซิทีลีน (AC)
udo-1193,1193,เกจ์วัดความดันก๊าซโพเพน WELDSTAR,WELDSTAR,gas_equipment,READY_GREEN,READY_FULL_SPECS,พร้อมขึ้นขายทันที สเปกวิศวกรรมครบถ้วน 100%,1,480.0,480.0,5,0,1,0,อุปกรณ์เชื่อมตัดเผาแก๊ส > เกจ์ปรับแรงดันแก๊ส > โพเพน (LPG)
udo-1194,1194,เกจ์วัดความดันก๊าซอ๊อกซิเย่น WELDSTAR,WELDSTAR,gas_equipment,READY_GREEN,READY_FULL_SPECS,พร้อมขึ้นขายทันที สเปกวิศวกรรมครบถ้วน 100%,1,480.0,480.0,5,0,1,0,อุปกรณ์เชื่อมตัดเผาแก๊ส > เกจ์ปรับแรงดันแก๊ส > อ๊อกซิเย่น (O2)
udo-1195,1195,เกจ์ปรับแรงดันก๊าซคาร์บอนไดร์อ๊อกไซด์ HEATER WELDSTAR WSC-58,WELDSTAR,gas_equipment,READY_GREEN,READY_FULL_SPECS,พร้อมขึ้นขายทันที สเปกวิศวกรรมครบถ้วน 100%,3,1600.0,1600.0,5,0,3,1,อุปกรณ์เชื่อมตัดเผาแก๊ส > เกจ์ปรับแรงดันแก๊ส > คาร์บอนไดร์อ๊อกไซด์ (CO2)
udo-1196,1196,กันไฟย้อน WELDSTAR เกจ์แก๊ส M16,WELDSTAR,gas_equipment,READY_GREEN,READY_FULL_SPECS,พร้อมขึ้นขายทันที สเปกวิศวกรรมครบถ้วน 100%,1,200.0,200.0,5,0,1,1,อุปกรณ์เชื่อมตัดเผาแก๊ส > วาล์วกันย้อน (Flashback Arrestor)
udo-1197,1197,"กันไฟย้อน WELDSTAR เกจ์แก๊ส 9/16""",WELDSTAR,gas_equipment,READY_GREEN,READY_FULL_SPECS,พร้อมขึ้นขายทันที สเปกวิศวกรรมครบถ้วน 100%,1,200.0,200.0,5,0,1,1,อุปกรณ์เชื่อมตัดเผาแก๊ส > วาล์วกันย้อน (Flashback Arrestor)
udo-1198,1198,กันไฟย้อน WELDSTAR เกจ์อ๊อกซิเย่น M16,WELDSTAR,gas_equipment,READY_GREEN,READY_FULL_SPECS,พร้อมขึ้นขายทันที สเปกวิศวกรรมครบถ้วน 100%,1,200.0,200.0,5,0,1,1,อุปกรณ์เชื่อมตัดเผาแก๊ส > วาล์วกันย้อน (Flashback Arrestor)
udo-1199,1199,"กันไฟย้อน WELDSTAR เกจ์อ๊อกซิเย่น 9/16""",WELDSTAR,gas_equipment,READY_GREEN,READY_FULL_SPECS,พร้อมขึ้นขายทันที สเปกวิศวกรรมครบถ้วน 100%,1,200.0,200.0,5,0,1,1,อุปกรณ์เชื่อมตัดเผาแก๊ส > วาล์วกันย้อน (Flashback Arrestor)
udo-1200,1200,กันไฟย้อน WELDSTAR ชุดตัดแก๊ส M16,WELDSTAR,gas_equipment,READY_GREEN,READY_FULL_SPECS,พร้อมขึ้นขายทันที สเปกวิศวกรรมครบถ้วน 100%,1,200.0,200.0,5,0,1,1,อุปกรณ์เชื่อมตัดเผาแก๊ส > วาล์วกันย้อน (Flashback Arrestor)
udo-1201,1201,"กันไฟย้อน WELDSTAR ชุดตัดแก๊ส 9/16""",WELDSTAR,gas_equipment,READY_GREEN,READY_FULL_SPECS,พร้อมขึ้นขายทันที สเปกวิศวกรรมครบถ้วน 100%,1,200.0,200.0,5,0,1,1,อุปกรณ์เชื่อมตัดเผาแก๊ส > วาล์วกันย้อน (Flashback Arrestor)
udo-1202,1202,กันไฟย้อน WELDSTAR ชุดตัดอ๊อกซิเย่น M16,WELDSTAR,gas_equipment,READY_GREEN,READY_FULL_SPECS,พร้อมขึ้นขายทันที สเปกวิศวกรรมครบถ้วน 100%,1,200.0,200.0,5,0,1,1,อุปกรณ์เชื่อมตัดเผาแก๊ส > วาล์วกันย้อน (Flashback Arrestor)
udo-1203,1203,"กันไฟย้อน WELDSTAR ชุดตัดอ๊อกซิเย่น 9/16""",WELDSTAR,gas_equipment,READY_GREEN,READY_FULL_SPECS,พร้อมขึ้นขายทันที สเปกวิศวกรรมครบถ้วน 100%,1,200.0,200.0,5,0,1,1,อุปกรณ์เชื่อมตัดเผาแก๊ส > วาล์วกันย้อน (Flashback Arrestor)
udo-1204,1204,เกจ์ปรับแรงดันก๊าซอาซิทีลีน GOLD,GOLD,gas_equipment,READY_GREEN,READY_FULL_SPECS,พร้อมขึ้นขายทันที สเปกวิศวกรรมครบถ้วน 100%,1,440.0,440.0,5,0,1,1,อุปกรณ์เชื่อมตัดเผาแก๊ส > เกจ์ปรับแรงดันแก๊ส > อาซิทีลีน (AC)
udo-1205,1205,เกจ์ปรับแรงดันก๊าซอาร์ก้อน GOLD,GOLD,gas_equipment,READY_GREEN,READY_FULL_SPECS,พร้อมขึ้นขายทันที สเปกวิศวกรรมครบถ้วน 100%,1,380.0,380.0,5,0,1,1,อุปกรณ์เชื่อมตัดเผาแก๊ส > เกจ์ปรับแรงดันแก๊ส > อาร์กอน (AR)
udo-1206,1206,เกจ์ปรับแรงดันก๊าซโพเพน GOLD,GOLD,gas_equipment,READY_GREEN,READY_FULL_SPECS,พร้อมขึ้นขายทันที สเปกวิศวกรรมครบถ้วน 100%,1,440.0,440.0,5,0,1,1,อุปกรณ์เชื่อมตัดเผาแก๊ส > เกจ์ปรับแรงดันแก๊ส > โพเพน (LPG)
udo-1207,1207,เกจ์ปรับแรงดันก๊าซไนโตรเจน GOLD,GOLD,gas_equipment,READY_GREEN,READY_FULL_SPECS,พร้อมขึ้นขายทันที สเปกวิศวกรรมครบถ้วน 100%,1,440.0,440.0,5,0,1,1,อุปกรณ์เชื่อมตัดเผาแก๊ส > เกจ์ปรับแรงดันแก๊ส > ไนโตรเจน (N2)
udo-1208,1208,เกจ์ปรับแรงดันก๊าซอ๊อกซิเย่น GOLD,GOLD,gas_equipment,READY_GREEN,READY_FULL_SPECS,พร้อมขึ้นขายทันที สเปกวิศวกรรมครบถ้วน 100%,1,440.0,440.0,5,0,1,1,อุปกรณ์เชื่อมตัดเผาแก๊ส > เกจ์ปรับแรงดันแก๊ส > อ๊อกซิเย่น (O2)
udo-1209,1209,เกจ์เดี่ยววัดความดัน GOLD ก๊าซอาซิทีลีน (0-40 บาร์),GOLD,gas_equipment,READY_GREEN,READY_FULL_SPECS,พร้อมขึ้นขายทันที สเปกวิศวกรรมครบถ้วน 100%,1,150.0,150.0,5,0,3,1,อุปกรณ์เชื่อมตัดเผาแก๊ส > เกจ์ปรับแรงดันแก๊ส > อาซิทีลีน (AC)
udo-1210,1210,เกจ์เดี่ยวปรับแรงดัน GOLD ก๊าซอาซิทีลีน (0-2.5 บาร์),GOLD,gas_equipment,READY_GREEN,READY_FULL_SPECS,พร้อมขึ้นขายทันที สเปกวิศวกรรมครบถ้วน 100%,1,150.0,150.0,5,0,3,1,อุปกรณ์เชื่อมตัดเผาแก๊ส > เกจ์ปรับแรงดันแก๊ส > อาซิทีลีน (AC)
udo-1211,1211,เกจ์เดี่ยวปรับแรงดัน GOLD ก๊าซโพเพน (0-30 บาร์),GOLD,gas_equipment,READY_GREEN,READY_FULL_SPECS,พร้อมขึ้นขายทันที สเปกวิศวกรรมครบถ้วน 100%,1,150.0,150.0,5,0,3,1,อุปกรณ์เชื่อมตัดเผาแก๊ส > เกจ์ปรับแรงดันแก๊ส > โพเพน (LPG)
udo-1212,1212,เกจ์เดี่ยวปรับแรงดัน GOLD ก๊าซโพเพน (0-3 บาร์),GOLD,gas_equipment,READY_GREEN,READY_FULL_SPECS,พร้อมขึ้นขายทันที สเปกวิศวกรรมครบถ้วน 100%,1,150.0,150.0,5,0,3,1,อุปกรณ์เชื่อมตัดเผาแก๊ส > เกจ์ปรับแรงดันแก๊ส > โพเพน (LPG)
udo-1213,1213,เกจ์เดี่ยวปรับแรงดัน GOLD ก๊าซอ๊อกซิเย่น (0-250 บาร์),GOLD,gas_equipment,READY_GREEN,READY_FULL_SPECS,พร้อมขึ้นขายทันที สเปกวิศวกรรมครบถ้วน 100%,1,150.0,150.0,5,0,3,1,อุปกรณ์เชื่อมตัดเผาแก๊ส > เกจ์ปรับแรงดันแก๊ส > อ๊อกซิเย่น (O2)
udo-1214,1214,เกจ์เดี่ยววัดความดัน GOLD ก๊าซอ๊อกซิเย่น (0-25 บาร์),GOLD,gas_equipment,READY_GREEN,READY_FULL_SPECS,พร้อมขึ้นขายทันที สเปกวิศวกรรมครบถ้วน 100%,1,150.0,150.0,5,0,3,1,อุปกรณ์เชื่อมตัดเผาแก๊ส > เกจ์ปรับแรงดันแก๊ส > อ๊อกซิเย่น (O2)
udo-1215,1215,หัวเผาสำหรับแก๊สกระป๋อง BUTANE TORCH รุ่น KT-830,NANKAI,gas_equipment,READY_GREEN,READY_FULL_SPECS,พร้อมขึ้นขายทันที สเปกวิศวกรรมครบถ้วน 100%,1,285.0,285.0,5,0,2,0,อุปกรณ์เชื่อมตัดเผาแก๊ส > เผาแก๊ส
udo-1216,1216,ชุดเชื่อมแก๊ส ประกอบชุดสนาม,CHAMP,gas_equipment,READY_GREEN,READY_FULL_SPECS,พร้อมขึ้นขายทันที สเปกวิศวกรรมครบถ้วน 100%,1,450.0,450.0,5,0,1,0,อุปกรณ์เชื่อมตัดเผาแก๊ส > เชื่อมแก๊ส
udo-1217,1217,หางปลาต่อสาย เกลียวแก๊ส 9/16 L.H.,CHAMP,gas_equipment,READY_GREEN,READY_FULL_SPECS,พร้อมขึ้นขายทันที สเปกวิศวกรรมครบถ้วน 100%,1,60.0,60.0,5,0,1,1,อุปกรณ์เชื่อมตัดเผาแก๊ส > อุปกรณ์เสริม
udo-1218,1218,หางปลาต่อสาย เกลียวอ๊อกซิเย่น 9/16 R.H.,CHAMP,gas_equipment,READY_GREEN,READY_FULL_SPECS,พร้อมขึ้นขายทันที สเปกวิศวกรรมครบถ้วน 100%,1,60.0,60.0,5,0,1,1,อุปกรณ์เชื่อมตัดเผาแก๊ส > อุปกรณ์เสริม
udo-1219,1219,น๊อตเกจ์ AC CGA300,CHAMP,gas_equipment,READY_GREEN,READY_FULL_SPECS,พร้อมขึ้นขายทันที สเปกวิศวกรรมครบถ้วน 100%,1,80.0,80.0,5,0,1,0,อุปกรณ์เชื่อมตัดเผาแก๊ส > อุปกรณ์เสริม
udo-1220,1220,เข็มแยงนมหนู,CHAMP,gas_equipment,READY_GREEN,READY_FULL_SPECS,พร้อมขึ้นขายทันที สเปกวิศวกรรมครบถ้วน 100%,1,95.0,95.0,5,0,2,0,อุปกรณ์เชื่อมตัดเผาแก๊ส > อุปกรณ์เสริม
udo-1221,1221,"สายลมเดี่ยว ขนาด 1/4"" (300 PSI)",CHAMP,gas_equipment,READY_GREEN,READY_FULL_SPECS,พร้อมขึ้นขายทันที สเปกวิศวกรรมครบถ้วน 100%,2,45.0,3500.0,5,0,1,1,อุปกรณ์เชื่อมตัดเผาแก๊ส > อุปกรณ์เสริม
udo-1222,1222,น๊อตบังคับนมหนูหัวตัดแก๊ส 6259,CHAMP,gas_equipment,READY_GREEN,READY_FULL_SPECS,พร้อมขึ้นขายทันที สเปกวิศวกรรมครบถ้วน 100%,1,120.0,120.0,5,0,1,0,อุปกรณ์เชื่อมตัดเผาแก๊ส > ตัดแก๊ส
udo-1223,1223,ด้ามไฟแช็คจุดแก๊ส,CHAMP,gas_equipment,READY_GREEN,READY_FULL_SPECS,พร้อมขึ้นขายทันที สเปกวิศวกรรมครบถ้วน 100%,1,80.0,80.0,5,0,1,0,อุปกรณ์เชื่อมตัดเผาแก๊ส > อุปกรณ์เสริม
udo-1224,1224,เข็มขัดรัดสาย,CHAMP,gas_equipment,READY_GREEN,READY_FULL_SPECS,พร้อมขึ้นขายทันที สเปกวิศวกรรมครบถ้วน 100%,1,10.0,10.0,5,0,1,0,อุปกรณ์เชื่อมตัดเผาแก๊ส > อุปกรณ์เสริม
udo-1225,1225,แกนพร้อมน๊อตใส่เกจ์เกลียวไนโตรเจน CGA580,CHAMP,gas_equipment,READY_GREEN,READY_FULL_SPECS,พร้อมขึ้นขายทันที สเปกวิศวกรรมครบถ้วน 100%,1,250.0,250.0,5,0,1,0,อุปกรณ์เชื่อมตัดเผาแก๊ส > อุปกรณ์เสริม
udo-1226,1226,แกนพร้อมน๊อตใส่เกจ์เกลียว LPG,UDO,gas_equipment,READY_GREEN,READY_FULL_SPECS,พร้อมขึ้นขายทันที สเปกวิศวกรรมครบถ้วน 100%,1,250.0,250.0,5,0,1,0,อุปกรณ์เชื่อมตัดเผาแก๊ส > อุปกรณ์เสริม
udo-1227,1227,เกลียวต่อถังแก๊สปิคนิค,CHAMP,gas_equipment,READY_GREEN,READY_FULL_SPECS,พร้อมขึ้นขายทันที สเปกวิศวกรรมครบถ้วน 100%,1,100.0,100.0,5,0,1,0,อุปกรณ์เชื่อมตัดเผาแก๊ส > อุปกรณ์เสริม
udo-1228,1228,กุญแจเปิดท่อ AC,CHAMP,gas_equipment,READY_GREEN,READY_FULL_SPECS,พร้อมขึ้นขายทันที สเปกวิศวกรรมครบถ้วน 100%,1,130.0,130.0,5,0,1,0,อุปกรณ์เชื่อมตัดเผาแก๊ส > อุปกรณ์เสริม
udo-1230,1230,นมหนูหัวตัด AUTO 3040G AC,TANAKA,gas_equipment,READY_GREEN,READY_FULL_SPECS,พร้อมขึ้นขายทันที สเปกวิศวกรรมครบถ้วน 100%,6,350.0,350.0,5,0,1,1,อุปกรณ์เชื่อมตัดเผาแก๊ส > ตัดแก๊ส
udo-1236,1236,นมหนูหัวตัด AUTO 3051G LPG,TANAKA,gas_equipment,READY_GREEN,READY_FULL_SPECS,พร้อมขึ้นขายทันที สเปกวิศวกรรมครบถ้วน 100%,7,270.0,310.0,5,0,4,1,อุปกรณ์เชื่อมตัดเผาแก๊ส > ตัดแก๊ส
udo-1241,1241,ชุดเชื่อม-ตัด AC พร้อมเกจ์ลม-แก๊ส IOXYGEN HCW-23P,IOXYGEN,gas_equipment,READY_GREEN,READY_FULL_SPECS,พร้อมขึ้นขายทันที สเปกวิศวกรรมครบถ้วน 100%,1,6200.0,6200.0,5,0,1,1,อุปกรณ์เชื่อมตัดเผาแก๊ส > เชื่อม-ตัด-เผา
udo-1242,1242,ชุดเชื่อม-ตัด AC IOXYGEN HCW-29P,IOXYGEN,gas_equipment,READY_GREEN,READY_FULL_SPECS,พร้อมขึ้นขายทันที สเปกวิศวกรรมครบถ้วน 100%,1,7900.0,7900.0,5,0,3,1,อุปกรณ์เชื่อมตัดเผาแก๊ส > เชื่อม-ตัด-เผา
udo-1243,1243,ชุดตัดแก๊ส HEAVY DUTY IOXYGEN รุ่น 1601A AC/LPG,IOXYGEN,gas_equipment,READY_GREEN,READY_FULL_SPECS,พร้อมขึ้นขายทันที สเปกวิศวกรรมครบถ้วน 100%,1,1800.0,1800.0,5,0,1,1,อุปกรณ์เชื่อมตัดเผาแก๊ส > ตัดแก๊ส
udo-1244,1244,ชุดเชื่อมแก๊ส LPG IOXYGEN รุ่น WSS-195 (แบบแผง),IOXYGEN,gas_equipment,READY_GREEN,READY_FULL_SPECS,พร้อมขึ้นขายทันที สเปกวิศวกรรมครบถ้วน 100%,1,1200.0,1200.0,5,0,1,0,อุปกรณ์เชื่อมตัดเผาแก๊ส > เชื่อมแก๊ส
udo-1245,1245,ชุดเชื่อมจิวเวลรี่ IOXYGEN รุ่น SM-502,IOXYGEN,gas_equipment,READY_GREEN,READY_FULL_SPECS,พร้อมขึ้นขายทันที สเปกวิศวกรรมครบถ้วน 100%,1,2900.0,2900.0,5,0,1,1,อุปกรณ์เชื่อมตัดเผาแก๊ส > เชื่อมแก๊ส
udo-1246,1246,เกจ์ปรับแรงดัน  IOXYGEN ก๊าซอาร์ก้อน รุ่น 101-25FL-AR,IOXYGEN,gas_equipment,READY_GREEN,READY_FULL_SPECS,พร้อมขึ้นขายทันที สเปกวิศวกรรมครบถ้วน 100%,1,1600.0,1600.0,5,0,1,1,อุปกรณ์เชื่อมตัดเผาแก๊ส > เกจ์ปรับแรงดันแก๊ส > อาร์กอน (AR)
udo-1247,1247,เกจ์ปรับแรงดัน IOXYGEN ก๊าซอาซิทีลีน รุ่น 25 (25-1.5M-AC),IOXYGEN,gas_equipment,READY_GREEN,READY_FULL_SPECS,พร้อมขึ้นขายทันที สเปกวิศวกรรมครบถ้วน 100%,1,1450.0,1450.0,5,0,1,1,อุปกรณ์เชื่อมตัดเผาแก๊ส > เกจ์ปรับแรงดันแก๊ส > อาซิทีลีน (AC)
udo-1248,1248,เกจ์ปรับแรงดัน IOXYGEN ก๊าซโพเพน รุ่น 25 (25-3.5M-LP),IOXYGEN,gas_equipment,READY_GREEN,READY_FULL_SPECS,พร้อมขึ้นขายทันที สเปกวิศวกรรมครบถ้วน 100%,1,1450.0,1450.0,5,0,1,1,อุปกรณ์เชื่อมตัดเผาแก๊ส > เกจ์ปรับแรงดันแก๊ส > โพเพน (LPG)
udo-1249,1249,เกจ์ปรับแรงดัน IOXYGEN ก๊าซไนโตรเจน รุ่น 25 (25-15M-N2),IOXYGEN,gas_equipment,READY_GREEN,READY_FULL_SPECS,พร้อมขึ้นขายทันที สเปกวิศวกรรมครบถ้วน 100%,1,1450.0,1450.0,5,0,1,1,อุปกรณ์เชื่อมตัดเผาแก๊ส > เกจ์ปรับแรงดันแก๊ส > ไนโตรเจน (N2)
udo-1250,1250,เกจ์ปรับแรงดัน IOXYGEN ก๊าซอ๊อกซิเย่น รุ่น 25 (25-15M-OX),IOXYGEN,gas_equipment,READY_GREEN,READY_FULL_SPECS,พร้อมขึ้นขายทันที สเปกวิศวกรรมครบถ้วน 100%,1,1450.0,1450.0,5,0,1,1,อุปกรณ์เชื่อมตัดเผาแก๊ส > เกจ์ปรับแรงดันแก๊ส > อ๊อกซิเย่น (O2)
udo-1251,1251,เกจ์ปรับความดันไฮเพรสเชอร์ก๊าซไนโตรเจน IOXYGEN WT-304,IOXYGEN,gas_equipment,READY_GREEN,READY_FULL_SPECS,พร้อมขึ้นขายทันที สเปกวิศวกรรมครบถ้วน 100%,1,10680.0,10680.0,5,0,1,1,อุปกรณ์เชื่อมตัดเผาแก๊ส > เกจ์ปรับแรงดันแก๊ส > ไนโตรเจน (N2)
udo-1252,1252,เกจ์วัดความดันก๊าซคาร์บอนไดร์อ๊อกไซด์มีฮีตเตอร์ IOXYGEN รุ่น CRF-220,IOXYGEN,gas_equipment,READY_GREEN,READY_FULL_SPECS,พร้อมขึ้นขายทันที สเปกวิศวกรรมครบถ้วน 100%,1,7100.0,7100.0,5,0,1,1,อุปกรณ์เชื่อมตัดเผาแก๊ส > เกจ์ปรับแรงดันแก๊ส > คาร์บอนไดร์อ๊อกไซด์ (CO2)
udo-1253,1253,เกจ์ปรับแรงดัน PIPELINE ก๊าซโพเพน IOXYGEN รุ่น 47-3.5M-LP,IOXYGEN,gas_equipment,READY_GREEN,READY_FULL_SPECS,พร้อมขึ้นขายทันที สเปกวิศวกรรมครบถ้วน 100%,1,1400.0,1400.0,5,0,1,1,อุปกรณ์เชื่อมตัดเผาแก๊ส > เกจ์ปรับแรงดันแก๊ส > โพเพน (LPG)
udo-1254,1254,เกจ์ปรับแรงดัน PIPELINE ก๊าซอ๊อกซิเย่น IOXYGEN รุ่น 47-10M-OX,IOXYGEN,gas_equipment,READY_GREEN,READY_FULL_SPECS,พร้อมขึ้นขายทันที สเปกวิศวกรรมครบถ้วน 100%,1,1400.0,1400.0,5,0,1,1,อุปกรณ์เชื่อมตัดเผาแก๊ส > เกจ์ปรับแรงดันแก๊ส > อ๊อกซิเย่น (O2)
udo-1255,1255,เกจ์ปรับแรงดัน IOXYGEN TWO STAGE ก๊าซอ๊อกซิเย่น รุ่น 96,IOXYGEN,gas_equipment,READY_GREEN,READY_FULL_SPECS,พร้อมขึ้นขายทันที สเปกวิศวกรรมครบถ้วน 100%,1,4450.0,4450.0,5,0,3,1,อุปกรณ์เชื่อมตัดเผาแก๊ส > เกจ์ปรับแรงดันแก๊ส > อ๊อกซิเย่น (O2)
udo-1256,1256,ชุดหัวเผา LPG พร้อมนมหนู 4 หัว IOXYGEN รุ่น HE-505,IOXYGEN,gas_equipment,READY_GREEN,READY_FULL_SPECS,พร้อมขึ้นขายทันที สเปกวิศวกรรมครบถ้วน 100%,1,6600.0,6600.0,5,0,1,1,อุปกรณ์เชื่อมตัดเผาแก๊ส > เผาแก๊ส
udo-1257,1257,มิกเซอร์หัวเผา IOXYGEN รุ่น MIXER F-43,IOXYGEN,gas_equipment,READY_GREEN,READY_FULL_SPECS,พร้อมขึ้นขายทันที สเปกวิศวกรรมครบถ้วน 100%,1,740.0,740.0,5,0,1,0,อุปกรณ์เชื่อมตัดเผาแก๊ส > เผาแก๊ส
udo-1258,1258,นมหนูหัวเผา HE-505 IOXYGEN รุ่น 2290-2H,IOXYGEN,gas_equipment,READY_GREEN,READY_FULL_SPECS,พร้อมขึ้นขายทันที สเปกวิศวกรรมครบถ้วน 100%,1,550.0,550.0,5,0,1,1,อุปกรณ์เชื่อมตัดเผาแก๊ส > เผาแก๊ส
udo-1259,1259,นมหนูหัวเผา HE-505 IOXYGEN รุ่น 2290-3H,IOXYGEN,gas_equipment,READY_GREEN,READY_FULL_SPECS,พร้อมขึ้นขายทันที สเปกวิศวกรรมครบถ้วน 100%,1,900.0,900.0,5,0,1,1,อุปกรณ์เชื่อมตัดเผาแก๊ส > เผาแก๊ส
udo-1260,1260,นมหนูหัวเผา HE-505 IOXYGEN รุ่น 2290-4H,IOXYGEN,gas_equipment,READY_GREEN,READY_FULL_SPECS,พร้อมขึ้นขายทันที สเปกวิศวกรรมครบถ้วน 100%,1,1550.0,1550.0,5,0,1,1,อุปกรณ์เชื่อมตัดเผาแก๊ส > เผาแก๊ส
udo-1261,1261,นมหนูหัวเผา HE-505 IOXYGEN รุ่น 2290-5H,IOXYGEN,gas_equipment,READY_GREEN,READY_FULL_SPECS,พร้อมขึ้นขายทันที สเปกวิศวกรรมครบถ้วน 100%,1,1950.0,1950.0,5,0,1,1,อุปกรณ์เชื่อมตัดเผาแก๊ส > เผาแก๊ส
udo-1263,1263,วงเวียนชุดตัด GASWORK รุ่น R-69-3B,GASWORK,gas_equipment,READY_GREEN,READY_FULL_SPECS,พร้อมขึ้นขายทันที สเปกวิศวกรรมครบถ้วน 100%,1,940.0,940.0,5,0,4,1,อุปกรณ์เชื่อมตัดเผาแก๊ส > ตัดแก๊ส
udo-1265,1265,เกจ์ปรับความดันก๊าซอาซิทีลีน MORRIS รุ่น 25 !!! ลดล้างสต๊อก หมดแล้วหมดเลย !!!,MORRIS,gas_equipment,READY_GREEN,READY_FULL_SPECS,พร้อมขึ้นขายทันที สเปกวิศวกรรมครบถ้วน 100%,1,1050.0,1050.0,5,0,1,1,อุปกรณ์เชื่อมตัดเผาแก๊ส > เกจ์ปรับแรงดันแก๊ส > อาซิทีลีน (AC)
udo-1266,1266,เกจ์วัดความดันก๊าซโพเพน MORRIS รุ่น 25,MORRIS,gas_equipment,READY_GREEN,READY_INQUIRY_ITEM,สินค้าอุตสาหกรรมพร้อมขายในระบบขอใบเสนอราคา (B2B Request a Quote),1,0.0,0.0,5,0,1,1,อุปกรณ์เชื่อมตัดเผาแก๊ส > เกจ์ปรับแรงดันแก๊ส > โพเพน (LPG)
udo-1267,1267,เกจ์ปรับความดันก๊าซไนโตรเจน MORRIS รุ่น 25 !!! ลดล้างสต๊อก หมดแล้วหมดเลย !!!,MORRIS,gas_equipment,READY_GREEN,READY_FULL_SPECS,พร้อมขึ้นขายทันที สเปกวิศวกรรมครบถ้วน 100%,1,1050.0,1050.0,5,0,1,1,อุปกรณ์เชื่อมตัดเผาแก๊ส > เกจ์ปรับแรงดันแก๊ส > ไนโตรเจน (N2)
udo-1268,1268,เกจ์วัดความดันก๊าซอ๊อกซิเย่น MORRIS รุ่น 25 !!! PROMOTION ราคาพิเศษ !!!,MORRIS,gas_equipment,READY_GREEN,READY_FULL_SPECS,พร้อมขึ้นขายทันที สเปกวิศวกรรมครบถ้วน 100%,1,850.0,850.0,5,0,1,1,อุปกรณ์เชื่อมตัดเผาแก๊ส > เกจ์ปรับแรงดันแก๊ส > อ๊อกซิเย่น (O2)
udo-1269,1269,เกจ์วัดความดันก๊าซอาร์ก้อน IOXYGEN,IOXYGEN,gas_equipment,READY_GREEN,READY_FULL_SPECS,พร้อมขึ้นขายทันที สเปกวิศวกรรมครบถ้วน 100%,1,1400.0,1400.0,5,0,1,1,อุปกรณ์เชื่อมตัดเผาแก๊ส > เกจ์ปรับแรงดันแก๊ส > อาร์กอน (AR)
udo-1270,1270,เกจ์วัดความดันก๊าซคาร์บอนไดร์อ๊อกไซด์ MORRIS,MORRIS,gas_equipment,READY_GREEN,READY_FULL_SPECS,พร้อมขึ้นขายทันที สเปกวิศวกรรมครบถ้วน 100%,1,1400.0,1400.0,5,0,1,1,อุปกรณ์เชื่อมตัดเผาแก๊ส > เกจ์ปรับแรงดันแก๊ส > คาร์บอนไดร์อ๊อกไซด์ (CO2)
udo-1271,1271,เกจ์ปรับแรงดัน MORRIS TWO STAGE ก๊าซอ๊อกซิเย่น รุ่น 96,MORRIS,gas_equipment,READY_GREEN,READY_FULL_SPECS,พร้อมขึ้นขายทันที สเปกวิศวกรรมครบถ้วน 100%,1,2400.0,2400.0,5,0,1,1,อุปกรณ์เชื่อมตัดเผาแก๊ส > เกจ์ปรับแรงดันแก๊ส > อ๊อกซิเย่น (O2)
udo-1272,1272,ชุดหัวเผา 3 หัว MORRIS HE-506,MORRIS,gas_equipment,READY_GREEN,READY_FULL_SPECS,พร้อมขึ้นขายทันที สเปกวิศวกรรมครบถ้วน 100%,1,1300.0,1300.0,5,0,1,1,อุปกรณ์เชื่อมตัดเผาแก๊ส > เผาแก๊ส
udo-1273,1273,ชุดหัวเผา MORRIS HT-507,MORRIS,gas_equipment,READY_GREEN,READY_FULL_SPECS,พร้อมขึ้นขายทันที สเปกวิศวกรรมครบถ้วน 100%,1,1900.0,1900.0,5,0,1,1,อุปกรณ์เชื่อมตัดเผาแก๊ส > เผาแก๊ส
udo-1274,1274,กันไฟย้อน MORRIS ชุดตัดแก๊ส M16,MORRIS,gas_equipment,READY_GREEN,READY_FULL_SPECS,พร้อมขึ้นขายทันที สเปกวิศวกรรมครบถ้วน 100%,1,280.0,280.0,5,0,1,1,อุปกรณ์เชื่อมตัดเผาแก๊ส > วาล์วกันย้อน (Flashback Arrestor)
udo-1275,1275,กันไฟย้อน MORRIS ชุดตัดอ๊อกซิเย่น M16,MORRIS,gas_equipment,READY_GREEN,READY_FULL_SPECS,พร้อมขึ้นขายทันที สเปกวิศวกรรมครบถ้วน 100%,1,280.0,280.0,5,0,1,1,อุปกรณ์เชื่อมตัดเผาแก๊ส > วาล์วกันย้อน (Flashback Arrestor)
udo-1276,1276,"กันไฟย้อน MORRIS ชุดตัดอ๊อกซิเย่น 9/16""",MORRIS,gas_equipment,READY_GREEN,READY_FULL_SPECS,พร้อมขึ้นขายทันที สเปกวิศวกรรมครบถ้วน 100%,1,280.0,280.0,5,0,1,1,อุปกรณ์เชื่อมตัดเผาแก๊ส > วาล์วกันย้อน (Flashback Arrestor)
udo-1277,1277,ชุดตัดแก๊ส HARRIS 62-5F (LPG),HARRIS,gas_equipment,READY_GREEN,READY_FULL_SPECS,พร้อมขึ้นขายทันที สเปกวิศวกรรมครบถ้วน 100%,1,5300.0,5300.0,5,0,1,2,อุปกรณ์เชื่อมตัดเผาแก๊ส > ตัดแก๊ส
udo-1280,1280,นมหนูหัวตัดแก๊ส HARRIS 6290-NX,HARRIS,gas_equipment,READY_GREEN,READY_FULL_SPECS,พร้อมขึ้นขายทันที สเปกวิศวกรรมครบถ้วน 100%,11,220.0,250.0,5,0,1,1,อุปกรณ์เชื่อมตัดเผาแก๊ส > ตัดแก๊ส
udo-1285,1285,เกจ์ปรับแรงดันก๊าซอ๊อกซิเย่น HARRIS รุ่น 801DB-10-OX,HARRIS,gas_equipment,READY_GREEN,READY_FULL_SPECS,พร้อมขึ้นขายทันที สเปกวิศวกรรมครบถ้วน 100%,1,2790.0,2790.0,5,0,5,1,อุปกรณ์เชื่อมตัดเผาแก๊ส > เกจ์ปรับแรงดันแก๊ส > อ๊อกซิเย่น (O2)
udo-1286,1286,เกจ์วัดความดันก๊าซโพเพน HARRIS รุ่น 801B-4-LP,HARRIS,gas_equipment,READY_GREEN,READY_FULL_SPECS,พร้อมขึ้นขายทันที สเปกวิศวกรรมครบถ้วน 100%,1,2790.0,2790.0,5,0,5,1,อุปกรณ์เชื่อมตัดเผาแก๊ส > เกจ์ปรับแรงดันแก๊ส > โพเพน (LPG)
udo-1287,1287,เกจ์ปรับความดันก๊าซอาซิทีลีน HARRIS รุ่น 801B-1.5-AC,HARRIS,gas_equipment,READY_GREEN,READY_FULL_SPECS,พร้อมขึ้นขายทันที สเปกวิศวกรรมครบถ้วน 100%,1,2790.0,2790.0,5,0,2,2,อุปกรณ์เชื่อมตัดเผาแก๊ส > เกจ์ปรับแรงดันแก๊ส > อาซิทีลีน (AC)
udo-1288,1288,ชุดเชื่อมสนามขนาด 0.5 คิว (UDO),CHAMP,gas_equipment,READY_GREEN,READY_FULL_SPECS,พร้อมขึ้นขายทันที สเปกวิศวกรรมครบถ้วน 100%,1,3200.0,3200.0,5,0,1,1,อุปกรณ์เชื่อมตัดเผาแก๊ส > ชุดเชื่อม-ตัดสนาม
udo-1289,1289,ชุดเชื่อมสนามขนาด 1.5 คิว (UDO),CHAMP,gas_equipment,READY_GREEN,READY_FULL_SPECS,พร้อมขึ้นขายทันที สเปกวิศวกรรมครบถ้วน 100%,1,4500.0,4500.0,5,0,1,1,อุปกรณ์เชื่อมตัดเผาแก๊ส > ชุดเชื่อม-ตัดสนาม
udo-1290,1290,ชุดตัดสนามขนาด 6 คิว,CHAMP,gas_equipment,READY_GREEN,READY_FULL_SPECS,พร้อมขึ้นขายทันที สเปกวิศวกรรมครบถ้วน 100%,1,14100.0,14100.0,5,0,1,1,อุปกรณ์เชื่อมตัดเผาแก๊ส > ชุดเชื่อม-ตัดสนาม
udo-1291,1291,ชุดเชื่อมสนามขนาด 6 คิว,CHAMP,gas_equipment,READY_GREEN,READY_FULL_SPECS,พร้อมขึ้นขายทันที สเปกวิศวกรรมครบถ้วน 100%,1,13000.0,13000.0,5,0,1,1,อุปกรณ์เชื่อมตัดเผาแก๊ส > ชุดเชื่อม-ตัดสนาม
udo-1368,1368,ท่อบรรจุก๊าซอ๊อกซิเย่น ขนาด 6 คิว 40 ลิตร,CHAMP,gas_cylinders,READY_GREEN,READY_FULL_SPECS,พร้อมขึ้นขายทันที สเปกวิศวกรรมครบถ้วน 100%,2,3800.0,3900.0,5,0,1,1,ท่อบรรจุก๊าซ และวาล์ว > อ๊อกซิเย่น (O2)
udo-1370,1370,ท่อบรรจุก๊าซอ๊อกซิเย่น ขนาด 2 คิว 13.4 ลิตร,CHAMP,gas_cylinders,READY_GREEN,READY_FULL_SPECS,พร้อมขึ้นขายทันที สเปกวิศวกรรมครบถ้วน 100%,2,2300.0,2400.0,5,0,1,1,ท่อบรรจุก๊าซ และวาล์ว > อ๊อกซิเย่น (O2)
udo-1372,1372,ท่อบรรจุก๊าซอ๊อกซิเย่น ขนาด 1.5 คิว 10 ลิตร,CHAMP,gas_cylinders,READY_GREEN,READY_FULL_SPECS,พร้อมขึ้นขายทันที สเปกวิศวกรรมครบถ้วน 100%,2,2000.0,2100.0,5,0,1,1,ท่อบรรจุก๊าซ และวาล์ว > อ๊อกซิเย่น (O2)
udo-1374,1374,ท่อบรรจุก๊าซอ๊อกซิเย่น ขนาด 0.5 คิว 4 ลิตร (อ้วน),CHAMP,gas_cylinders,READY_GREEN,READY_FULL_SPECS,พร้อมขึ้นขายทันที สเปกวิศวกรรมครบถ้วน 100%,2,1550.0,1600.0,5,0,1,1,ท่อบรรจุก๊าซ และวาล์ว > อ๊อกซิเย่น (O2)
udo-1376,1376,ท่อบรรจุก๊าซอ๊อกซิเย่น ขนาด 0.5 คิว 3.4 ลิตร (ผอม),CHAMP,gas_cylinders,READY_GREEN,READY_FULL_SPECS,พร้อมขึ้นขายทันที สเปกวิศวกรรมครบถ้วน 100%,2,1400.0,1450.0,5,0,1,1,ท่อบรรจุก๊าซ และวาล์ว > อ๊อกซิเย่น (O2)
udo-1378,1378,ท่อบรรจุก๊าซอ๊อกซิเย่น ทางการแพทย์ ขนาด 6 คิว 40 ลิตร,CHAMP,gas_cylinders,READY_GREEN,READY_FULL_SPECS,พร้อมขึ้นขายทันที สเปกวิศวกรรมครบถ้วน 100%,2,3800.0,3900.0,5,0,1,1,ท่อบรรจุก๊าซ และวาล์ว > อ๊อกซิเย่น (O2)
udo-1380,1380,ท่อบรรจุก๊าซอ๊อกซิเย่น ทางการแพทย์ขนาด 2 คิว 13.4 ลิตร,CHAMP,gas_cylinders,READY_GREEN,READY_FULL_SPECS,พร้อมขึ้นขายทันที สเปกวิศวกรรมครบถ้วน 100%,2,2300.0,2400.0,5,0,1,1,ท่อบรรจุก๊าซ และวาล์ว > อ๊อกซิเย่น (O2)
udo-1382,1382,ท่อบรรจุก๊าซอ๊อกซิเย่น ทางการแพทย์ขนาด 1.5 คิว 10 ลิตร,CHAMP,gas_cylinders,READY_GREEN,READY_FULL_SPECS,พร้อมขึ้นขายทันที สเปกวิศวกรรมครบถ้วน 100%,2,2000.0,2100.0,5,0,1,1,ท่อบรรจุก๊าซ และวาล์ว > อ๊อกซิเย่น (O2)
udo-1384,1384,ท่อบรรจุก๊าซอ๊อกซิเย่น ทางการแพทย์ขนาด 0.5 คิว 4 ลิตร (อ้วน),CHAMP,gas_cylinders,READY_GREEN,READY_FULL_SPECS,พร้อมขึ้นขายทันที สเปกวิศวกรรมครบถ้วน 100%,2,1550.0,1600.0,5,0,1,1,ท่อบรรจุก๊าซ และวาล์ว > อ๊อกซิเย่น (O2)
udo-1386,1386,ท่อบรรจุก๊าซอ๊อกซิเย่น ทางการแพทย์ขนาด 0.5 คิว 3.4 ลิตร (ผอม),CHAMP,gas_cylinders,READY_GREEN,READY_FULL_SPECS,พร้อมขึ้นขายทันที สเปกวิศวกรรมครบถ้วน 100%,2,1400.0,1450.0,5,0,1,1,ท่อบรรจุก๊าซ และวาล์ว > อ๊อกซิเย่น (O2)
udo-1388,1388,ท่อบรรจุก๊าซไนโตรเจน ขนาด 6 คิว 40 ลิตร,CHAMP,gas_cylinders,READY_GREEN,READY_FULL_SPECS,พร้อมขึ้นขายทันที สเปกวิศวกรรมครบถ้วน 100%,2,3800.0,4000.0,5,0,1,1,ท่อบรรจุก๊าซ และวาล์ว > ไนโตรเจน (N2)
udo-1390,1390,ท่อบรรจุก๊าซไนโตรเจน ขนาด 2 คิว 13.4 ลิตร,CHAMP,gas_cylinders,READY_GREEN,READY_FULL_SPECS,พร้อมขึ้นขายทันที สเปกวิศวกรรมครบถ้วน 100%,2,2300.0,2450.0,5,0,1,1,ท่อบรรจุก๊าซ และวาล์ว > ไนโตรเจน (N2)
udo-1392,1392,ท่อบรรจุก๊าซไนโตรเจน ขนาด 1.5 คิว 10 ลิตร,CHAMP,gas_cylinders,READY_GREEN,READY_FULL_SPECS,พร้อมขึ้นขายทันที สเปกวิศวกรรมครบถ้วน 100%,2,2000.0,2100.0,5,0,1,1,ท่อบรรจุก๊าซ และวาล์ว > ไนโตรเจน (N2)
udo-1394,1394,ท่อบรรจุก๊าซ ไนโตรเจน ขนาด 0.5 คิว 4 ลิตร (อ้วน),CHAMP,gas_cylinders,READY_GREEN,READY_FULL_SPECS,พร้อมขึ้นขายทันที สเปกวิศวกรรมครบถ้วน 100%,2,1600.0,1700.0,5,0,1,1,ท่อบรรจุก๊าซ และวาล์ว > ไนโตรเจน (N2)
udo-1396,1396,ท่อบรรจุก๊าซ ไนโตรเจน ขนาด 0.5 คิว 3.4 ลิตร (ผอม),CHAMP,gas_cylinders,READY_GREEN,READY_FULL_SPECS,พร้อมขึ้นขายทันที สเปกวิศวกรรมครบถ้วน 100%,2,1450.0,1550.0,5,0,1,1,ท่อบรรจุก๊าซ และวาล์ว > ไนโตรเจน (N2)
udo-1397,1397,ท่อบรรจุก๊าซไนโตรเจน UHP เกรด ขนาด 6 คิว 40 ลิตร,CHAMP,gas_cylinders,READY_GREEN,READY_INQUIRY_ITEM,สินค้าอุตสาหกรรมพร้อมขายในระบบขอใบเสนอราคา (B2B Request a Quote),1,0.0,0.0,5,0,1,1,ท่อบรรจุก๊าซ และวาล์ว > ไนโตรเจน (N2)
udo-1399,1399,ท่อบรรจุก๊าซไนโตรเจน UHP เกรด ขนาด 1.5 คิว 10 ลิตร,CHAMP,gas_cylinders,READY_GREEN,READY_INQUIRY_ITEM,สินค้าอุตสาหกรรมพร้อมขายในระบบขอใบเสนอราคา (B2B Request a Quote),1,0.0,0.0,5,0,1,1,ท่อบรรจุก๊าซ และวาล์ว > ไนโตรเจน (N2)
udo-1400,1400,ท่อบรรจุก๊าซไนโตรเจน UHP เกรด ขนาด 0.5 คิว 4 ลิตร (อ้วน),CHAMP,gas_cylinders,READY_GREEN,READY_INQUIRY_ITEM,สินค้าอุตสาหกรรมพร้อมขายในระบบขอใบเสนอราคา (B2B Request a Quote),1,0.0,0.0,5,0,1,1,ท่อบรรจุก๊าซ และวาล์ว > ไนโตรเจน (N2)
udo-1401,1401,ท่อบรรจุก๊าซไนโตรเจน UHP เกรดขนาด 0.5 คิว 3.4 ลิตร (ผอม),CHAMP,gas_cylinders,READY_GREEN,READY_INQUIRY_ITEM,สินค้าอุตสาหกรรมพร้อมขายในระบบขอใบเสนอราคา (B2B Request a Quote),1,0.0,0.0,5,0,1,1,ท่อบรรจุก๊าซ และวาล์ว > ไนโตรเจน (N2)
udo-1402,1402,ท่อบรรจุก๊าซอาร์กอน ขนาด 6 คิว  40 ลิตร,CHAMP,gas_cylinders,READY_GREEN,READY_FULL_SPECS,พร้อมขึ้นขายทันที สเปกวิศวกรรมครบถ้วน 100%,2,3800.0,4300.0,5,0,1,1,ท่อบรรจุก๊าซ และวาล์ว > อาร์กอน (Ar)
udo-1405,1405,ท่อบรรจุก๊าซอาร์กอนขนาด 2 คิว 13.4 ลิตร,CHAMP,gas_cylinders,READY_GREEN,READY_FULL_SPECS,พร้อมขึ้นขายทันที สเปกวิศวกรรมครบถ้วน 100%,2,2300.0,2750.0,5,0,1,1,ท่อบรรจุก๊าซ และวาล์ว > อาร์กอน (Ar)
udo-1407,1407,ท่อบรรจุก๊าซอาร์กอนขนาด 1.5 คิว 10 ลิตร,CHAMP,gas_cylinders,READY_GREEN,READY_FULL_SPECS,พร้อมขึ้นขายทันที สเปกวิศวกรรมครบถ้วน 100%,2,2000.0,2350.0,5,0,1,1,ท่อบรรจุก๊าซ และวาล์ว > อาร์กอน (Ar)
udo-1409,1409,ท่อบรรจุก๊าซอาร์กอน ขนาด 0.5 คิว 4 ลิตร (อ้วน),CHAMP,gas_cylinders,READY_GREEN,READY_FULL_SPECS,พร้อมขึ้นขายทันที สเปกวิศวกรรมครบถ้วน 100%,2,1600.0,1850.0,5,0,1,1,ท่อบรรจุก๊าซ และวาล์ว > อาร์กอน (Ar)
udo-1411,1411,ท่อบรรจุก๊าซอาร์กอนขนาด 0.5 คิว 3.4 ลิตร (ผอม),CHAMP,gas_cylinders,READY_GREEN,READY_FULL_SPECS,พร้อมขึ้นขายทันที สเปกวิศวกรรมครบถ้วน 100%,2,1450.0,1650.0,5,0,1,1,ท่อบรรจุก๊าซ และวาล์ว > อาร์กอน (Ar)
udo-1412,1412,ท่อบรรจุก๊าซอาร์กอน UHP เกรด ขนาด 6 คิว 40 ลิตร,CHAMP,gas_cylinders,READY_GREEN,READY_INQUIRY_ITEM,สินค้าอุตสาหกรรมพร้อมขายในระบบขอใบเสนอราคา (B2B Request a Quote),1,0.0,0.0,5,0,1,1,ท่อบรรจุก๊าซ และวาล์ว > อาร์กอน (Ar)
udo-1413,1413,ท่อบรรจุก๊าซอาร์กอน UHP เกรด ขนาด 2 คิว 13.4 ลิตร,CHAMP,gas_cylinders,READY_GREEN,READY_INQUIRY_ITEM,สินค้าอุตสาหกรรมพร้อมขายในระบบขอใบเสนอราคา (B2B Request a Quote),1,0.0,0.0,5,0,1,1,ท่อบรรจุก๊าซ และวาล์ว > อาร์กอน (Ar)
udo-1414,1414,ท่อบรรจุก๊าซอาร์กอน UHP เกรด ขนาด 1.5 คิว 10 ลิตร,CHAMP,gas_cylinders,READY_GREEN,READY_INQUIRY_ITEM,สินค้าอุตสาหกรรมพร้อมขายในระบบขอใบเสนอราคา (B2B Request a Quote),1,0.0,0.0,5,0,1,1,ท่อบรรจุก๊าซ และวาล์ว > อาร์กอน (Ar)
udo-1415,1415,ท่อบรรจุก๊าซอาร์กอน UHP เกรด ขนาด 0.5 คิว 4 ลิตร (อ้วน),CHAMP,gas_cylinders,READY_GREEN,READY_INQUIRY_ITEM,สินค้าอุตสาหกรรมพร้อมขายในระบบขอใบเสนอราคา (B2B Request a Quote),1,0.0,0.0,5,0,1,1,ท่อบรรจุก๊าซ และวาล์ว > อาร์กอน (Ar)
udo-1416,1416,ท่อบรรจุก๊าซอาร์กอน UHP เกรด ขนาด 0.5 คิว 3.4 ลิตร (ผอม),CHAMP,gas_cylinders,READY_GREEN,READY_INQUIRY_ITEM,สินค้าอุตสาหกรรมพร้อมขายในระบบขอใบเสนอราคา (B2B Request a Quote),1,0.0,0.0,5,0,1,1,ท่อบรรจุก๊าซ และวาล์ว > อาร์กอน (Ar)
udo-1418,1418,ท่อบรรจุก๊าซ คาร์บอนไดออกไซด์ ขนาด 6 คิว 40 ลิตร,CHAMP,gas_cylinders,READY_GREEN,READY_FULL_SPECS,พร้อมขึ้นขายทันที สเปกวิศวกรรมครบถ้วน 100%,2,3800.0,4100.0,5,0,1,1,ท่อบรรจุก๊าซ และวาล์ว > คาร์บอนไดออกไซด์ (CO2)
udo-1420,1420,ท่อบรรจุก๊าซ คาร์บอนไดออกไซด์ขนาด 2 คิว 13.4 ลิตร,CHAMP,gas_cylinders,READY_GREEN,READY_FULL_SPECS,พร้อมขึ้นขายทันที สเปกวิศวกรรมครบถ้วน 100%,2,2300.0,2600.0,5,0,1,1,ท่อบรรจุก๊าซ และวาล์ว > คาร์บอนไดออกไซด์ (CO2)
udo-1422,1422,ท่อบรรจุก๊าซคาร์บอนไดออกไซด์ขนาด 1.5 คิว 10 ลิตร,CHAMP,gas_cylinders,READY_GREEN,READY_FULL_SPECS,พร้อมขึ้นขายทันที สเปกวิศวกรรมครบถ้วน 100%,2,2000.0,2200.0,5,0,1,1,ท่อบรรจุก๊าซ และวาล์ว > คาร์บอนไดออกไซด์ (CO2)
udo-1424,1424,ท่อบรรจุก๊าซคาร์บอนไดออกไซด์ ขนาด 0.5 คิว 4 ลิตร (อ้วน),CHAMP,gas_cylinders,READY_GREEN,READY_FULL_SPECS,พร้อมขึ้นขายทันที สเปกวิศวกรรมครบถ้วน 100%,2,1600.0,1750.0,5,0,1,1,ท่อบรรจุก๊าซ และวาล์ว > คาร์บอนไดออกไซด์ (CO2)
udo-1426,1426,ท่อบรรจุก๊าซ คาร์บอนไดออกไซด์ ขนาด 0.5 คิว 3.4 ลิตร (ผอม),CHAMP,gas_cylinders,READY_GREEN,READY_FULL_SPECS,พร้อมขึ้นขายทันที สเปกวิศวกรรมครบถ้วน 100%,2,1450.0,1600.0,5,0,1,1,ท่อบรรจุก๊าซ และวาล์ว > คาร์บอนไดออกไซด์ (CO2)
udo-1428,1428,ท่อบรรจุก๊าซ อะเซทีลีนขนาด 6 คิว 40 ลิตร,CHAMP,gas_cylinders,READY_GREEN,READY_FULL_SPECS,พร้อมขึ้นขายทันที สเปกวิศวกรรมครบถ้วน 100%,2,3800.0,5400.0,5,0,1,1,ท่อบรรจุก๊าซ และวาล์ว > อะเซทีลีน (AC)
udo-1429,1429,ท่อบรรจุก๊าซ ฮีเลียมบอลลูน เกรดขนาด 6 คิว 40 ลิตร,CHAMP,gas_cylinders,READY_GREEN,READY_INQUIRY_ITEM,สินค้าอุตสาหกรรมพร้อมขายในระบบขอใบเสนอราคา (B2B Request a Quote),1,0.0,0.0,5,0,1,1,ท่อบรรจุก๊าซ และวาล์ว > ฮีเลียม (He)
udo-1430,1430,ท่อบรรจุก๊าซ ฮีเลียมบอลลูน เกรดขนาด 2 คิว 13.4 ลิตร,CHAMP,gas_cylinders,READY_GREEN,READY_INQUIRY_ITEM,สินค้าอุตสาหกรรมพร้อมขายในระบบขอใบเสนอราคา (B2B Request a Quote),1,0.0,0.0,5,0,1,1,ท่อบรรจุก๊าซ และวาล์ว > ฮีเลียม (He)
udo-1431,1431,ท่อบรรจุก๊าซ ฮีเลียมบอลลูน เกรดขนาด 1.5 คิว 10 ลิตร,CHAMP,gas_cylinders,READY_GREEN,READY_INQUIRY_ITEM,สินค้าอุตสาหกรรมพร้อมขายในระบบขอใบเสนอราคา (B2B Request a Quote),1,0.0,0.0,5,0,1,1,ท่อบรรจุก๊าซ และวาล์ว > ฮีเลียม (He)
udo-1432,1432,ถังกำเนิดแก๊ส HERO ขนาด 5 กก.,HERO,gas_cylinders,READY_GREEN,READY_FULL_SPECS,พร้อมขึ้นขายทันที สเปกวิศวกรรมครบถ้วน 100%,1,4500.0,4500.0,5,0,1,1,ท่อบรรจุก๊าซ และวาล์ว > ถังกำเนิดแก๊ส
udo-1433,1433,ถังกำเนิดแก๊ส CHAMPION ขนาด 3 กก.,CHAMPION,gas_cylinders,READY_GREEN,READY_FULL_SPECS,พร้อมขึ้นขายทันที สเปกวิศวกรรมครบถ้วน 100%,1,4000.0,4000.0,5,0,1,1,ท่อบรรจุก๊าซ และวาล์ว > ถังกำเนิดแก๊ส
udo-1434,1434,แก๊สกระป๋อง แบบพิน,CHAMP,gas_cylinders,READY_GREEN,READY_FULL_SPECS,พร้อมขึ้นขายทันที สเปกวิศวกรรมครบถ้วน 100%,1,120.0,120.0,5,0,2,0,ท่อบรรจุก๊าซ และวาล์ว > แก๊สกระป๋อง
udo-1435,1435,แก๊สกระป๋อง แบบเกลียว,CHAMP,gas_cylinders,READY_GREEN,READY_FULL_SPECS,พร้อมขึ้นขายทันที สเปกวิศวกรรมครบถ้วน 100%,1,120.0,120.0,5,0,1,0,ท่อบรรจุก๊าซ และวาล์ว > แก๊สกระป๋อง
udo-1436,1436,แก๊สก้อน ตราร่ม,ตราร่ม,gas_cylinders,READY_GREEN,READY_FULL_SPECS,พร้อมขึ้นขายทันที สเปกวิศวกรรมครบถ้วน 100%,2,95.0,1950.0,5,0,1,0,ท่อบรรจุก๊าซ และวาล์ว > แก๊สก้อน
udo-1437,1437,หัววาล์วท่อบรรจุ ก๊าซอ๊อกซิเย่น CGA-540,CHAMP,gas_cylinders,READY_GREEN,READY_FULL_SPECS,พร้อมขึ้นขายทันที สเปกวิศวกรรมครบถ้วน 100%,1,380.0,380.0,5,0,1,1,ท่อบรรจุก๊าซ และวาล์ว > หัววาล์ว
udo-1438,1438,หัววาล์วท่อบรรจุก๊าซไนโตรเจน CGA-580,CHAMP,gas_cylinders,READY_GREEN,READY_FULL_SPECS,พร้อมขึ้นขายทันที สเปกวิศวกรรมครบถ้วน 100%,1,380.0,380.0,5,0,1,1,ท่อบรรจุก๊าซ และวาล์ว > หัววาล์ว
udo-1439,1439,หัววาล์วท่อบรรจุก๊าซอาร์กอน CGA-580,CHAMP,gas_cylinders,READY_GREEN,READY_FULL_SPECS,พร้อมขึ้นขายทันที สเปกวิศวกรรมครบถ้วน 100%,1,380.0,380.0,5,0,1,1,ท่อบรรจุก๊าซ และวาล์ว > หัววาล์ว
udo-1440,1440,หัววาล์วท่อบรรจุก๊าซคาร์บอนไดออกไซด์ CGA-320,CHAMP,gas_cylinders,READY_GREEN,READY_FULL_SPECS,พร้อมขึ้นขายทันที สเปกวิศวกรรมครบถ้วน 100%,1,380.0,380.0,5,0,1,1,ท่อบรรจุก๊าซ และวาล์ว > หัววาล์ว
udo-1441,1441,หัววาล์วท่อบรรจุก๊าซฮีเลียม CGA-580,CHAMP,gas_cylinders,READY_GREEN,READY_FULL_SPECS,พร้อมขึ้นขายทันที สเปกวิศวกรรมครบถ้วน 100%,1,380.0,380.0,5,0,1,1,ท่อบรรจุก๊าซ และวาล์ว > หัววาล์ว
udo-1442,1442,หัววาล์วท่อบรรจุก๊าซ อะเซทีลีน CGA-300,CHAMP,gas_cylinders,READY_GREEN,READY_FULL_SPECS,พร้อมขึ้นขายทันที สเปกวิศวกรรมครบถ้วน 100%,1,460.0,460.0,5,0,1,1,ท่อบรรจุก๊าซ และวาล์ว > หัววาล์ว
udo-1443,1443,รถเข็นท่อก๊าซ 6 คิว ท่อเดี่ยว 2 ล้อ,CHAMP,gas_cylinders,READY_GREEN,READY_FULL_SPECS,พร้อมขึ้นขายทันที สเปกวิศวกรรมครบถ้วน 100%,1,2800.0,2800.0,5,0,1,1,ท่อบรรจุก๊าซ และวาล์ว > รถเข็นท่อบรรจุก๊าซ
udo-1444,1444,รถเข็นท่อก๊าซ 6 คิว ท่อเดี่ยว 4 ล้อ,CHAMP,gas_cylinders,READY_GREEN,READY_FULL_SPECS,พร้อมขึ้นขายทันที สเปกวิศวกรรมครบถ้วน 100%,1,3600.0,3600.0,5,0,1,1,ท่อบรรจุก๊าซ และวาล์ว > รถเข็นท่อบรรจุก๊าซ
udo-1445,1445,รถเข็นท่อก๊าซ 6 คิว ท่อคู่ 2 ล้อ,CHAMP,gas_cylinders,READY_GREEN,READY_FULL_SPECS,พร้อมขึ้นขายทันที สเปกวิศวกรรมครบถ้วน 100%,1,3000.0,3000.0,5,0,1,1,ท่อบรรจุก๊าซ และวาล์ว > รถเข็นท่อบรรจุก๊าซ
udo-1446,1446,รถเข็นท่อก๊าซ 6 คิว ท่อคู่ 4 ล้อ,CHAMP,gas_cylinders,READY_GREEN,READY_FULL_SPECS,พร้อมขึ้นขายทันที สเปกวิศวกรรมครบถ้วน 100%,1,3900.0,3900.0,5,0,1,1,ท่อบรรจุก๊าซ และวาล์ว > รถเข็นท่อบรรจุก๊าซ
udo-1447,1447,รถเข็นท่อก๊าซขนาด 2 คิว (13.4 ลิตร),CHAMP,gas_cylinders,READY_GREEN,READY_FULL_SPECS,พร้อมขึ้นขายทันที สเปกวิศวกรรมครบถ้วน 100%,1,700.0,700.0,5,0,1,1,ท่อบรรจุก๊าซ และวาล์ว > รถเข็นท่อบรรจุก๊าซ
udo-1448,1448,รถเข็นท่อก๊าซขนาด 1.5 คิว (10 ลิตร),CHAMP,gas_cylinders,READY_GREEN,READY_FULL_SPECS,พร้อมขึ้นขายทันที สเปกวิศวกรรมครบถ้วน 100%,1,700.0,700.0,5,0,1,1,ท่อบรรจุก๊าซ และวาล์ว > รถเข็นท่อบรรจุก๊าซ
udo-1449,1449,รถเข็นท่อก๊าซขนาด 0.5 คิว (ผอม),CHAMP,gas_cylinders,READY_GREEN,READY_FULL_SPECS,พร้อมขึ้นขายทันที สเปกวิศวกรรมครบถ้วน 100%,1,700.0,700.0,5,0,1,1,ท่อบรรจุก๊าซ และวาล์ว > รถเข็นท่อบรรจุก๊าซ
udo-1450,1450,รถเข็นชุดเชื่อมสนามขนาด 1.5 คิว,CHAMP,gas_cylinders,READY_GREEN,READY_FULL_SPECS,พร้อมขึ้นขายทันที สเปกวิศวกรรมครบถ้วน 100%,1,700.0,700.0,5,0,1,1,ท่อบรรจุก๊าซ และวาล์ว > รถเข็นท่อบรรจุก๊าซ
udo-1451,1451,หูหิ้วชุดสนามขนาด 0.5 คิว,CHAMP,gas_cylinders,READY_GREEN,READY_FULL_SPECS,พร้อมขึ้นขายทันที สเปกวิศวกรรมครบถ้วน 100%,1,600.0,600.0,5,0,1,1,ท่อบรรจุก๊าซ และวาล์ว > รถเข็นท่อบรรจุก๊าซ
udo-1452,1452,เครื่องเชื่อมไฟฟ้า AUTOWEL FINEWEL-200D 200 Amp.,AUTOWEL,machines,READY_GREEN,READY_FULL_SPECS,พร้อมขึ้นขายทันที สเปกวิศวกรรมครบถ้วน 100%,1,16000.0,16000.0,7,0,1,1,เครื่องเชื่อมและเครื่องตัดพลาสม่า > เครื่องเชื่อมไฟฟ้า (MMA)
udo-1453,1453,เครื่องเชื่อมไฟฟ้า AUTOWEL FINEWEL-250D 250 Amp.,AUTOWEL,machines,READY_GREEN,READY_FULL_SPECS,พร้อมขึ้นขายทันที สเปกวิศวกรรมครบถ้วน 100%,1,18900.0,18900.0,7,0,1,1,เครื่องเชื่อมและเครื่องตัดพลาสม่า > เครื่องเชื่อมไฟฟ้า (MMA)
udo-1454,1454,เครื่องเชื่อมไฟฟ้า AUTOWEL FINEWEL-350D 300 Amp.,AUTOWEL,machines,READY_GREEN,READY_FULL_SPECS,พร้อมขึ้นขายทันที สเปกวิศวกรรมครบถ้วน 100%,1,24500.0,24500.0,7,0,1,1,เครื่องเชื่อมและเครื่องตัดพลาสม่า > เครื่องเชื่อมไฟฟ้า (MMA)
udo-1455,1455,เครื่องเชื่อมอาร์ก้อน AUTOWEL NICE 200ST 200 Amp.,AUTOWEL,machines,READY_GREEN,READY_FULL_SPECS,พร้อมขึ้นขายทันที สเปกวิศวกรรมครบถ้วน 100%,1,22500.0,22500.0,7,0,1,1,เครื่องเชื่อมและเครื่องตัดพลาสม่า > เครื่องเชื่อมอาร์กอน (TIG)
udo-1456,1456,เครื่องเชื่อมมิก CO2 INVERTER AUTOWEL NICE 200CM 200 Amp.,AUTOWEL,machines,READY_GREEN,READY_FULL_SPECS,พร้อมขึ้นขายทันที สเปกวิศวกรรมครบถ้วน 100%,1,43500.0,43500.0,7,0,1,1,เครื่องเชื่อมและเครื่องตัดพลาสม่า > เครื่องเชื่อมซีโอทู (MIG)
udo-1457,1457,เครื่องเชื่อมมิก CO2 AUTOWEL DRAGON-350 ขนาด 350 Amp.,AUTOWEL,machines,READY_GREEN,READY_FULL_SPECS,พร้อมขึ้นขายทันที สเปกวิศวกรรมครบถ้วน 100%,1,58900.0,58900.0,7,0,1,2,เครื่องเชื่อมและเครื่องตัดพลาสม่า > เครื่องเชื่อมซีโอทู (MIG)
udo-1458,1458,เครื่องตัด PLASMA AUTOWEL NICE-80DP 80 Amp.,AUTOWEL,machines,READY_GREEN,READY_FULL_SPECS,พร้อมขึ้นขายทันที สเปกวิศวกรรมครบถ้วน 100%,1,42900.0,42900.0,8,0,1,1,เครื่องเชื่อมและเครื่องตัดพลาสม่า > เครื่องตัดพลาสม่า (PLASMA)
udo-1459,1459,เครื่องเชื่อมไฟฟ้า HYUNDAI PONY 2160S,HYUNDAI,machines,READY_GREEN,READY_FULL_SPECS,พร้อมขึ้นขายทันที สเปกวิศวกรรมครบถ้วน 100%,1,9000.0,9000.0,7,0,3,1,เครื่องเชื่อมและเครื่องตัดพลาสม่า > เครื่องเชื่อมไฟฟ้า (MMA)
udo-1460,1460,เครื่องเชื่อมไฟฟ้า HYUNDAI PONY 2200S,HYUNDAI,machines,READY_GREEN,READY_FULL_SPECS,พร้อมขึ้นขายทันที สเปกวิศวกรรมครบถ้วน 100%,1,13000.0,13000.0,7,0,2,1,เครื่องเชื่อมและเครื่องตัดพลาสม่า > เครื่องเชื่อมไฟฟ้า (MMA)
udo-1461,1461,เครื่องเชื่อมไฟฟ้า HYUNDAI PONY 2300S,HYUNDAI,machines,READY_GREEN,READY_FULL_SPECS,พร้อมขึ้นขายทันที สเปกวิศวกรรมครบถ้วน 100%,1,23000.0,23000.0,7,0,1,1,เครื่องเชื่อมและเครื่องตัดพลาสม่า > เครื่องเชื่อมไฟฟ้า (MMA)
udo-1462,1462,เครื่องเชื่อมอาร์ก้อน TIG HYUNDAI PONY 2200TS,HYUNDAI,machines,READY_GREEN,READY_FULL_SPECS,พร้อมขึ้นขายทันที สเปกวิศวกรรมครบถ้วน 100%,1,27500.0,27500.0,7,0,2,0,เครื่องเชื่อมและเครื่องตัดพลาสม่า > เครื่องเชื่อมอาร์กอน (TIG)
udo-1463,1463,เครื่องเชื่อมมิก CO2 ระบบ INVERTER HYUNDAI FINE ARC II 350,HYUNDAI,machines,READY_GREEN,READY_FULL_SPECS,พร้อมขึ้นขายทันที สเปกวิศวกรรมครบถ้วน 100%,1,74000.0,74000.0,7,0,2,0,เครื่องเชื่อมและเครื่องตัดพลาสม่า > เครื่องเชื่อมซีโอทู (MIG)
udo-1464,1464,เครื่องเชื่อมมิก CO2 HYUNDAI HD AUTO 500S,HYUNDAI,machines,READY_GREEN,READY_FULL_SPECS,พร้อมขึ้นขายทันที สเปกวิศวกรรมครบถ้วน 100%,1,65000.0,65000.0,7,0,1,1,เครื่องเชื่อมและเครื่องตัดพลาสม่า > เครื่องเชื่อมซีโอทู (MIG)
udo-1465,1465,เครื่องตัดพลาสม่า HYUNDAI HyPLA040,HYUNDAI,machines,READY_GREEN,READY_FULL_SPECS,พร้อมขึ้นขายทันที สเปกวิศวกรรมครบถ้วน 100%,1,25000.0,25000.0,8,0,3,1,เครื่องเชื่อมและเครื่องตัดพลาสม่า > เครื่องตัดพลาสม่า (PLASMA)
udo-1466,1466,เครื่องตัดพลาสม่า HYUNDAI HyPLA150,HYUNDAI,machines,READY_GREEN,READY_FULL_SPECS,พร้อมขึ้นขายทันที สเปกวิศวกรรมครบถ้วน 100%,1,98500.0,98500.0,8,0,1,1,เครื่องเชื่อมและเครื่องตัดพลาสม่า > เครื่องตัดพลาสม่า (PLASMA)
udo-1467,1467,เครื่องเชื่อมไฟฟ้า STICK-200 ระบบ Inverter KENZO 200 Amp.,KENZO,machines,READY_GREEN,READY_FULL_SPECS,พร้อมขึ้นขายทันที สเปกวิศวกรรมครบถ้วน 100%,1,7000.0,7000.0,7,0,1,1,เครื่องเชื่อมและเครื่องตัดพลาสม่า > เครื่องเชื่อมไฟฟ้า (MMA)
udo-1468,1468,เครื่องเชื่อมไฟฟ้า STICK-250 ระบบ Inverter KENZO 250 Amp.,KENZO,machines,READY_GREEN,READY_FULL_SPECS,พร้อมขึ้นขายทันที สเปกวิศวกรรมครบถ้วน 100%,1,17500.0,17500.0,7,0,1,1,เครื่องเชื่อมและเครื่องตัดพลาสม่า > เครื่องเชื่อมไฟฟ้า (MMA)
udo-1469,1469,เครื่องเชื่อมไฟฟ้า STICK-253 ระบบ Inverter KENZO 250 Amp. 380V,KENZO,machines,READY_GREEN,READY_FULL_SPECS,พร้อมขึ้นขายทันที สเปกวิศวกรรมครบถ้วน 100%,1,11500.0,11500.0,7,0,1,1,เครื่องเชื่อมและเครื่องตัดพลาสม่า > เครื่องเชื่อมไฟฟ้า (MMA)
udo-1470,1470,เครื่องเชื่อมไฟฟ้า STICK-300 ระบบ Inverter KENZO 300 Amp.,KENZO,machines,READY_GREEN,READY_FULL_SPECS,พร้อมขึ้นขายทันที สเปกวิศวกรรมครบถ้วน 100%,1,22500.0,22500.0,7,0,1,1,เครื่องเชื่อมและเครื่องตัดพลาสม่า > เครื่องเชื่อมไฟฟ้า (MMA)
udo-1471,1471,เครื่องเชื่อมไฟฟ้า STICK-303 ระบบ Inverter KENZO 300 Amp. 380V,KENZO,machines,READY_GREEN,READY_FULL_SPECS,พร้อมขึ้นขายทันที สเปกวิศวกรรมครบถ้วน 100%,1,13500.0,13500.0,7,0,1,1,เครื่องเชื่อมและเครื่องตัดพลาสม่า > เครื่องเชื่อมไฟฟ้า (MMA)
udo-1472,1472,เครื่องเชื่อมไฟฟ้า STICK-403 ระบบ Inverter KENZO 400 Amp. 380V,KENZO,machines,READY_GREEN,READY_FULL_SPECS,พร้อมขึ้นขายทันที สเปกวิศวกรรมครบถ้วน 100%,1,19900.0,19900.0,7,0,3,1,เครื่องเชื่อมและเครื่องตัดพลาสม่า > เครื่องเชื่อมไฟฟ้า (MMA)
udo-1473,1473,เครื่องเชื่อมอาร์ก้อน TIG 200P ระบบ Inverter KENZO 200 Amp.,KENZO,machines,READY_GREEN,READY_FULL_SPECS,พร้อมขึ้นขายทันที สเปกวิศวกรรมครบถ้วน 100%,1,14900.0,14900.0,7,0,1,1,เครื่องเชื่อมและเครื่องตัดพลาสม่า > เครื่องเชื่อมอาร์กอน (TIG)
udo-1474,1474,เครื่องเชื่อมอาร์ก้อน TIG200i AC/DC ระบบ Inverter KENZO 200 Amp.,KENZO,machines,READY_GREEN,READY_FULL_SPECS,พร้อมขึ้นขายทันที สเปกวิศวกรรมครบถ้วน 100%,1,32900.0,32900.0,7,0,1,1,เครื่องเชื่อมและเครื่องตัดพลาสม่า > เครื่องเชื่อมอาร์กอน (TIG)
udo-1475,1475,เครื่องเชื่อมอาร์ก้อน TIG 250 ระบบ Inverter KENZO 250 Amp. 220V.,KENZO,machines,READY_GREEN,READY_FULL_SPECS,พร้อมขึ้นขายทันที สเปกวิศวกรรมครบถ้วน 100%,1,21900.0,21900.0,7,0,1,1,เครื่องเชื่อมและเครื่องตัดพลาสม่า > เครื่องเชื่อมอาร์กอน (TIG)
udo-1476,1476,เครื่องเชื่อมอาร์ก้อน TIG 250 ระบบ Inverter KENZO ขนาด 250 Amp. 380V,KENZO,machines,READY_GREEN,READY_FULL_SPECS,พร้อมขึ้นขายทันที สเปกวิศวกรรมครบถ้วน 100%,1,24900.0,24900.0,7,0,1,1,เครื่องเชื่อมและเครื่องตัดพลาสม่า > เครื่องเชื่อมอาร์กอน (TIG)
udo-1477,1477,เครื่องเชื่อมมิก CO2 ระบบ INVERTER KENZO POWER MIG 250i,KENZO,machines,READY_GREEN,READY_FULL_SPECS,พร้อมขึ้นขายทันที สเปกวิศวกรรมครบถ้วน 100%,1,34900.0,34900.0,7,0,1,1,เครื่องเชื่อมและเครื่องตัดพลาสม่า > เครื่องเชื่อมซีโอทู (MIG)
udo-1478,1478,เครื่องเชื่อม MIG CO2 MIG-250 KENZO ขนาด 250 Amp.,KENZO,machines,READY_GREEN,READY_FULL_SPECS,พร้อมขึ้นขายทันที สเปกวิศวกรรมครบถ้วน 100%,1,29900.0,29900.0,7,0,1,1,เครื่องเชื่อมและเครื่องตัดพลาสม่า > เครื่องเชื่อมซีโอทู (MIG)
udo-1479,1479,เครื่องเชื่อม MIG CO2 MIG-253 KENZO 250 Amp. 380V,KENZO,machines,READY_GREEN,READY_FULL_SPECS,พร้อมขึ้นขายทันที สเปกวิศวกรรมครบถ้วน 100%,1,29900.0,29900.0,7,0,1,0,เครื่องเชื่อมและเครื่องตัดพลาสม่า > เครื่องเชื่อมซีโอทู (MIG)
udo-1480,1480,เครื่องเชื่อม MIG CO2 MIG-350 KENZO ขนาด 350 Amp.,KENZO,machines,READY_GREEN,READY_FULL_SPECS,พร้อมขึ้นขายทันที สเปกวิศวกรรมครบถ้วน 100%,1,53900.0,53900.0,7,0,1,1,เครื่องเชื่อมและเครื่องตัดพลาสม่า > เครื่องเชื่อมซีโอทู (MIG)
udo-1481,1481,เครื่องเชื่อม MIG CO2 MIG-500 KENZO ขนาด 500 Amp.,KENZO,machines,READY_GREEN,READY_FULL_SPECS,พร้อมขึ้นขายทันที สเปกวิศวกรรมครบถ้วน 100%,1,61900.0,61900.0,7,0,1,1,เครื่องเชื่อมและเครื่องตัดพลาสม่า > เครื่องเชื่อมซีโอทู (MIG)
udo-1482,1482,เครื่องเชื่อม KENZO Power 350i MST,KENZO,machines,READY_GREEN,READY_FULL_SPECS,พร้อมขึ้นขายทันที สเปกวิศวกรรมครบถ้วน 100%,1,69900.0,69900.0,7,0,1,1,เครื่องเชื่อมและเครื่องตัดพลาสม่า > เครื่องเชื่อมซีโอทู (MIG)
udo-1483,1483,เครื่องเชื่อม KENZO Power 500i MST,KENZO,machines,READY_GREEN,READY_FULL_SPECS,พร้อมขึ้นขายทันที สเปกวิศวกรรมครบถ้วน 100%,1,89900.0,89900.0,7,0,1,1,เครื่องเชื่อมและเครื่องตัดพลาสม่า > เครื่องเชื่อมซีโอทู (MIG)
udo-1484,1484,เครื่องตัด PLASMA CUT-40 ขนาด 40 Amp.,KENZO,machines,READY_GREEN,READY_FULL_SPECS,พร้อมขึ้นขายทันที สเปกวิศวกรรมครบถ้วน 100%,1,9900.0,9900.0,8,0,1,1,เครื่องเชื่อมและเครื่องตัดพลาสม่า > เครื่องตัดพลาสม่า (PLASMA)
udo-1485,1485,เครื่องตัด PLASMA LGK-40 KENZO 40 Amp.,KENZO,machines,READY_GREEN,READY_FULL_SPECS,พร้อมขึ้นขายทันที สเปกวิศวกรรมครบถ้วน 100%,1,26900.0,26900.0,8,0,1,1,เครื่องเชื่อมและเครื่องตัดพลาสม่า > เครื่องตัดพลาสม่า (PLASMA)
udo-1486,1486,เครื่องตัด KENZO PLASMA 40P ขนาด 40 Amp.,KENZO,machines,READY_GREEN,READY_FULL_SPECS,พร้อมขึ้นขายทันที สเปกวิศวกรรมครบถ้วน 100%,1,19900.0,19900.0,8,0,1,1,เครื่องเชื่อมและเครื่องตัดพลาสม่า > เครื่องตัดพลาสม่า (PLASMA)
udo-1487,1487,เครื่องตัด KENZO PLASMA 55P ขนาด 55 Amp.,KENZO,machines,READY_GREEN,READY_FULL_SPECS,พร้อมขึ้นขายทันที สเปกวิศวกรรมครบถ้วน 100%,1,29900.0,29900.0,8,0,1,1,เครื่องเชื่อมและเครื่องตัดพลาสม่า > เครื่องตัดพลาสม่า (PLASMA)
udo-1488,1488,เครื่องตัด KENZO PLASMA 80 ขนาด 80 Amp.,KENZO,machines,READY_GREEN,READY_FULL_SPECS,พร้อมขึ้นขายทันที สเปกวิศวกรรมครบถ้วน 100%,1,47900.0,47900.0,8,0,1,1,เครื่องเชื่อมและเครื่องตัดพลาสม่า > เครื่องตัดพลาสม่า (PLASMA)
udo-1489,1489,เครื่องตัด KENZO PLASMA 100 ขนาด 100 Amp.,KENZO,machines,READY_GREEN,READY_FULL_SPECS,พร้อมขึ้นขายทันที สเปกวิศวกรรมครบถ้วน 100%,1,67900.0,67900.0,8,0,1,1,เครื่องเชื่อมและเครื่องตัดพลาสม่า > เครื่องตัดพลาสม่า (PLASMA)
udo-1860,1860,สวิตซ์คอนโทรลด้ามเชื่อมอาร์กอน TRAFIMET SINGLE MICRO SWTICH,TRAFIMET,consumables,READY_GREEN,READY_FULL_SPECS,พร้อมขึ้นขายทันที สเปกวิศวกรรมครบถ้วน 100%,1,150.0,150.0,4,0,1,0,อะไหล่สิ้นเปลือง เครื่องตัดพลาสม่า เครื่องเชื่อม > อะไหล่หัวเชื่อมอาร์กอน (TIG) > อะไหล่อื่นๆ (Accessories)
udo-1861,1861,SHORT BACK CAP (41V33) ด้ามเชื่อม WP-9 WP-20 WP-25,CHAMP,consumables,READY_GREEN,READY_FULL_SPECS,พร้อมขึ้นขายทันที สเปกวิศวกรรมครบถ้วน 100%,1,240.0,240.0,4,0,1,1,อะไหล่สิ้นเปลือง เครื่องตัดพลาสม่า เครื่องเชื่อม > อะไหล่หัวเชื่อมอาร์กอน (TIG) > หางปลาจับลวด (Back Cap)
udo-1862,1862,MEDUIM BACK CAP (41V35) ด้ามเชื่อม WP-9 WP-20 WP-25,CHAMP,consumables,READY_GREEN,READY_FULL_SPECS,พร้อมขึ้นขายทันที สเปกวิศวกรรมครบถ้วน 100%,1,300.0,300.0,4,0,1,1,อะไหล่สิ้นเปลือง เครื่องตัดพลาสม่า เครื่องเชื่อม > อะไหล่หัวเชื่อมอาร์กอน (TIG) > หางปลาจับลวด (Back Cap)
udo-1863,1863,ถ้วยเซรามิกด้ามเชื่อม WP-9 WP-20 WP-25 GAS LENS ALUMINA NOZZLE,CHAMP,consumables,READY_GREEN,READY_FULL_SPECS,พร้อมขึ้นขายทันที สเปกวิศวกรรมครบถ้วน 100%,4,180.0,180.0,4,0,1,1,อะไหล่สิ้นเปลือง เครื่องตัดพลาสม่า เครื่องเชื่อม > อะไหล่หัวเชื่อมอาร์กอน (TIG) > ถ้วยเซรามิค (Alumina Nozzle)
udo-1864,1864,ถ้วยเซรามิกแบบยาวด้ามเชื่อม WP-9 WP-20 WP-25 LONG ALUMINA NOZZLE,CHAMP,consumables,READY_GREEN,READY_FULL_SPECS,พร้อมขึ้นขายทันที สเปกวิศวกรรมครบถ้วน 100%,3,240.0,240.0,4,0,1,1,อะไหล่สิ้นเปลือง เครื่องตัดพลาสม่า เครื่องเชื่อม > อะไหล่หัวเชื่อมอาร์กอน (TIG) > ถ้วยเซรามิค (Alumina Nozzle)
udo-1865,1865,ถ้วยเซรามิกด้ามเชื่อม WP-9 WP-20 WP-25 ALUMINA NOZZLE,CHAMP,consumables,READY_GREEN,READY_FULL_SPECS,พร้อมขึ้นขายทันที สเปกวิศวกรรมครบถ้วน 100%,3,240.0,240.0,4,0,1,1,อะไหล่สิ้นเปลือง เครื่องตัดพลาสม่า เครื่องเชื่อม > อะไหล่หัวเชื่อมอาร์กอน (TIG) > ถ้วยเซรามิค (Alumina Nozzle)
udo-1866,1866,สลิปใน COLLET ด้ามเชื่อม WP-9 WP-20 WP-25,CHAMP,consumables,READY_GREEN,READY_FULL_SPECS,พร้อมขึ้นขายทันที สเปกวิศวกรรมครบถ้วน 100%,3,240.0,240.0,4,0,1,1,อะไหล่สิ้นเปลือง เครื่องตัดพลาสม่า เครื่องเชื่อม > อะไหล่หัวเชื่อมอาร์กอน (TIG) > สลิปใน (Collet)
udo-1867,1867,สลิปนอก COLLET BODY ด้ามเชื่อม WP-9 WP-20 WP-25,CHAMP,consumables,READY_GREEN,READY_FULL_SPECS,พร้อมขึ้นขายทันที สเปกวิศวกรรมครบถ้วน 100%,3,270.0,270.0,4,0,1,1,อะไหล่สิ้นเปลือง เครื่องตัดพลาสม่า เครื่องเชื่อม > อะไหล่หัวเชื่อมอาร์กอน (TIG) > สลิปนอก (Collet Body)
udo-1868,1868,สลิปนอก GAS LENS COLLET BODY ด้ามเชื่อม WP-9 WP-20 WP-25,CHAMP,consumables,READY_GREEN,READY_FULL_SPECS,พร้อมขึ้นขายทันที สเปกวิศวกรรมครบถ้วน 100%,3,360.0,360.0,4,0,1,1,อะไหล่สิ้นเปลือง เครื่องตัดพลาสม่า เครื่องเชื่อม > อะไหล่หัวเชื่อมอาร์กอน (TIG) > สลิปนอก (Collet Body)
udo-1869,1869,ข้อต่อสายเชื่อมสายแก๊สด้ามเชื่อม WP-26,CHAMP,consumables,READY_GREEN,READY_FULL_SPECS,พร้อมขึ้นขายทันที สเปกวิศวกรรมครบถ้วน 100%,1,170.0,170.0,4,0,3,1,อะไหล่สิ้นเปลือง เครื่องตัดพลาสม่า เครื่องเชื่อม > อะไหล่หัวเชื่อมอาร์กอน (TIG) > อะไหล่อื่นๆ (Accessories)
udo-1870,1870,SHORT BACK CAP (57Y04) ด้ามเชื่อม WP-17 WP-18 WP-26,TRAFIMET,consumables,READY_GREEN,READY_FULL_SPECS,พร้อมขึ้นขายทันที สเปกวิศวกรรมครบถ้วน 100%,1,120.0,120.0,4,0,1,1,อะไหล่สิ้นเปลือง เครื่องตัดพลาสม่า เครื่องเชื่อม > อะไหล่หัวเชื่อมอาร์กอน (TIG) > หางปลาจับลวด (Back Cap)
udo-1871,1871,LONG BACK CAP (57Y02) ด้ามเชื่อม WP-17 WP-18 WP-26,TRAFIMET,consumables,READY_GREEN,READY_FULL_SPECS,พร้อมขึ้นขายทันที สเปกวิศวกรรมครบถ้วน 100%,1,230.0,230.0,4,0,1,1,อะไหล่สิ้นเปลือง เครื่องตัดพลาสม่า เครื่องเชื่อม > อะไหล่หัวเชื่อมอาร์กอน (TIG) > หางปลาจับลวด (Back Cap)
udo-1872,1872,ถ้วยเซรามิกแบบยาวด้ามเชื่อม WP-17 WP-18 WP-26 ALUMINA NOZZLE,CHAMP,consumables,READY_GREEN,READY_FULL_SPECS,พร้อมขึ้นขายทันที สเปกวิศวกรรมครบถ้วน 100%,3,300.0,300.0,4,0,1,1,อะไหล่สิ้นเปลือง เครื่องตัดพลาสม่า เครื่องเชื่อม > อะไหล่หัวเชื่อมอาร์กอน (TIG) > ถ้วยเซรามิค (Alumina Nozzle)
udo-1873,1873,ถ้วยเซรามิกด้ามเชื่อม WP-17 WP-18 WP-26 ALUMINA NOZZLE,TRAFIMET,consumables,READY_GREEN,READY_FULL_SPECS,พร้อมขึ้นขายทันที สเปกวิศวกรรมครบถ้วน 100%,7,160.0,300.0,4,0,3,1,อะไหล่สิ้นเปลือง เครื่องตัดพลาสม่า เครื่องเชื่อม > อะไหล่หัวเชื่อมอาร์กอน (TIG) > ถ้วยเซรามิค (Alumina Nozzle)
udo-1874,1874,สลิปใน COLLET ด้ามเชื่อม WP-17 WP-18 WP-26,TRAFIMET,consumables,READY_GREEN,READY_FULL_SPECS,พร้อมขึ้นขายทันที สเปกวิศวกรรมครบถ้วน 100%,3,140.0,140.0,4,0,1,1,อะไหล่สิ้นเปลือง เครื่องตัดพลาสม่า เครื่องเชื่อม > อะไหล่หัวเชื่อมอาร์กอน (TIG) > สลิปใน (Collet)
udo-1875,1875,สลิปนอก COLLET BODY ด้ามเชื่อม WP-17 WP-18 WP-26,TRAFIMET,consumables,READY_GREEN,READY_FULL_SPECS,พร้อมขึ้นขายทันที สเปกวิศวกรรมครบถ้วน 100%,3,230.0,230.0,4,0,1,1,อะไหล่สิ้นเปลือง เครื่องตัดพลาสม่า เครื่องเชื่อม > อะไหล่หัวเชื่อมอาร์กอน (TIG) > สลิปนอก (Collet Body)
udo-1876,1876,สวิตซ์คอนโทรลด้ามเชื่อมอาร์กอนด้ามตัดพลาสม่า,CHAMP,consumables,READY_GREEN,READY_FULL_SPECS,พร้อมขึ้นขายทันที สเปกวิศวกรรมครบถ้วน 100%,1,360.0,360.0,4,0,1,0,อะไหล่สิ้นเปลือง เครื่องตัดพลาสม่า เครื่องเชื่อม > อะไหล่หัวเชื่อมอาร์กอน (TIG) > อะไหล่อื่นๆ (Accessories)
udo-1877,1877,ด้ามเชื่อมอาร์กอน WP-17,TRAFIMET,consumables,READY_GREEN,READY_FULL_SPECS,พร้อมขึ้นขายทันที สเปกวิศวกรรมครบถ้วน 100%,1,550.0,550.0,4,0,3,1,อะไหล่สิ้นเปลือง เครื่องตัดพลาสม่า เครื่องเชื่อม > อะไหล่หัวเชื่อมอาร์กอน (TIG) > ด้ามเชื่อม (Torch)
udo-1878,1878,ด้ามเชื่อมอาร์กอน WP-18,TRAFIMET,consumables,READY_GREEN,READY_FULL_SPECS,พร้อมขึ้นขายทันที สเปกวิศวกรรมครบถ้วน 100%,1,650.0,650.0,4,0,2,1,อะไหล่สิ้นเปลือง เครื่องตัดพลาสม่า เครื่องเชื่อม > อะไหล่หัวเชื่อมอาร์กอน (TIG) > ด้ามเชื่อม (Torch)
udo-1879,1879,ด้ามเชื่อมอาร์กอน WP-18V,TRAFIMET,consumables,READY_GREEN,READY_FULL_SPECS,พร้อมขึ้นขายทันที สเปกวิศวกรรมครบถ้วน 100%,1,650.0,650.0,4,0,3,1,อะไหล่สิ้นเปลือง เครื่องตัดพลาสม่า เครื่องเชื่อม > อะไหล่หัวเชื่อมอาร์กอน (TIG) > ด้ามเชื่อม (Torch)
udo-1880,1880,ด้ามเชื่อมอาร์กอน WP-26,TRAFIMET,consumables,READY_GREEN,READY_FULL_SPECS,พร้อมขึ้นขายทันที สเปกวิศวกรรมครบถ้วน 100%,1,600.0,600.0,4,0,3,1,อะไหล่สิ้นเปลือง เครื่องตัดพลาสม่า เครื่องเชื่อม > อะไหล่หัวเชื่อมอาร์กอน (TIG) > ด้ามเชื่อม (Torch)
udo-1881,1881,ด้ามเชื่อมอาร์กอน WP-26F,TRAFIMET,consumables,READY_GREEN,READY_FULL_SPECS,พร้อมขึ้นขายทันที สเปกวิศวกรรมครบถ้วน 100%,1,700.0,700.0,4,0,3,1,อะไหล่สิ้นเปลือง เครื่องตัดพลาสม่า เครื่องเชื่อม > อะไหล่หัวเชื่อมอาร์กอน (TIG) > ด้ามเชื่อม (Torch)
udo-1882,1882,ด้ามเชื่อมอาร์กอน WP-26V,TRAFIMET,consumables,READY_GREEN,READY_FULL_SPECS,พร้อมขึ้นขายทันที สเปกวิศวกรรมครบถ้วน 100%,1,600.0,600.0,4,0,3,1,อะไหล่สิ้นเปลือง เครื่องตัดพลาสม่า เครื่องเชื่อม > อะไหล่หัวเชื่อมอาร์กอน (TIG) > ด้ามเชื่อม (Torch)
udo-1883,1883,ปืนเชื่อมอาร์ก้อน TRAFIMET SINTIG 17 ยาว 8 เมตร,TRAFIMET,consumables,READY_GREEN,READY_FULL_SPECS,พร้อมขึ้นขายทันที สเปกวิศวกรรมครบถ้วน 100%,1,3900.0,3900.0,4,0,1,2,อะไหล่สิ้นเปลือง เครื่องตัดพลาสม่า เครื่องเชื่อม > อะไหล่หัวเชื่อมอาร์กอน (TIG) > ปืนเชื่อมอาร์กอนพร้อมสาย (TIG Torch)
udo-1884,1884,ปืนเชื่อมอาร์ก้อน TRAFIMET SINTIG 20 ยาว 25 ฟุต,TRAFIMET,consumables,READY_GREEN,READY_FULL_SPECS,พร้อมขึ้นขายทันที สเปกวิศวกรรมครบถ้วน 100%,1,4600.0,4600.0,4,0,1,2,อะไหล่สิ้นเปลือง เครื่องตัดพลาสม่า เครื่องเชื่อม > อะไหล่หัวเชื่อมอาร์กอน (TIG) > ปืนเชื่อมอาร์กอนพร้อมสาย (TIG Torch)
udo-1885,1885,ปืนเชื่อมอาร์ก้อน TRAFIMET SINTIG 26 SK-25 ยาว 8 เมตร ท้าย MILLER,TRAFIMET,consumables,READY_GREEN,READY_FULL_SPECS,พร้อมขึ้นขายทันที สเปกวิศวกรรมครบถ้วน 100%,1,3500.0,3500.0,4,0,1,2,อะไหล่สิ้นเปลือง เครื่องตัดพลาสม่า เครื่องเชื่อม > อะไหล่หัวเชื่อมอาร์กอน (TIG) > ปืนเชื่อมอาร์กอนพร้อมสาย (TIG Torch)
udo-1886,1886,ปืนเชื่อมอาร์ก้อน TRAFIMET SINTIG 26 SK-50 ยาว 8 เมตร ท้าย MILLER,TRAFIMET,consumables,READY_GREEN,READY_FULL_SPECS,พร้อมขึ้นขายทันที สเปกวิศวกรรมครบถ้วน 100%,1,3500.0,3500.0,4,0,1,2,อะไหล่สิ้นเปลือง เครื่องตัดพลาสม่า เครื่องเชื่อม > อะไหล่หัวเชื่อมอาร์กอน (TIG) > ปืนเชื่อมอาร์กอนพร้อมสาย (TIG Torch)
udo-1887,1887,ปืนเชื่อมอาร์ก้อน WP-26 ยาว 25 ฟุต,CHAMP,consumables,READY_GREEN,READY_FULL_SPECS,พร้อมขึ้นขายทันที สเปกวิศวกรรมครบถ้วน 100%,1,2700.0,2700.0,4,0,1,0,อะไหล่สิ้นเปลือง เครื่องตัดพลาสม่า เครื่องเชื่อม > อะไหล่หัวเชื่อมอาร์กอน (TIG) > ปืนเชื่อมอาร์กอนพร้อมสาย (TIG Torch)
udo-1888,1888,ปืนเชื่อมอาร์ก้อน WP-18 ยาว 25 ฟุต,CHAMP,consumables,READY_GREEN,READY_FULL_SPECS,พร้อมขึ้นขายทันที สเปกวิศวกรรมครบถ้วน 100%,1,3600.0,3600.0,4,0,1,0,อะไหล่สิ้นเปลือง เครื่องตัดพลาสม่า เครื่องเชื่อม > อะไหล่หัวเชื่อมอาร์กอน (TIG) > ปืนเชื่อมอาร์กอนพร้อมสาย (TIG Torch)
udo-1992,1992,โรลเลอร์ขับลวดซีโอทู FEEDER ในตัว SOLID WIRE SIZE 0.8/1.0,KENZO,consumables,READY_GREEN,READY_FULL_SPECS,พร้อมขึ้นขายทันที สเปกวิศวกรรมครบถ้วน 100%,1,690.0,690.0,4,0,2,0,อะไหล่สิ้นเปลือง เครื่องตัดพลาสม่า เครื่องเชื่อม > อะไหล่หัวเชื่อมซีโอทู (MIG) > อะไหล่อื่นๆ (Accessories)
udo-1993,1993,โรลเลอร์ขับลวดซีโอทู FEEDER 4 ROLLER SOLID WIRE ขนาด 0.9/1.2,KENZO,consumables,READY_GREEN,READY_FULL_SPECS,พร้อมขึ้นขายทันที สเปกวิศวกรรมครบถ้วน 100%,1,790.0,790.0,4,0,1,0,อะไหล่สิ้นเปลือง เครื่องตัดพลาสม่า เครื่องเชื่อม > อะไหล่หัวเชื่อมซีโอทู (MIG) > อะไหล่อื่นๆ (Accessories)
udo-1994,1994,โรลเลอร์ขับลวดซีโอทู FEEDER 4 ROLLER SOLID WIRE ขนาด 1.2/1.6,KENZO,consumables,READY_GREEN,READY_FULL_SPECS,พร้อมขึ้นขายทันที สเปกวิศวกรรมครบถ้วน 100%,1,790.0,790.0,4,0,1,0,อะไหล่สิ้นเปลือง เครื่องตัดพลาสม่า เครื่องเชื่อม > อะไหล่หัวเชื่อมซีโอทู (MIG) > อะไหล่อื่นๆ (Accessories)
udo-1995,1995,โรลเลอร์ขับลวดฟลักซ์คอร์ไวร์ FEEDER PANASONIC FLUX CORED WIRE ขนาด 1.2/1.6,KENZO,consumables,READY_GREEN,READY_FULL_SPECS,พร้อมขึ้นขายทันที สเปกวิศวกรรมครบถ้วน 100%,1,890.0,890.0,4,0,1,0,อะไหล่สิ้นเปลือง เครื่องตัดพลาสม่า เครื่องเชื่อม > อะไหล่หัวเชื่อมซีโอทู (MIG) > อะไหล่อื่นๆ (Accessories)
udo-1996,1996,โรลเลอร์ขับลวดซีโอทู FEEDER PANASONIC SOLID WIRE ขนาด 0.8/1.0,KENZO,consumables,READY_GREEN,READY_FULL_SPECS,พร้อมขึ้นขายทันที สเปกวิศวกรรมครบถ้วน 100%,1,790.0,790.0,4,0,1,0,อะไหล่สิ้นเปลือง เครื่องตัดพลาสม่า เครื่องเชื่อม > อะไหล่หัวเชื่อมซีโอทู (MIG) > อะไหล่อื่นๆ (Accessories)
udo-1997,1997,โรลเลอร์ขับลวดซีโอทู FEEDER PANASONIC SOLID WIRE ขนาด 0.9/1.2,KENZO,consumables,READY_GREEN,READY_FULL_SPECS,พร้อมขึ้นขายทันที สเปกวิศวกรรมครบถ้วน 100%,1,790.0,790.0,4,0,1,0,อะไหล่สิ้นเปลือง เครื่องตัดพลาสม่า เครื่องเชื่อม > อะไหล่หัวเชื่อมซีโอทู (MIG) > อะไหล่อื่นๆ (Accessories)
udo-1998,1998,ฝาถังลวดเชื่อม Ball Pack ขนาด 510 มม.,HYUNDAI,consumables,READY_GREEN,READY_FULL_SPECS,พร้อมขึ้นขายทันที สเปกวิศวกรรมครบถ้วน 100%,1,4200.0,4200.0,4,0,2,1,อะไหล่สิ้นเปลือง เครื่องตัดพลาสม่า เครื่องเชื่อม > อะไหล่หัวเชื่อมซีโอทู (MIG) > อะไหล่อื่นๆ (Accessories)
udo-1999,1999,ฝาถังลวดเชื่อม Ball Pack ขนาด 660 มม.,HYUNDAI,consumables,READY_GREEN,READY_FULL_SPECS,พร้อมขึ้นขายทันที สเปกวิศวกรรมครบถ้วน 100%,1,5400.0,5400.0,4,0,2,0,อะไหล่สิ้นเปลือง เครื่องตัดพลาสม่า เครื่องเชื่อม > อะไหล่หัวเชื่อมซีโอทู (MIG) > อะไหล่อื่นๆ (Accessories)
udo-2000,2000,ไลน์เนอร์ฝาถังลวดเชื่อม Ball Pack ยาว 3 เมตร,HYUNDAI,consumables,READY_GREEN,READY_FULL_SPECS,พร้อมขึ้นขายทันที สเปกวิศวกรรมครบถ้วน 100%,1,3600.0,3600.0,4,0,2,1,อะไหล่สิ้นเปลือง เครื่องตัดพลาสม่า เครื่องเชื่อม > อะไหล่หัวเชื่อมซีโอทู (MIG) > อะไหล่อื่นๆ (Accessories)
udo-2001,2001,TRAFIMET EURO ADAPTER SCREW,TRAFIMET,consumables,READY_GREEN,READY_FULL_SPECS,พร้อมขึ้นขายทันที สเปกวิศวกรรมครบถ้วน 100%,1,200.0,200.0,4,0,1,1,อะไหล่สิ้นเปลือง เครื่องตัดพลาสม่า เครื่องเชื่อม > อะไหล่หัวเชื่อมซีโอทู (MIG) > อะไหล่อื่นๆ (Accessories)
udo-2002,2002,TRAFIMET EURO ADAPTER O-RING 4X1 NBR,TRAFIMET,consumables,READY_GREEN,READY_FULL_SPECS,พร้อมขึ้นขายทันที สเปกวิศวกรรมครบถ้วน 100%,1,200.0,200.0,4,0,1,1,อะไหล่สิ้นเปลือง เครื่องตัดพลาสม่า เครื่องเชื่อม > อะไหล่หัวเชื่อมซีโอทู (MIG) > อะไหล่อื่นๆ (Accessories)
udo-2003,2003,TRAFIMET EURO ADAPTER SPRING PIN,TRAFIMET,consumables,READY_GREEN,READY_FULL_SPECS,พร้อมขึ้นขายทันที สเปกวิศวกรรมครบถ้วน 100%,1,400.0,400.0,4,0,1,1,อะไหล่สิ้นเปลือง เครื่องตัดพลาสม่า เครื่องเชื่อม > อะไหล่หัวเชื่อมซีโอทู (MIG) > อะไหล่อื่นๆ (Accessories)
udo-2004,2004,TRAFIMET EURO ADAPTER GUN PLUG NUT,TRAFIMET,consumables,READY_GREEN,READY_FULL_SPECS,พร้อมขึ้นขายทันที สเปกวิศวกรรมครบถ้วน 100%,1,490.0,490.0,4,0,2,1,อะไหล่สิ้นเปลือง เครื่องตัดพลาสม่า เครื่องเชื่อม > อะไหล่หัวเชื่อมซีโอทู (MIG) > อะไหล่อื่นๆ (Accessories)
udo-2005,2005,TRAFIMET EURO ADAPTER LINER NUT,TRAFIMET,consumables,READY_GREEN,READY_FULL_SPECS,พร้อมขึ้นขายทันที สเปกวิศวกรรมครบถ้วน 100%,1,250.0,250.0,4,0,2,1,อะไหล่สิ้นเปลือง เครื่องตัดพลาสม่า เครื่องเชื่อม > อะไหล่หัวเชื่อมซีโอทู (MIG) > อะไหล่อื่นๆ (Accessories)
udo-2006,2006,TRAFIMET EURO ADAPTER EURO BODY TORCH,TRAFIMET,consumables,READY_GREEN,READY_FULL_SPECS,พร้อมขึ้นขายทันที สเปกวิศวกรรมครบถ้วน 100%,1,900.0,900.0,4,0,3,2,อะไหล่สิ้นเปลือง เครื่องตัดพลาสม่า เครื่องเชื่อม > อะไหล่หัวเชื่อมซีโอทู (MIG) > อะไหล่อื่นๆ (Accessories)
udo-2007,2007,TRAFIMET ERGOPLUS ADAPTER SPRING CABLE SUPPORT,TRAFIMET,consumables,READY_GREEN,READY_FULL_SPECS,พร้อมขึ้นขายทันที สเปกวิศวกรรมครบถ้วน 100%,1,200.0,200.0,4,0,2,1,อะไหล่สิ้นเปลือง เครื่องตัดพลาสม่า เครื่องเชื่อม > อะไหล่หัวเชื่อมซีโอทู (MIG) > อะไหล่อื่นๆ (Accessories)
udo-2008,2008,TRAFIMET BACKBOX EURO HANDLE ADAPTER,TRAFIMET,consumables,READY_GREEN,READY_FULL_SPECS,พร้อมขึ้นขายทันที สเปกวิศวกรรมครบถ้วน 100%,1,580.0,580.0,4,0,2,2,อะไหล่สิ้นเปลือง เครื่องตัดพลาสม่า เครื่องเชื่อม > อะไหล่หัวเชื่อมซีโอทู (MIG) > อะไหล่อื่นๆ (Accessories)
udo-2009,2009,ด้ามจับปืนเชื่อมมิก TRAFIMET ERGOPLUS HANDLE,TRAFIMET,consumables,READY_GREEN,READY_FULL_SPECS,พร้อมขึ้นขายทันที สเปกวิศวกรรมครบถ้วน 100%,1,580.0,580.0,4,0,2,2,อะไหล่สิ้นเปลือง เครื่องตัดพลาสม่า เครื่องเชื่อม > อะไหล่หัวเชื่อมซีโอทู (MIG) > อะไหล่อื่นๆ (Accessories)
udo-2010,2010,TRAFIMET ERGOPLUS HANDLE RING,TRAFIMET,consumables,READY_GREEN,READY_FULL_SPECS,พร้อมขึ้นขายทันที สเปกวิศวกรรมครบถ้วน 100%,1,150.0,150.0,4,0,1,2,อะไหล่สิ้นเปลือง เครื่องตัดพลาสม่า เครื่องเชื่อม > อะไหล่หัวเชื่อมซีโอทู (MIG) > อะไหล่อื่นๆ (Accessories)
udo-2011,2011,TRAFIMET ERGOPLUS JOINT WITH SPRING,TRAFIMET,consumables,READY_GREEN,READY_FULL_SPECS,พร้อมขึ้นขายทันที สเปกวิศวกรรมครบถ้วน 100%,1,250.0,250.0,4,0,1,2,อะไหล่สิ้นเปลือง เครื่องตัดพลาสม่า เครื่องเชื่อม > อะไหล่หัวเชื่อมซีโอทู (MIG) > อะไหล่อื่นๆ (Accessories)
udo-2012,2012,TRAFIMET ERGOPLUS TORCH CABLE SUPPORT,TRAFIMET,consumables,READY_GREEN,READY_FULL_SPECS,พร้อมขึ้นขายทันที สเปกวิศวกรรมครบถ้วน 100%,1,150.0,150.0,4,0,1,1,อะไหล่สิ้นเปลือง เครื่องตัดพลาสม่า เครื่องเชื่อม > อะไหล่หัวเชื่อมซีโอทู (MIG) > อะไหล่อื่นๆ (Accessories)
udo-2013,2013,ด้ามจับปืนเชื่อมมิก Handle Set Pana 180/200 Amp,CHAMP,consumables,READY_GREEN,READY_FULL_SPECS,พร้อมขึ้นขายทันที สเปกวิศวกรรมครบถ้วน 100%,1,580.0,580.0,4,0,2,0,อะไหล่สิ้นเปลือง เครื่องตัดพลาสม่า เครื่องเชื่อม > อะไหล่หัวเชื่อมซีโอทู (MIG) > อะไหล่อื่นๆ (Accessories)
udo-2014,2014,ด้ามจับปืนเชื่อมมิก Handle Set Pana 350/500 Amp,CHAMP,consumables,READY_GREEN,READY_FULL_SPECS,พร้อมขึ้นขายทันที สเปกวิศวกรรมครบถ้วน 100%,1,580.0,580.0,4,0,2,0,อะไหล่สิ้นเปลือง เครื่องตัดพลาสม่า เครื่องเชื่อม > อะไหล่หัวเชื่อมซีโอทู (MIG) > อะไหล่อื่นๆ (Accessories)
udo-2015,2015,ด้าม ADAPTER HOUSING PANA 180/200/350/500,CHAMP,consumables,READY_GREEN,READY_FULL_SPECS,พร้อมขึ้นขายทันที สเปกวิศวกรรมครบถ้วน 100%,1,580.0,580.0,4,0,2,0,อะไหล่สิ้นเปลือง เครื่องตัดพลาสม่า เครื่องเชื่อม > อะไหล่หัวเชื่อมซีโอทู (MIG) > อะไหล่อื่นๆ (Accessories)
udo-2016,2016,TRAFIMET ADAPTER ด้ามจับท้าย CINA BACK BOX,TRAFIMET,consumables,READY_GREEN,READY_FULL_SPECS,พร้อมขึ้นขายทันที สเปกวิศวกรรมครบถ้วน 100%,1,580.0,580.0,4,0,2,1,อะไหล่สิ้นเปลือง เครื่องตัดพลาสม่า เครื่องเชื่อม > อะไหล่หัวเชื่อมซีโอทู (MIG) > อะไหล่อื่นๆ (Accessories)
udo-2017,2017,TRAFIMET ด้ามจับปืนเชื่อมมิก CINA 350-500 Amp,TRAFIMET,consumables,READY_GREEN,READY_FULL_SPECS,พร้อมขึ้นขายทันที สเปกวิศวกรรมครบถ้วน 100%,1,580.0,580.0,4,0,2,1,อะไหล่สิ้นเปลือง เครื่องตัดพลาสม่า เครื่องเชื่อม > อะไหล่หัวเชื่อมซีโอทู (MIG) > อะไหล่อื่นๆ (Accessories)
udo-2018,2018,SWITCH MIG TORCH PANASONIC,CHAMP,consumables,READY_GREEN,READY_FULL_SPECS,พร้อมขึ้นขายทันที สเปกวิศวกรรมครบถ้วน 100%,1,450.0,450.0,4,0,2,1,อะไหล่สิ้นเปลือง เครื่องตัดพลาสม่า เครื่องเชื่อม > อะไหล่หัวเชื่อมซีโอทู (MIG) > อะไหล่อื่นๆ (Accessories)
udo-2019,2019,ปลั๊กปืนเชื่อมมิก PANASONIC,CHAMP,consumables,READY_GREEN,READY_FULL_SPECS,พร้อมขึ้นขายทันที สเปกวิศวกรรมครบถ้วน 100%,1,200.0,200.0,4,0,1,0,อะไหล่สิ้นเปลือง เครื่องตัดพลาสม่า เครื่องเชื่อม > อะไหล่หัวเชื่อมซีโอทู (MIG) > อะไหล่อื่นๆ (Accessories)
udo-2020,2020,TRAFIMET LONG TRIGGER SWITCH CO2 TORCH,TRAFIMET,consumables,READY_GREEN,READY_FULL_SPECS,พร้อมขึ้นขายทันที สเปกวิศวกรรมครบถ้วน 100%,1,380.0,380.0,4,0,2,1,อะไหล่สิ้นเปลือง เครื่องตัดพลาสม่า เครื่องเชื่อม > อะไหล่หัวเชื่อมซีโอทู (MIG) > อะไหล่อื่นๆ (Accessories)
udo-2021,2021,TRAFIMET OTC ADAPTER SCREW,TRAFIMET,consumables,READY_GREEN,READY_FULL_SPECS,พร้อมขึ้นขายทันที สเปกวิศวกรรมครบถ้วน 100%,1,490.0,490.0,4,0,1,0,อะไหล่สิ้นเปลือง เครื่องตัดพลาสม่า เครื่องเชื่อม > อะไหล่หัวเชื่อมซีโอทู (MIG) > อะไหล่อื่นๆ (Accessories)
udo-2022,2022,TRAFIMET OTC TORCH ADAPTER SET,TRAFIMET,consumables,READY_GREEN,READY_FULL_SPECS,พร้อมขึ้นขายทันที สเปกวิศวกรรมครบถ้วน 100%,1,980.0,980.0,4,0,1,0,อะไหล่สิ้นเปลือง เครื่องตัดพลาสม่า เครื่องเชื่อม > อะไหล่หัวเชื่อมซีโอทู (MIG) > อะไหล่อื่นๆ (Accessories)
udo-2023,2023,TRAFIMET CONTACT TIP (CuCrZr) MAXI-250,TRAFIMET,consumables,READY_GREEN,READY_FULL_SPECS,พร้อมขึ้นขายทันที สเปกวิศวกรรมครบถ้วน 100%,3,300.0,300.0,4,0,1,1,อะไหล่สิ้นเปลือง เครื่องตัดพลาสม่า เครื่องเชื่อม > อะไหล่หัวเชื่อมซีโอทู (MIG) > คอนแท็คทิป (Contact Tip)
udo-2024,2024,TRAFIMET GAS DIFFUSER MAXI-250,TRAFIMET,consumables,READY_GREEN,READY_FULL_SPECS,พร้อมขึ้นขายทันที สเปกวิศวกรรมครบถ้วน 100%,1,390.0,390.0,4,0,1,1,อะไหล่สิ้นเปลือง เครื่องตัดพลาสม่า เครื่องเชื่อม > อะไหล่หัวเชื่อมซีโอทู (MIG) > แก๊สดิสฟิวเซอร์ (Gas Diffuser)
udo-2025,2025,TRAFIMET NOZZLE MAXI-250,TRAFIMET,consumables,READY_GREEN,READY_FULL_SPECS,พร้อมขึ้นขายทันที สเปกวิศวกรรมครบถ้วน 100%,1,450.0,450.0,4,0,2,1,อะไหล่สิ้นเปลือง เครื่องตัดพลาสม่า เครื่องเชื่อม > อะไหล่หัวเชื่อมซีโอทู (MIG) > น๊อตเซิล (Nozzle)
udo-2026,2026,TRAFIMET CONTACT TIP (CuCrZr) MAXI-350,TRAFIMET,consumables,READY_GREEN,READY_FULL_SPECS,พร้อมขึ้นขายทันที สเปกวิศวกรรมครบถ้วน 100%,3,300.0,300.0,4,0,1,0,อะไหล่สิ้นเปลือง เครื่องตัดพลาสม่า เครื่องเชื่อม > อะไหล่หัวเชื่อมซีโอทู (MIG) > คอนแท็คทิป (Contact Tip)
udo-2027,2027,TRAFIMET GAS DIFFUSER MAXI-350,TRAFIMET,consumables,READY_GREEN,READY_FULL_SPECS,พร้อมขึ้นขายทันที สเปกวิศวกรรมครบถ้วน 100%,1,450.0,450.0,4,0,1,1,อะไหล่สิ้นเปลือง เครื่องตัดพลาสม่า เครื่องเชื่อม > อะไหล่หัวเชื่อมซีโอทู (MIG) > แก๊สดิสฟิวเซอร์ (Gas Diffuser)
udo-2028,2028,TRAFIMET NOZZLE MAXI-350,TRAFIMET,consumables,READY_GREEN,READY_FULL_SPECS,พร้อมขึ้นขายทันที สเปกวิศวกรรมครบถ้วน 100%,1,500.0,500.0,4,0,2,1,อะไหล่สิ้นเปลือง เครื่องตัดพลาสม่า เครื่องเชื่อม > อะไหล่หัวเชื่อมซีโอทู (MIG) > น๊อตเซิล (Nozzle)
udo-2029,2029,TRAFIMET ด้ามจับปืนเชื่อมมิก MAXI BLACK HANDLE,TRAFIMET,consumables,READY_GREEN,READY_FULL_SPECS,พร้อมขึ้นขายทันที สเปกวิศวกรรมครบถ้วน 100%,1,580.0,580.0,4,0,2,1,อะไหล่สิ้นเปลือง เครื่องตัดพลาสม่า เครื่องเชื่อม > อะไหล่หัวเชื่อมซีโอทู (MIG) > อะไหล่อื่นๆ (Accessories)
udo-2030,2030,TRAFIMET TEFLON LINER,TRAFIMET,consumables,READY_GREEN,READY_FULL_SPECS,พร้อมขึ้นขายทันที สเปกวิศวกรรมครบถ้วน 100%,1,800.0,800.0,4,0,1,1,อะไหล่สิ้นเปลือง เครื่องตัดพลาสม่า เครื่องเชื่อม > อะไหล่หัวเชื่อมซีโอทู (MIG) > อะไหล่อื่นๆ (Accessories)
udo-2031,2031,TRAFIMET STEEL LINER ท้าย PANASONIC,TRAFIMET,consumables,READY_GREEN,READY_FULL_SPECS,พร้อมขึ้นขายทันที สเปกวิศวกรรมครบถ้วน 100%,2,400.0,450.0,4,0,1,1,อะไหล่สิ้นเปลือง เครื่องตัดพลาสม่า เครื่องเชื่อม > อะไหล่หัวเชื่อมซีโอทู (MIG) > อะไหล่อื่นๆ (Accessories)
udo-2032,2032,TRAFIMET STEEL LINER ท้าย EURO,TRAFIMET,consumables,READY_GREEN,READY_FULL_SPECS,พร้อมขึ้นขายทันที สเปกวิศวกรรมครบถ้วน 100%,2,400.0,450.0,4,0,1,1,อะไหล่สิ้นเปลือง เครื่องตัดพลาสม่า เครื่องเชื่อม > อะไหล่หัวเชื่อมซีโอทู (MIG) > อะไหล่อื่นๆ (Accessories)
udo-2033,2033,TRAFIMET STEEL LINER ท้าย OTC,TRAFIMET,consumables,READY_GREEN,READY_FULL_SPECS,พร้อมขึ้นขายทันที สเปกวิศวกรรมครบถ้วน 100%,1,450.0,450.0,4,0,1,1,อะไหล่สิ้นเปลือง เครื่องตัดพลาสม่า เครื่องเชื่อม > อะไหล่หัวเชื่อมซีโอทู (MIG) > อะไหล่อื่นๆ (Accessories)
udo-2034,2034,TORCH HEAD OTC-350,CHAMP,consumables,READY_GREEN,READY_FULL_SPECS,พร้อมขึ้นขายทันที สเปกวิศวกรรมครบถ้วน 100%,1,550.0,550.0,4,0,1,0,อะไหล่สิ้นเปลือง เครื่องตัดพลาสม่า เครื่องเชื่อม > อะไหล่หัวเชื่อมซีโอทู (MIG) > คอด้ามเชื่อม (Torch Head)
udo-2035,2035,TIP HOLDER OTC-350,CHAMP,consumables,READY_GREEN,READY_FULL_SPECS,พร้อมขึ้นขายทันที สเปกวิศวกรรมครบถ้วน 100%,1,320.0,320.0,4,0,1,1,อะไหล่สิ้นเปลือง เครื่องตัดพลาสม่า เครื่องเชื่อม > อะไหล่หัวเชื่อมซีโอทู (MIG) > แกนจับหัวทิป (Tip Holder)
udo-2036,2036,TIP HOLDER OTC-500,CHAMP,consumables,READY_GREEN,READY_FULL_SPECS,พร้อมขึ้นขายทันที สเปกวิศวกรรมครบถ้วน 100%,1,340.0,340.0,4,0,1,1,อะไหล่สิ้นเปลือง เครื่องตัดพลาสม่า เครื่องเชื่อม > อะไหล่หัวเชื่อมซีโอทู (MIG) > แกนจับหัวทิป (Tip Holder)
udo-2037,2037,TRAFIMET GAS DIFFUSER ERGOPLUS 36,TRAFIMET,consumables,READY_GREEN,READY_FULL_SPECS,พร้อมขึ้นขายทันที สเปกวิศวกรรมครบถ้วน 100%,1,380.0,380.0,4,0,1,1,อะไหล่สิ้นเปลือง เครื่องตัดพลาสม่า เครื่องเชื่อม > อะไหล่หัวเชื่อมซีโอทู (MIG) > แก๊สดิสฟิวเซอร์ (Gas Diffuser)
udo-2038,2038,TRAFIMET M6 LONG TIP HOLDER ERGOPLUS 36,TRAFIMET,consumables,READY_GREEN,READY_FULL_SPECS,พร้อมขึ้นขายทันที สเปกวิศวกรรมครบถ้วน 100%,1,320.0,320.0,4,0,1,1,อะไหล่สิ้นเปลือง เครื่องตัดพลาสม่า เครื่องเชื่อม > อะไหล่หัวเชื่อมซีโอทู (MIG) > แกนจับหัวทิป (Tip Holder)
udo-2039,2039,TRAFIMET NOZZLE ERGOPLUS 36,TRAFIMET,consumables,READY_GREEN,READY_FULL_SPECS,พร้อมขึ้นขายทันที สเปกวิศวกรรมครบถ้วน 100%,1,420.0,420.0,4,0,3,1,อะไหล่สิ้นเปลือง เครื่องตัดพลาสม่า เครื่องเชื่อม > อะไหล่หัวเชื่อมซีโอทู (MIG) > น๊อตเซิล (Nozzle)
udo-2040,2040,TRAFIMET TORCH HEAD ERGOPLUS 36,TRAFIMET,consumables,READY_GREEN,READY_FULL_SPECS,พร้อมขึ้นขายทันที สเปกวิศวกรรมครบถ้วน 100%,1,650.0,650.0,4,0,2,1,อะไหล่สิ้นเปลือง เครื่องตัดพลาสม่า เครื่องเชื่อม > อะไหล่หัวเชื่อมซีโอทู (MIG) > คอด้ามเชื่อม (Torch Head)
udo-2041,2041,TRAFIMET GAS DIFFUSER ERGOPLUS 25,TRAFIMET,consumables,READY_GREEN,READY_FULL_SPECS,พร้อมขึ้นขายทันที สเปกวิศวกรรมครบถ้วน 100%,1,320.0,320.0,4,0,1,1,อะไหล่สิ้นเปลือง เครื่องตัดพลาสม่า เครื่องเชื่อม > อะไหล่หัวเชื่อมซีโอทู (MIG) > แก๊สดิสฟิวเซอร์ (Gas Diffuser)
udo-2042,2042,TRAFIMET NOZZLE ERGOPLUS 25 DIA 25 mm.,TRAFIMET,consumables,READY_GREEN,READY_FULL_SPECS,พร้อมขึ้นขายทันที สเปกวิศวกรรมครบถ้วน 100%,1,360.0,360.0,4,0,1,1,อะไหล่สิ้นเปลือง เครื่องตัดพลาสม่า เครื่องเชื่อม > อะไหล่หัวเชื่อมซีโอทู (MIG) > น๊อตเซิล (Nozzle)
udo-2043,2043,TRAFIMET NOZZLE SPRING ERGOPLUS 25,TRAFIMET,consumables,READY_GREEN,READY_FULL_SPECS,พร้อมขึ้นขายทันที สเปกวิศวกรรมครบถ้วน 100%,1,180.0,180.0,4,0,1,1,อะไหล่สิ้นเปลือง เครื่องตัดพลาสม่า เครื่องเชื่อม > อะไหล่หัวเชื่อมซีโอทู (MIG) > น๊อตเซิล (Nozzle)
udo-2044,2044,TRAFIMET TORCH HEAD ERGOPLUS 25,TRAFIMET,consumables,READY_GREEN,READY_FULL_SPECS,พร้อมขึ้นขายทันที สเปกวิศวกรรมครบถ้วน 100%,1,550.0,550.0,4,0,2,1,อะไหล่สิ้นเปลือง เครื่องตัดพลาสม่า เครื่องเชื่อม > อะไหล่หัวเชื่อมซีโอทู (MIG) > คอด้ามเชื่อม (Torch Head)
udo-2045,2045,TRAFIMET GAS DIFFUSER ERGOPLUS 24,TRAFIMET,consumables,READY_GREEN,READY_FULL_SPECS,พร้อมขึ้นขายทันที สเปกวิศวกรรมครบถ้วน 100%,1,380.0,380.0,4,0,2,1,อะไหล่สิ้นเปลือง เครื่องตัดพลาสม่า เครื่องเชื่อม > อะไหล่หัวเชื่อมซีโอทู (MIG) > แก๊สดิสฟิวเซอร์ (Gas Diffuser)
udo-2046,2046,TRAFIMET NOZZLE ERGOPLUS 24,TRAFIMET,consumables,READY_GREEN,READY_FULL_SPECS,พร้อมขึ้นขายทันที สเปกวิศวกรรมครบถ้วน 100%,1,360.0,360.0,4,0,1,1,อะไหล่สิ้นเปลือง เครื่องตัดพลาสม่า เครื่องเชื่อม > อะไหล่หัวเชื่อมซีโอทู (MIG) > น๊อตเซิล (Nozzle)
udo-2047,2047,TRAFIMET TORCH HEAD ERGOPLUS 24,TRAFIMET,consumables,READY_GREEN,READY_FULL_SPECS,พร้อมขึ้นขายทันที สเปกวิศวกรรมครบถ้วน 100%,1,550.0,550.0,4,0,2,1,อะไหล่สิ้นเปลือง เครื่องตัดพลาสม่า เครื่องเชื่อม > อะไหล่หัวเชื่อมซีโอทู (MIG) > คอด้ามเชื่อม (Torch Head)
udo-2048,2048,TRAFIMET TIP HOLDER ERGOPLUS 24,TRAFIMET,consumables,READY_GREEN,READY_FULL_SPECS,พร้อมขึ้นขายทันที สเปกวิศวกรรมครบถ้วน 100%,1,320.0,320.0,4,0,1,1,อะไหล่สิ้นเปลือง เครื่องตัดพลาสม่า เครื่องเชื่อม > อะไหล่หัวเชื่อมซีโอทู (MIG) > แกนจับหัวทิป (Tip Holder)
udo-2049,2049,TRAFIMET GAS DIFFUSER ERGOPLUS 15,TRAFIMET,consumables,READY_GREEN,READY_FULL_SPECS,พร้อมขึ้นขายทันที สเปกวิศวกรรมครบถ้วน 100%,1,380.0,380.0,4,0,1,1,อะไหล่สิ้นเปลือง เครื่องตัดพลาสม่า เครื่องเชื่อม > อะไหล่หัวเชื่อมซีโอทู (MIG) > แก๊สดิสฟิวเซอร์ (Gas Diffuser)
udo-2050,2050,TRAFIMET NOZZLE ERGOPLUS 15,TRAFIMET,consumables,READY_GREEN,READY_FULL_SPECS,พร้อมขึ้นขายทันที สเปกวิศวกรรมครบถ้วน 100%,1,360.0,360.0,4,0,1,1,อะไหล่สิ้นเปลือง เครื่องตัดพลาสม่า เครื่องเชื่อม > อะไหล่หัวเชื่อมซีโอทู (MIG) > น๊อตเซิล (Nozzle)
udo-2051,2051,TRAFIMET NOZZLE SPRING ERGOPLUS 15,TRAFIMET,consumables,READY_GREEN,READY_FULL_SPECS,พร้อมขึ้นขายทันที สเปกวิศวกรรมครบถ้วน 100%,1,180.0,180.0,4,0,1,1,อะไหล่สิ้นเปลือง เครื่องตัดพลาสม่า เครื่องเชื่อม > อะไหล่หัวเชื่อมซีโอทู (MIG) > น๊อตเซิล (Nozzle)
udo-2052,2052,TRAFIMET TORCH HEAD ERGOPLUS 15,TRAFIMET,consumables,READY_GREEN,READY_FULL_SPECS,พร้อมขึ้นขายทันที สเปกวิศวกรรมครบถ้วน 100%,1,480.0,480.0,4,0,1,1,อะไหล่สิ้นเปลือง เครื่องตัดพลาสม่า เครื่องเชื่อม > อะไหล่หัวเชื่อมซีโอทู (MIG) > คอด้ามเชื่อม (Torch Head)
udo-2053,2053,TRAFIMET CONTACT TIP (CuCrZr) 15AK,TRAFIMET,consumables,READY_GREEN,READY_FULL_SPECS,พร้อมขึ้นขายทันที สเปกวิศวกรรมครบถ้วน 100%,2,230.0,230.0,4,0,1,1,อะไหล่สิ้นเปลือง เครื่องตัดพลาสม่า เครื่องเชื่อม > อะไหล่หัวเชื่อมซีโอทู (MIG) > คอนแท็คทิป (Contact Tip)
udo-2054,2054,TRAFIMET CONTACT TIP (CuCrZr) 25KD,TRAFIMET,consumables,READY_GREEN,READY_FULL_SPECS,พร้อมขึ้นขายทันที สเปกวิศวกรรมครบถ้วน 100%,3,250.0,250.0,4,0,1,1,อะไหล่สิ้นเปลือง เครื่องตัดพลาสม่า เครื่องเชื่อม > อะไหล่หัวเชื่อมซีโอทู (MIG) > คอนแท็คทิป (Contact Tip)
udo-2055,2055,TRAFIMET CONTACT TIP (CuCrZr) PANASONIC,TRAFIMET,consumables,READY_GREEN,READY_FULL_SPECS,พร้อมขึ้นขายทันที สเปกวิศวกรรมครบถ้วน 100%,5,270.0,270.0,4,0,1,1,อะไหล่สิ้นเปลือง เครื่องตัดพลาสม่า เครื่องเชื่อม > อะไหล่หัวเชื่อมซีโอทู (MIG) > คอนแท็คทิป (Contact Tip)
udo-2056,2056,CONTACT TIP OTC DAIHEN ขนาด 1.2 มม.,OTC,consumables,READY_GREEN,READY_FULL_SPECS,พร้อมขึ้นขายทันที สเปกวิศวกรรมครบถ้วน 100%,1,300.0,300.0,4,0,2,0,อะไหล่สิ้นเปลือง เครื่องตัดพลาสม่า เครื่องเชื่อม > อะไหล่หัวเชื่อมซีโอทู (MIG) > คอนแท็คทิป (Contact Tip)
udo-2057,2057,TRAIMET INSULATOR PANASONIC 500 แอมป์,TRAFIMET,consumables,READY_GREEN,READY_FULL_SPECS,พร้อมขึ้นขายทันที สเปกวิศวกรรมครบถ้วน 100%,1,680.0,680.0,4,0,1,1,อะไหล่สิ้นเปลือง เครื่องตัดพลาสม่า เครื่องเชื่อม > อะไหล่หัวเชื่อมซีโอทู (MIG) > อินซูเรเตอร์ (Insulator)
udo-2058,2058,TRAIMET ORIFICE PANASONIC 500 แอมป์,TRAFIMET,consumables,READY_GREEN,READY_FULL_SPECS,พร้อมขึ้นขายทันที สเปกวิศวกรรมครบถ้วน 100%,1,330.0,330.0,4,0,1,1,อะไหล่สิ้นเปลือง เครื่องตัดพลาสม่า เครื่องเชื่อม > อะไหล่หัวเชื่อมซีโอทู (MIG) > แก๊สดิสฟิวเซอร์ (Gas Diffuser)
udo-2059,2059,TRAIMET NOZZLE PANASONIC 500 แอมป์,TRAFIMET,consumables,READY_GREEN,READY_FULL_SPECS,พร้อมขึ้นขายทันที สเปกวิศวกรรมครบถ้วน 100%,1,750.0,750.0,4,0,2,1,อะไหล่สิ้นเปลือง เครื่องตัดพลาสม่า เครื่องเชื่อม > อะไหล่หัวเชื่อมซีโอทู (MIG) > น๊อตเซิล (Nozzle)
udo-2060,2060,TRAIMET TIP HOLDER PANASONIC 500 แอมป์,TRAFIMET,consumables,READY_GREEN,READY_FULL_SPECS,พร้อมขึ้นขายทันที สเปกวิศวกรรมครบถ้วน 100%,1,360.0,360.0,4,0,1,1,อะไหล่สิ้นเปลือง เครื่องตัดพลาสม่า เครื่องเชื่อม > อะไหล่หัวเชื่อมซีโอทู (MIG) > แกนจับหัวทิป (Tip Holder)
udo-2061,2061,TRAIMET TORCH HEAD PANASONIC 500 แอมป์,TRAFIMET,consumables,READY_GREEN,READY_FULL_SPECS,พร้อมขึ้นขายทันที สเปกวิศวกรรมครบถ้วน 100%,1,680.0,680.0,4,0,2,1,อะไหล่สิ้นเปลือง เครื่องตัดพลาสม่า เครื่องเชื่อม > อะไหล่หัวเชื่อมซีโอทู (MIG) > คอด้ามเชื่อม (Torch Head)
udo-2062,2062,TRAIMET TORCH HEAD PANASONIC 200 แอมป์,TRAFIMET,consumables,READY_GREEN,READY_FULL_SPECS,พร้อมขึ้นขายทันที สเปกวิศวกรรมครบถ้วน 100%,1,480.0,480.0,4,0,1,1,อะไหล่สิ้นเปลือง เครื่องตัดพลาสม่า เครื่องเชื่อม > อะไหล่หัวเชื่อมซีโอทู (MIG) > คอด้ามเชื่อม (Torch Head)
udo-2063,2063,TRAIMET TIP HOLDER PANASONIC 200 แอมป์,TRAFIMET,consumables,READY_GREEN,READY_FULL_SPECS,พร้อมขึ้นขายทันที สเปกวิศวกรรมครบถ้วน 100%,1,280.0,280.0,4,0,1,1,อะไหล่สิ้นเปลือง เครื่องตัดพลาสม่า เครื่องเชื่อม > อะไหล่หัวเชื่อมซีโอทู (MIG) > แกนจับหัวทิป (Tip Holder)
udo-2064,2064,TRAIMET NOZZLE PANASONIC 200 แอมป์,TRAFIMET,consumables,READY_GREEN,READY_FULL_SPECS,พร้อมขึ้นขายทันที สเปกวิศวกรรมครบถ้วน 100%,1,480.0,480.0,4,0,1,1,อะไหล่สิ้นเปลือง เครื่องตัดพลาสม่า เครื่องเชื่อม > อะไหล่หัวเชื่อมซีโอทู (MIG) > น๊อตเซิล (Nozzle)
udo-2065,2065,TRAIMET TORCH HEAD PANASONIC 350 แอมป์,TRAFIMET,consumables,READY_GREEN,READY_FULL_SPECS,พร้อมขึ้นขายทันที สเปกวิศวกรรมครบถ้วน 100%,1,550.0,550.0,4,0,1,1,อะไหล่สิ้นเปลือง เครื่องตัดพลาสม่า เครื่องเชื่อม > อะไหล่หัวเชื่อมซีโอทู (MIG) > คอด้ามเชื่อม (Torch Head)
udo-2066,2066,TRAIMET TIP HOLDER PANASONIC 350 แอมป์,TRAFIMET,consumables,READY_GREEN,READY_FULL_SPECS,พร้อมขึ้นขายทันที สเปกวิศวกรรมครบถ้วน 100%,1,300.0,300.0,4,0,1,1,อะไหล่สิ้นเปลือง เครื่องตัดพลาสม่า เครื่องเชื่อม > อะไหล่หัวเชื่อมซีโอทู (MIG) > แกนจับหัวทิป (Tip Holder)
udo-2067,2067,TRAIMET ORIFICE PANASONIC 350 แอมป์,TRAFIMET,consumables,READY_GREEN,READY_FULL_SPECS,พร้อมขึ้นขายทันที สเปกวิศวกรรมครบถ้วน 100%,1,330.0,330.0,4,0,1,1,อะไหล่สิ้นเปลือง เครื่องตัดพลาสม่า เครื่องเชื่อม > อะไหล่หัวเชื่อมซีโอทู (MIG) > แก๊สดิสฟิวเซอร์ (Gas Diffuser)
udo-2068,2068,TRAIMET INSULATOR PANASONIC 350 แอมป์,TRAFIMET,consumables,READY_GREEN,READY_FULL_SPECS,พร้อมขึ้นขายทันที สเปกวิศวกรรมครบถ้วน 100%,1,480.0,480.0,4,0,1,1,อะไหล่สิ้นเปลือง เครื่องตัดพลาสม่า เครื่องเชื่อม > อะไหล่หัวเชื่อมซีโอทู (MIG) > อินซูเรเตอร์ (Insulator)
udo-2069,2069,TRAIMET NOZZLE PANASONIC 350 แอมป์,TRAFIMET,consumables,READY_GREEN,READY_FULL_SPECS,พร้อมขึ้นขายทันที สเปกวิศวกรรมครบถ้วน 100%,1,480.0,480.0,4,0,1,1,อะไหล่สิ้นเปลือง เครื่องตัดพลาสม่า เครื่องเชื่อม > อะไหล่หัวเชื่อมซีโอทู (MIG) > น๊อตเซิล (Nozzle)
udo-2070,2070,ปืนเชื่อม CO2 TRAFIMET รุ่น MAXI-250 ท้าย  PANASONIC,TRAFIMET,consumables,READY_GREEN,READY_FULL_SPECS,พร้อมขึ้นขายทันที สเปกวิศวกรรมครบถ้วน 100%,1,3500.0,3500.0,4,0,1,1,อะไหล่สิ้นเปลือง เครื่องตัดพลาสม่า เครื่องเชื่อม > อะไหล่หัวเชื่อมซีโอทู (MIG) > ปืนเชื่อมซีโอทูพร้อมสาย (MIG Torch)
udo-2071,2071,ปืนเชื่อม CO2 TRAFIMET รุ่น MAXI-350 ท้าย  PANASONIC,TRAFIMET,consumables,READY_GREEN,READY_FULL_SPECS,พร้อมขึ้นขายทันที สเปกวิศวกรรมครบถ้วน 100%,1,4400.0,4400.0,4,0,1,1,อะไหล่สิ้นเปลือง เครื่องตัดพลาสม่า เครื่องเชื่อม > อะไหล่หัวเชื่อมซีโอทู (MIG) > ปืนเชื่อมซีโอทูพร้อมสาย (MIG Torch)
udo-2072,2072,ปืนเชื่อม CO2 TRAFIMET รุ่น ERGOPLUS 36 ท้าย EURO,TRAFIMET,consumables,READY_GREEN,READY_FULL_SPECS,พร้อมขึ้นขายทันที สเปกวิศวกรรมครบถ้วน 100%,1,3700.0,3700.0,4,0,2,1,อะไหล่สิ้นเปลือง เครื่องตัดพลาสม่า เครื่องเชื่อม > อะไหล่หัวเชื่อมซีโอทู (MIG) > ปืนเชื่อมซีโอทูพร้อมสาย (MIG Torch)
udo-2073,2073,ปืนเชื่อม CO2 TRAFIMET รุ่น ERGOPLUS 36 ท้าย PANASONIC,TRAFIMET,consumables,READY_GREEN,READY_FULL_SPECS,พร้อมขึ้นขายทันที สเปกวิศวกรรมครบถ้วน 100%,1,3700.0,3700.0,4,0,1,1,อะไหล่สิ้นเปลือง เครื่องตัดพลาสม่า เครื่องเชื่อม > อะไหล่หัวเชื่อมซีโอทู (MIG) > ปืนเชื่อมซีโอทูพร้อมสาย (MIG Torch)
udo-2074,2074,ปืนเชื่อม CO2 TRAFIMET รุ่น ERGOPLUS 24 ท้าย EURO,TRAFIMET,consumables,READY_GREEN,READY_FULL_SPECS,พร้อมขึ้นขายทันที สเปกวิศวกรรมครบถ้วน 100%,2,2200.0,2400.0,4,0,2,1,อะไหล่สิ้นเปลือง เครื่องตัดพลาสม่า เครื่องเชื่อม > อะไหล่หัวเชื่อมซีโอทู (MIG) > ปืนเชื่อมซีโอทูพร้อมสาย (MIG Torch)
udo-2075,2075,ปืนเชื่อม CO2 TRAFIMET รุ่น ERGOPLUS 25 ท้าย EURO,TRAFIMET,consumables,READY_GREEN,READY_FULL_SPECS,พร้อมขึ้นขายทันที สเปกวิศวกรรมครบถ้วน 100%,2,2200.0,2400.0,4,0,1,1,อะไหล่สิ้นเปลือง เครื่องตัดพลาสม่า เครื่องเชื่อม > อะไหล่หัวเชื่อมซีโอทู (MIG) > ปืนเชื่อมซีโอทูพร้อมสาย (MIG Torch)
udo-2076,2076,ปืนเชื่อม CO2 TRAFIMET รุ่น ERGOPLUS 25 ท้าย PANASONIC,TRAFIMET,consumables,READY_GREEN,READY_FULL_SPECS,พร้อมขึ้นขายทันที สเปกวิศวกรรมครบถ้วน 100%,1,2400.0,2400.0,4,0,1,1,อะไหล่สิ้นเปลือง เครื่องตัดพลาสม่า เครื่องเชื่อม > อะไหล่หัวเชื่อมซีโอทู (MIG) > ปืนเชื่อมซีโอทูพร้อมสาย (MIG Torch)
udo-2077,2077,ปืนเชื่อม CO2 TRAFIMET รุ่น CINA-500 65SQmm ท้าย PANASONIC,TRAFIMET,consumables,READY_GREEN,READY_FULL_SPECS,พร้อมขึ้นขายทันที สเปกวิศวกรรมครบถ้วน 100%,1,3900.0,3900.0,4,0,2,1,อะไหล่สิ้นเปลือง เครื่องตัดพลาสม่า เครื่องเชื่อม > อะไหล่หัวเชื่อมซีโอทู (MIG) > ปืนเชื่อมซีโอทูพร้อมสาย (MIG Torch)
udo-2078,2078,ปืนเชื่อม CO2 TRAFIMET รุ่น CINA-500 50SQmm ท้าย PANASONIC,TRAFIMET,consumables,READY_GREEN,READY_FULL_SPECS,พร้อมขึ้นขายทันที สเปกวิศวกรรมครบถ้วน 100%,1,3500.0,3500.0,4,0,2,1,อะไหล่สิ้นเปลือง เครื่องตัดพลาสม่า เครื่องเชื่อม > อะไหล่หัวเชื่อมซีโอทู (MIG) > ปืนเชื่อมซีโอทูพร้อมสาย (MIG Torch)
udo-2079,2079,ปืนเชื่อม CO2 TRAFIMET รุ่น CINA-200 ท้าย MILLER,TRAFIMET,consumables,READY_GREEN,READY_FULL_SPECS,พร้อมขึ้นขายทันที สเปกวิศวกรรมครบถ้วน 100%,2,2400.0,2800.0,4,0,2,1,อะไหล่สิ้นเปลือง เครื่องตัดพลาสม่า เครื่องเชื่อม > อะไหล่หัวเชื่อมซีโอทู (MIG) > ปืนเชื่อมซีโอทูพร้อมสาย (MIG Torch)
udo-2080,2080,ปืนเชื่อม CO2 TRAFIMET รุ่น CINA-200 ท้าย EURO,TRAFIMET,consumables,READY_GREEN,READY_FULL_SPECS,พร้อมขึ้นขายทันที สเปกวิศวกรรมครบถ้วน 100%,2,2100.0,2400.0,4,0,2,1,อะไหล่สิ้นเปลือง เครื่องตัดพลาสม่า เครื่องเชื่อม > อะไหล่หัวเชื่อมซีโอทู (MIG) > ปืนเชื่อมซีโอทูพร้อมสาย (MIG Torch)
udo-2081,2081,ปืนเชื่อม CO2 TRAFIMET รุ่น CINA-200 ท้าย  PANASONIC,TRAFIMET,consumables,READY_GREEN,READY_FULL_SPECS,พร้อมขึ้นขายทันที สเปกวิศวกรรมครบถ้วน 100%,2,2100.0,2400.0,4,0,2,1,อะไหล่สิ้นเปลือง เครื่องตัดพลาสม่า เครื่องเชื่อม > อะไหล่หัวเชื่อมซีโอทู (MIG) > ปืนเชื่อมซีโอทูพร้อมสาย (MIG Torch)
udo-2082,2082,ปืนเชื่อม CO2 TRAFIMET รุ่น CINA-350 50SQmm ท้าย PANASONIC,TRAFIMET,consumables,READY_GREEN,READY_FULL_SPECS,พร้อมขึ้นขายทันที สเปกวิศวกรรมครบถ้วน 100%,2,3200.0,3500.0,4,0,2,1,อะไหล่สิ้นเปลือง เครื่องตัดพลาสม่า เครื่องเชื่อม > อะไหล่หัวเชื่อมซีโอทู (MIG) > ปืนเชื่อมซีโอทูพร้อมสาย (MIG Torch)
udo-2083,2083,ปืนเชื่อม CO2 TRAFIMET รุ่น CINA-350 35SQmm ท้าย MILLER,TRAFIMET,consumables,READY_GREEN,READY_FULL_SPECS,พร้อมขึ้นขายทันที สเปกวิศวกรรมครบถ้วน 100%,2,2600.0,2900.0,4,0,2,1,อะไหล่สิ้นเปลือง เครื่องตัดพลาสม่า เครื่องเชื่อม > อะไหล่หัวเชื่อมซีโอทู (MIG) > ปืนเชื่อมซีโอทูพร้อมสาย (MIG Torch)
udo-2084,2084,ปืนเชื่อม CO2 TRAFIMET รุ่น CINA-350 35SQmm ท้าย EURO,TRAFIMET,consumables,READY_GREEN,READY_FULL_SPECS,พร้อมขึ้นขายทันที สเปกวิศวกรรมครบถ้วน 100%,2,2400.0,2700.0,4,0,2,1,อะไหล่สิ้นเปลือง เครื่องตัดพลาสม่า เครื่องเชื่อม > อะไหล่หัวเชื่อมซีโอทู (MIG) > ปืนเชื่อมซีโอทูพร้อมสาย (MIG Torch)
udo-2085,2085,ปืนเชื่อม CO2 TRAFIMET รุ่น CINA-350 35SQmm ท้าย PANASONIC,TRAFIMET,consumables,READY_GREEN,READY_FULL_SPECS,พร้อมขึ้นขายทันที สเปกวิศวกรรมครบถ้วน 100%,2,2400.0,2700.0,4,0,2,1,อะไหล่สิ้นเปลือง เครื่องตัดพลาสม่า เครื่องเชื่อม > อะไหล่หัวเชื่อมซีโอทู (MIG) > ปืนเชื่อมซีโอทูพร้อมสาย (MIG Torch)
udo-2248,2248,TRAFIMET S/A/CB COMPLETE HANDLE SET,TRAFIMET,consumables,READY_GREEN,READY_FULL_SPECS,พร้อมขึ้นขายทันที สเปกวิศวกรรมครบถ้วน 100%,1,1200.0,1200.0,4,0,1,2,อะไหล่สิ้นเปลือง เครื่องตัดพลาสม่า เครื่องเชื่อม > อะไหล่หัวตัดพลาสม่า (PLASMA) > อะไหล่อื่นๆ (Accessories)
udo-2249,2249,TRAFIMET ERGOCUT KEY SAFETY TRIGGER,TRAFIMET,consumables,READY_GREEN,READY_FULL_SPECS,พร้อมขึ้นขายทันที สเปกวิศวกรรมครบถ้วน 100%,1,280.0,280.0,4,0,1,2,อะไหล่สิ้นเปลือง เครื่องตัดพลาสม่า เครื่องเชื่อม > อะไหล่หัวตัดพลาสม่า (PLASMA) > อะไหล่อื่นๆ (Accessories)
udo-2250,2250,PCH-52 SHIELD CUP PLASMA,CHAMP,consumables,READY_GREEN,READY_FULL_SPECS,พร้อมขึ้นขายทันที สเปกวิศวกรรมครบถ้วน 100%,1,250.0,250.0,4,0,1,2,อะไหล่สิ้นเปลือง เครื่องตัดพลาสม่า เครื่องเชื่อม > อะไหล่หัวตัดพลาสม่า (PLASMA) > ชิลด์คัพ (Shield Cup)
udo-2251,2251,PCH-52 ELETRODE PLASMA,CHAMP,consumables,READY_GREEN,READY_FULL_SPECS,พร้อมขึ้นขายทันที สเปกวิศวกรรมครบถ้วน 100%,1,290.0,290.0,4,0,1,2,อะไหล่สิ้นเปลือง เครื่องตัดพลาสม่า เครื่องเชื่อม > อะไหล่หัวตัดพลาสม่า (PLASMA) > อีเล็คโทรด (Electrode)
udo-2252,2252,PCH-52 TIP PLASMA,CHAMP,consumables,READY_GREEN,READY_FULL_SPECS,พร้อมขึ้นขายทันที สเปกวิศวกรรมครบถ้วน 100%,1,290.0,290.0,4,0,1,2,อะไหล่สิ้นเปลือง เครื่องตัดพลาสม่า เครื่องเชื่อม > อะไหล่หัวตัดพลาสม่า (PLASMA) > หัวทิป (Tip)
udo-2253,2253,PCH-51 SHIELD CUP PLASMA,CHAMP,consumables,READY_GREEN,READY_FULL_SPECS,พร้อมขึ้นขายทันที สเปกวิศวกรรมครบถ้วน 100%,1,250.0,250.0,4,0,1,2,อะไหล่สิ้นเปลือง เครื่องตัดพลาสม่า เครื่องเชื่อม > อะไหล่หัวตัดพลาสม่า (PLASMA) > ชิลด์คัพ (Shield Cup)
udo-2254,2254,PCH-51 ELETRODE PLASMA,CHAMP,consumables,READY_GREEN,READY_FULL_SPECS,พร้อมขึ้นขายทันที สเปกวิศวกรรมครบถ้วน 100%,1,290.0,290.0,4,0,1,2,อะไหล่สิ้นเปลือง เครื่องตัดพลาสม่า เครื่องเชื่อม > อะไหล่หัวตัดพลาสม่า (PLASMA) > อีเล็คโทรด (Electrode)
udo-2255,2255,PCH-51 TIP PLASMA,CHAMP,consumables,READY_GREEN,READY_FULL_SPECS,พร้อมขึ้นขายทันที สเปกวิศวกรรมครบถ้วน 100%,1,290.0,290.0,4,0,1,2,อะไหล่สิ้นเปลือง เครื่องตัดพลาสม่า เครื่องเชื่อม > อะไหล่หัวตัดพลาสม่า (PLASMA) > หัวทิป (Tip)
udo-2256,2256,PCH-25 SHIELD CUP PLASMA,CHAMP,consumables,READY_GREEN,READY_FULL_SPECS,พร้อมขึ้นขายทันที สเปกวิศวกรรมครบถ้วน 100%,1,300.0,300.0,4,0,1,2,อะไหล่สิ้นเปลือง เครื่องตัดพลาสม่า เครื่องเชื่อม > อะไหล่หัวตัดพลาสม่า (PLASMA) > ชิลด์คัพ (Shield Cup)
udo-2257,2257,PCH-25 GAS DIFFUSER,CHAMP,consumables,READY_GREEN,READY_FULL_SPECS,พร้อมขึ้นขายทันที สเปกวิศวกรรมครบถ้วน 100%,1,280.0,280.0,4,0,1,2,อะไหล่สิ้นเปลือง เครื่องตัดพลาสม่า เครื่องเชื่อม > อะไหล่หัวตัดพลาสม่า (PLASMA) > แก๊สดิสฟิวเซอร์ (Gas Diffuser)
udo-2258,2258,PCH-25 ELETRODE PLASMA,CHAMP,consumables,READY_GREEN,READY_FULL_SPECS,พร้อมขึ้นขายทันที สเปกวิศวกรรมครบถ้วน 100%,1,290.0,290.0,4,0,2,2,อะไหล่สิ้นเปลือง เครื่องตัดพลาสม่า เครื่องเชื่อม > อะไหล่หัวตัดพลาสม่า (PLASMA) > อีเล็คโทรด (Electrode)
udo-2259,2259,PCH-25 TIP PLASMA,CHAMP,consumables,READY_GREEN,READY_FULL_SPECS,พร้อมขึ้นขายทันที สเปกวิศวกรรมครบถ้วน 100%,1,290.0,290.0,4,0,1,2,อะไหล่สิ้นเปลือง เครื่องตัดพลาสม่า เครื่องเชื่อม > อะไหล่หัวตัดพลาสม่า (PLASMA) > หัวทิป (Tip)
udo-2260,2260,OTC A-70 SHIELD CUP PLASMA,CHAMP,consumables,READY_GREEN,READY_FULL_SPECS,พร้อมขึ้นขายทันที สเปกวิศวกรรมครบถ้วน 100%,1,200.0,200.0,4,0,1,0,อะไหล่สิ้นเปลือง เครื่องตัดพลาสม่า เครื่องเชื่อม > อะไหล่หัวตัดพลาสม่า (PLASMA) > ชิลด์คัพ (Shield Cup)
udo-2261,2261,OTC A-70 ELECTRODE PLASMA,CHAMP,consumables,READY_GREEN,READY_FULL_SPECS,พร้อมขึ้นขายทันที สเปกวิศวกรรมครบถ้วน 100%,1,300.0,300.0,4,0,1,0,อะไหล่สิ้นเปลือง เครื่องตัดพลาสม่า เครื่องเชื่อม > อะไหล่หัวตัดพลาสม่า (PLASMA) > อีเล็คโทรด (Electrode)
udo-2262,2262,OTC A-70 TIP PLASMA,CHAMP,consumables,READY_GREEN,READY_FULL_SPECS,พร้อมขึ้นขายทันที สเปกวิศวกรรมครบถ้วน 100%,1,300.0,300.0,4,0,1,0,อะไหล่สิ้นเปลือง เครื่องตัดพลาสม่า เครื่องเชื่อม > อะไหล่หัวตัดพลาสม่า (PLASMA) > หัวทิป (Tip)
udo-2263,2263,WELD & CUT P-60 SHIELD CUP PLASMA,CHAMP,consumables,READY_GREEN,READY_FULL_SPECS,พร้อมขึ้นขายทันที สเปกวิศวกรรมครบถ้วน 100%,1,200.0,200.0,4,0,1,0,อะไหล่สิ้นเปลือง เครื่องตัดพลาสม่า เครื่องเชื่อม > อะไหล่หัวตัดพลาสม่า (PLASMA) > ชิลด์คัพ (Shield Cup)
udo-2264,2264,WELD & CUT P-60 ELECTRODE PLASMA,CHAMP,consumables,READY_GREEN,READY_FULL_SPECS,พร้อมขึ้นขายทันที สเปกวิศวกรรมครบถ้วน 100%,1,380.0,380.0,4,0,1,0,อะไหล่สิ้นเปลือง เครื่องตัดพลาสม่า เครื่องเชื่อม > อะไหล่หัวตัดพลาสม่า (PLASMA) > อีเล็คโทรด (Electrode)
udo-2265,2265,WELD & CUT P-60 TIP PLASMA,CHAMP,consumables,READY_GREEN,READY_FULL_SPECS,พร้อมขึ้นขายทันที สเปกวิศวกรรมครบถ้วน 100%,1,380.0,380.0,4,0,1,0,อะไหล่สิ้นเปลือง เครื่องตัดพลาสม่า เครื่องเชื่อม > อะไหล่หัวตัดพลาสม่า (PLASMA) > หัวทิป (Tip)
udo-2266,2266,TRAFIMET A81 AIR TUBE PLASMA (FH0560),TRAFIMET,consumables,READY_GREEN,READY_FULL_SPECS,พร้อมขึ้นขายทันที สเปกวิศวกรรมครบถ้วน 100%,1,290.0,290.0,4,0,1,2,อะไหล่สิ้นเปลือง เครื่องตัดพลาสม่า เครื่องเชื่อม > อะไหล่หัวตัดพลาสม่า (PLASMA) > อะไหล่อื่นๆ (Accessories)
udo-2267,2267,TRAFIMET A81 OUTSIDE NOZZLE PLASMA (PC0115),TRAFIMET,consumables,READY_GREEN,READY_FULL_SPECS,พร้อมขึ้นขายทันที สเปกวิศวกรรมครบถ้วน 100%,1,490.0,490.0,4,0,1,2,อะไหล่สิ้นเปลือง เครื่องตัดพลาสม่า เครื่องเชื่อม > อะไหล่หัวตัดพลาสม่า (PLASMA) > ชิลด์คัพ (Shield Cup)
udo-2268,2268,TRAFIMET S75/A81 STAND OFF GUIDE PLASMA (CV0028),TRAFIMET,consumables,READY_GREEN,READY_FULL_SPECS,พร้อมขึ้นขายทันที สเปกวิศวกรรมครบถ้วน 100%,1,200.0,200.0,4,0,1,4,อะไหล่สิ้นเปลือง เครื่องตัดพลาสม่า เครื่องเชื่อม > อะไหล่หัวตัดพลาสม่า (PLASMA) > อะไหล่อื่นๆ (Accessories)
udo-2269,2269,TRAFIMET A81 AIR DIFFUSER PLASMA (PE0107),TRAFIMET,consumables,READY_GREEN,READY_FULL_SPECS,พร้อมขึ้นขายทันที สเปกวิศวกรรมครบถ้วน 100%,1,440.0,440.0,4,0,1,2,อะไหล่สิ้นเปลือง เครื่องตัดพลาสม่า เครื่องเชื่อม > อะไหล่หัวตัดพลาสม่า (PLASMA) > แก๊สดิสฟิวเซอร์ (Gas Diffuser)
udo-2270,2270,TRAFIMET A81 ELECTRODE PLASMA (PR0109),TRAFIMET,consumables,READY_GREEN,READY_FULL_SPECS,พร้อมขึ้นขายทันที สเปกวิศวกรรมครบถ้วน 100%,1,480.0,480.0,4,0,1,2,อะไหล่สิ้นเปลือง เครื่องตัดพลาสม่า เครื่องเชื่อม > อะไหล่หัวตัดพลาสม่า (PLASMA) > อีเล็คโทรด (Electrode)
udo-2271,2271,TRAFIMET A81 TIP 1.2 mm. PLASMA (PC0105-12),TRAFIMET,consumables,READY_GREEN,READY_FULL_SPECS,พร้อมขึ้นขายทันที สเปกวิศวกรรมครบถ้วน 100%,1,480.0,480.0,4,0,1,2,อะไหล่สิ้นเปลือง เครื่องตัดพลาสม่า เครื่องเชื่อม > อะไหล่หัวตัดพลาสม่า (PLASMA) > หัวทิป (Tip)
udo-2272,2272,TRAFIMET HYPERTHERM SHIELD MACHINE 40-60-80A (CV0177P T120930H),TRAFIMET,consumables,READY_GREEN,READY_FULL_SPECS,พร้อมขึ้นขายทันที สเปกวิศวกรรมครบถ้วน 100%,1,690.0,690.0,4,0,2,2,อะไหล่สิ้นเปลือง เครื่องตัดพลาสม่า เครื่องเชื่อม > อะไหล่หัวตัดพลาสม่า (PLASMA) > ชิลด์คัพ (Shield Cup)
udo-2273,2273,TRAFIMET HYPERTHERM SHIELD HAND 40-60-80A (CV0176P T120929H),TRAFIMET,consumables,READY_GREEN,READY_FULL_SPECS,พร้อมขึ้นขายทันที สเปกวิศวกรรมครบถ้วน 100%,1,690.0,690.0,4,0,2,2,อะไหล่สิ้นเปลือง เครื่องตัดพลาสม่า เครื่องเชื่อม > อะไหล่หัวตัดพลาสม่า (PLASMA) > ชิลด์คัพ (Shield Cup)
udo-2274,2274,TRAFIMET HYPERTHERM RETAINING CAP 40-60-80A (PC0234P T120928H),TRAFIMET,consumables,READY_GREEN,READY_FULL_SPECS,พร้อมขึ้นขายทันที สเปกวิศวกรรมครบถ้วน 100%,1,1200.0,1200.0,4,0,3,2,อะไหล่สิ้นเปลือง เครื่องตัดพลาสม่า เครื่องเชื่อม > อะไหล่หัวตัดพลาสม่า (PLASMA) > ชิลด์คัพ (Shield Cup)
udo-2275,2275,TRAFIMET HYPERTHERM SWIRL RING 40-60-80A (PC0234P T120925H),TRAFIMET,consumables,READY_GREEN,READY_FULL_SPECS,พร้อมขึ้นขายทันที สเปกวิศวกรรมครบถ้วน 100%,1,650.0,650.0,4,0,3,2,อะไหล่สิ้นเปลือง เครื่องตัดพลาสม่า เครื่องเชื่อม > อะไหล่หัวตัดพลาสม่า (PLASMA) > แก๊สดิสฟิวเซอร์ (Gas Diffuser)
udo-2276,2276,TRAFIMET HYPERTHERM ELECTRODE 40-60-80A (PR0234P T120926H),TRAFIMET,consumables,READY_GREEN,READY_FULL_SPECS,พร้อมขึ้นขายทันที สเปกวิศวกรรมครบถ้วน 100%,1,1430.0,1430.0,4,0,3,2,อะไหล่สิ้นเปลือง เครื่องตัดพลาสม่า เครื่องเชื่อม > อะไหล่หัวตัดพลาสม่า (PLASMA) > อีเล็คโทรด (Electrode)
udo-2277,2277,TRAFIMET HYPERTHERM NOZZLE 40A (PD0234P10 T120932H),TRAFIMET,consumables,READY_GREEN,READY_FULL_SPECS,พร้อมขึ้นขายทันที สเปกวิศวกรรมครบถ้วน 100%,1,1080.0,1080.0,4,0,3,2,อะไหล่สิ้นเปลือง เครื่องตัดพลาสม่า เครื่องเชื่อม > อะไหล่หัวตัดพลาสม่า (PLASMA) > หัวทิป (Tip)
udo-2278,2278,TRAFIMET HYPERTHERM NOZZLE 60A (PD0234P12 T120931H),TRAFIMET,consumables,READY_GREEN,READY_FULL_SPECS,พร้อมขึ้นขายทันที สเปกวิศวกรรมครบถ้วน 100%,1,1080.0,1080.0,4,0,3,2,อะไหล่สิ้นเปลือง เครื่องตัดพลาสม่า เครื่องเชื่อม > อะไหล่หัวตัดพลาสม่า (PLASMA) > หัวทิป (Tip)
udo-2279,2279,TRAFIMET HYPERTHERM NOZZLE 80A (PD0234P14 T120927H),TRAFIMET,consumables,READY_GREEN,READY_FULL_SPECS,พร้อมขึ้นขายทันที สเปกวิศวกรรมครบถ้วน 100%,1,1080.0,1080.0,4,0,3,2,อะไหล่สิ้นเปลือง เครื่องตัดพลาสม่า เครื่องเชื่อม > อะไหล่หัวตัดพลาสม่า (PLASMA) > หัวทิป (Tip)
udo-2280,2280,TRAFIMET HYPERTHERM SHIELD MACHINE 100A (CV0179P T220047H),TRAFIMET,consumables,READY_GREEN,READY_FULL_SPECS,พร้อมขึ้นขายทันที สเปกวิศวกรรมครบถ้วน 100%,1,720.0,720.0,4,0,2,2,อะไหล่สิ้นเปลือง เครื่องตัดพลาสม่า เครื่องเชื่อม > อะไหล่หัวตัดพลาสม่า (PLASMA) > ชิลด์คัพ (Shield Cup)
udo-2281,2281,TRAFIMET HYPERTHERM SHIELD HAND100A (CV0178P T220065H),TRAFIMET,consumables,READY_GREEN,READY_FULL_SPECS,พร้อมขึ้นขายทันที สเปกวิศวกรรมครบถ้วน 100%,1,720.0,720.0,4,0,2,2,อะไหล่สิ้นเปลือง เครื่องตัดพลาสม่า เครื่องเชื่อม > อะไหล่หัวตัดพลาสม่า (PLASMA) > ชิลด์คัพ (Shield Cup)
udo-2282,2282,TRAFIMET HYPERTHERM RETAINING CAP 100A (PC0233P T220048H),TRAFIMET,consumables,READY_GREEN,READY_FULL_SPECS,พร้อมขึ้นขายทันที สเปกวิศวกรรมครบถ้วน 100%,1,1290.0,1290.0,4,0,3,2,อะไหล่สิ้นเปลือง เครื่องตัดพลาสม่า เครื่องเชื่อม > อะไหล่หัวตัดพลาสม่า (PLASMA) > ชิลด์คัพ (Shield Cup)
udo-2283,2283,TRAFIMET HYPERTHERM SWIRL RING 100A (PC0233P T220051H),TRAFIMET,consumables,READY_GREEN,READY_FULL_SPECS,พร้อมขึ้นขายทันที สเปกวิศวกรรมครบถ้วน 100%,1,790.0,790.0,4,0,2,2,อะไหล่สิ้นเปลือง เครื่องตัดพลาสม่า เครื่องเชื่อม > อะไหล่หัวตัดพลาสม่า (PLASMA) > แก๊สดิสฟิวเซอร์ (Gas Diffuser)
udo-2284,2284,TRAFIMET HYPERTHERM ELECTRODE 100A (PR0233P T220037H),TRAFIMET,consumables,READY_GREEN,READY_FULL_SPECS,พร้อมขึ้นขายทันที สเปกวิศวกรรมครบถ้วน 100%,1,1480.0,1480.0,4,0,3,2,อะไหล่สิ้นเปลือง เครื่องตัดพลาสม่า เครื่องเชื่อม > อะไหล่หัวตัดพลาสม่า (PLASMA) > อีเล็คโทรด (Electrode)
udo-2285,2285,TRAFIMET HYPERTHERM NOZZLE 100A (PD0233P16 T220011H),TRAFIMET,consumables,READY_GREEN,READY_FULL_SPECS,พร้อมขึ้นขายทันที สเปกวิศวกรรมครบถ้วน 100%,1,1120.0,1120.0,4,0,3,2,อะไหล่สิ้นเปลือง เครื่องตัดพลาสม่า เครื่องเชื่อม > อะไหล่หัวตัดพลาสม่า (PLASMA) > หัวทิป (Tip)
udo-2286,2286,ME-50 TORCH PLASMA,CHAMP,consumables,READY_GREEN,READY_FULL_SPECS,พร้อมขึ้นขายทันที สเปกวิศวกรรมครบถ้วน 100%,1,750.0,750.0,4,0,1,1,อะไหล่สิ้นเปลือง เครื่องตัดพลาสม่า เครื่องเชื่อม > อะไหล่หัวตัดพลาสม่า (PLASMA) > ด้ามตัด (Torch Head)
udo-2287,2287,ME-50 SHIELD CUP PLASMA,CHAMP,consumables,READY_GREEN,READY_FULL_SPECS,พร้อมขึ้นขายทันที สเปกวิศวกรรมครบถ้วน 100%,1,300.0,300.0,4,0,1,1,อะไหล่สิ้นเปลือง เครื่องตัดพลาสม่า เครื่องเชื่อม > อะไหล่หัวตัดพลาสม่า (PLASMA) > ชิลด์คัพ (Shield Cup)
udo-2288,2288,ME-50 GAS DIFFUSER PLASMA,CHAMP,consumables,READY_GREEN,READY_FULL_SPECS,พร้อมขึ้นขายทันที สเปกวิศวกรรมครบถ้วน 100%,1,280.0,280.0,4,0,1,1,อะไหล่สิ้นเปลือง เครื่องตัดพลาสม่า เครื่องเชื่อม > อะไหล่หัวตัดพลาสม่า (PLASMA) > แก๊สดิสฟิวเซอร์ (Gas Diffuser)
udo-2289,2289,ME-50 ELECTRODE PLASMA,CHAMP,consumables,READY_GREEN,READY_FULL_SPECS,พร้อมขึ้นขายทันที สเปกวิศวกรรมครบถ้วน 100%,1,280.0,280.0,4,0,1,1,อะไหล่สิ้นเปลือง เครื่องตัดพลาสม่า เครื่องเชื่อม > อะไหล่หัวตัดพลาสม่า (PLASMA) > อีเล็คโทรด (Electrode)
udo-2290,2290,ME-50 TIP PLASMA,CHAMP,consumables,READY_GREEN,READY_FULL_SPECS,พร้อมขึ้นขายทันที สเปกวิศวกรรมครบถ้วน 100%,1,280.0,280.0,4,0,1,1,อะไหล่สิ้นเปลือง เครื่องตัดพลาสม่า เครื่องเชื่อม > อะไหล่หัวตัดพลาสม่า (PLASMA) > หัวทิป (Tip)
udo-2291,2291,TRAFIMET ERGOCUT CB50/70 HANDLE (TP0055),TRAFIMET,consumables,READY_GREEN,READY_FULL_SPECS,พร้อมขึ้นขายทันที สเปกวิศวกรรมครบถ้วน 100%,1,1200.0,1200.0,4,0,2,2,อะไหล่สิ้นเปลือง เครื่องตัดพลาสม่า เครื่องเชื่อม > อะไหล่หัวตัดพลาสม่า (PLASMA) > อะไหล่อื่นๆ (Accessories)
udo-2292,2292,TRAFIMET CEBORA CB50/70 AIR DIFFUSER PLASMA (PE0007),TRAFIMET,consumables,READY_GREEN,READY_FULL_SPECS,พร้อมขึ้นขายทันที สเปกวิศวกรรมครบถ้วน 100%,1,460.0,460.0,4,0,1,2,อะไหล่สิ้นเปลือง เครื่องตัดพลาสม่า เครื่องเชื่อม > อะไหล่หัวตัดพลาสม่า (PLASMA) > แก๊สดิสฟิวเซอร์ (Gas Diffuser)
udo-2293,2293,TRAFIMET CEBORA CB50 OUTSIDE NOZZLE PLASMA (PC0003),TRAFIMET,consumables,READY_GREEN,READY_FULL_SPECS,พร้อมขึ้นขายทันที สเปกวิศวกรรมครบถ้วน 100%,1,460.0,460.0,4,0,2,2,อะไหล่สิ้นเปลือง เครื่องตัดพลาสม่า เครื่องเชื่อม > อะไหล่หัวตัดพลาสม่า (PLASMA) > ชิลด์คัพ (Shield Cup)
udo-2294,2294,TRAFIMET CEBORA CB50 LONG ELECTRODE PLASMA (PR0065),TRAFIMET,consumables,READY_GREEN,READY_FULL_SPECS,พร้อมขึ้นขายทันที สเปกวิศวกรรมครบถ้วน 100%,1,430.0,430.0,4,0,1,2,อะไหล่สิ้นเปลือง เครื่องตัดพลาสม่า เครื่องเชื่อม > อะไหล่หัวตัดพลาสม่า (PLASMA) > อีเล็คโทรด (Electrode)
udo-2295,2295,TRAFIMET CEBORA CB50 ELECTRODE PLASMA (PR0017),TRAFIMET,consumables,READY_GREEN,READY_FULL_SPECS,พร้อมขึ้นขายทันที สเปกวิศวกรรมครบถ้วน 100%,1,430.0,430.0,4,0,1,2,อะไหล่สิ้นเปลือง เครื่องตัดพลาสม่า เครื่องเชื่อม > อะไหล่หัวตัดพลาสม่า (PLASMA) > อีเล็คโทรด (Electrode)
udo-2296,2296,TRAFIMET CEBORA CB50/70 LONG TIP 1.2 mm. PLASMA (PD0063-12),TRAFIMET,consumables,READY_GREEN,READY_FULL_SPECS,พร้อมขึ้นขายทันที สเปกวิศวกรรมครบถ้วน 100%,1,430.0,430.0,4,0,2,2,อะไหล่สิ้นเปลือง เครื่องตัดพลาสม่า เครื่องเชื่อม > อะไหล่หัวตัดพลาสม่า (PLASMA) > หัวทิป (Tip)
udo-2297,2297,TRAFIMET CEBORA CB50 TIP 1.0 mm. PLASMA (PD0015-10),TRAFIMET,consumables,READY_GREEN,READY_FULL_SPECS,พร้อมขึ้นขายทันที สเปกวิศวกรรมครบถ้วน 100%,1,430.0,430.0,4,0,1,2,อะไหล่สิ้นเปลือง เครื่องตัดพลาสม่า เครื่องเชื่อม > อะไหล่หัวตัดพลาสม่า (PLASMA) > หัวทิป (Tip)
udo-2298,2298,TRAFIMET CEBORA CB70 OUTSIDE NOZZLE PLASMA (PC0032),TRAFIMET,consumables,READY_GREEN,READY_FULL_SPECS,พร้อมขึ้นขายทันที สเปกวิศวกรรมครบถ้วน 100%,1,480.0,480.0,4,0,2,2,อะไหล่สิ้นเปลือง เครื่องตัดพลาสม่า เครื่องเชื่อม > อะไหล่หัวตัดพลาสม่า (PLASMA) > ชิลด์คัพ (Shield Cup)
udo-2299,2299,TRAFIMET CEBORA CB70 LONG ELECTRODE PLASMA (PR0064),TRAFIMET,consumables,READY_GREEN,READY_FULL_SPECS,พร้อมขึ้นขายทันที สเปกวิศวกรรมครบถ้วน 100%,1,430.0,430.0,4,0,2,2,อะไหล่สิ้นเปลือง เครื่องตัดพลาสม่า เครื่องเชื่อม > อะไหล่หัวตัดพลาสม่า (PLASMA) > อีเล็คโทรด (Electrode)
udo-2300,2300,TRAFIMET S65 CONTACT SHIELD STAND OFF GUIDE PLASMA (CV0298),TRAFIMET,consumables,READY_GREEN,READY_FULL_SPECS,พร้อมขึ้นขายทันที สเปกวิศวกรรมครบถ้วน 100%,1,690.0,690.0,4,0,3,1,อะไหล่สิ้นเปลือง เครื่องตัดพลาสม่า เครื่องเชื่อม > อะไหล่หัวตัดพลาสม่า (PLASMA) > อะไหล่อื่นๆ (Accessories)
udo-2301,2301,TRAFIMET S65 SHIELD CUP PLASMA (PC0098),TRAFIMET,consumables,READY_GREEN,READY_FULL_SPECS,พร้อมขึ้นขายทันที สเปกวิศวกรรมครบถ้วน 100%,1,470.0,470.0,4,0,3,1,อะไหล่สิ้นเปลือง เครื่องตัดพลาสม่า เครื่องเชื่อม > อะไหล่หัวตัดพลาสม่า (PLASMA) > ชิลด์คัพ (Shield Cup)
udo-2302,2302,TRAFIMET S65 SHIELD RETAINING NOZZLE (PC0198),TRAFIMET,consumables,READY_GREEN,READY_FULL_SPECS,พร้อมขึ้นขายทันที สเปกวิศวกรรมครบถ้วน 100%,1,650.0,650.0,4,0,2,1,อะไหล่สิ้นเปลือง เครื่องตัดพลาสม่า เครื่องเชื่อม > อะไหล่หัวตัดพลาสม่า (PLASMA) > ชิลด์คัพ (Shield Cup)
udo-2303,2303,TRAFIMET S65 DRAG ELECTRODE PLASMA (PR0106),TRAFIMET,consumables,READY_GREEN,READY_FULL_SPECS,พร้อมขึ้นขายทันที สเปกวิศวกรรมครบถ้วน 100%,1,530.0,530.0,4,0,3,2,อะไหล่สิ้นเปลือง เครื่องตัดพลาสม่า เครื่องเชื่อม > อะไหล่หัวตัดพลาสม่า (PLASMA) > อีเล็คโทรด (Electrode)
udo-2304,2304,TRAFIMET S65 ELECTRODE PLASMA (PR0098),TRAFIMET,consumables,READY_GREEN,READY_FULL_SPECS,พร้อมขึ้นขายทันที สเปกวิศวกรรมครบถ้วน 100%,1,450.0,450.0,4,0,3,2,อะไหล่สิ้นเปลือง เครื่องตัดพลาสม่า เครื่องเชื่อม > อะไหล่หัวตัดพลาสม่า (PLASMA) > อีเล็คโทรด (Electrode)
udo-2305,2305,TRAFIMET S65 DRAG TIP 1.0 mm. PLASMA (PD0198-10),TRAFIMET,consumables,READY_GREEN,READY_FULL_SPECS,พร้อมขึ้นขายทันที สเปกวิศวกรรมครบถ้วน 100%,1,530.0,530.0,4,0,3,1,อะไหล่สิ้นเปลือง เครื่องตัดพลาสม่า เครื่องเชื่อม > อะไหล่หัวตัดพลาสม่า (PLASMA) > หัวทิป (Tip)
udo-2306,2306,TRAFIMET S65 TIP 1.0 mm. PLASMA (PD0098-10),TRAFIMET,consumables,READY_GREEN,READY_FULL_SPECS,พร้อมขึ้นขายทันที สเปกวิศวกรรมครบถ้วน 100%,1,450.0,450.0,4,0,3,2,อะไหล่สิ้นเปลือง เครื่องตัดพลาสม่า เครื่องเชื่อม > อะไหล่หัวตัดพลาสม่า (PLASMA) > หัวทิป (Tip)
udo-2307,2307,TRAFIMET S75 STAND OFF GUIDE (CV0076),TRAFIMET,consumables,READY_GREEN,READY_FULL_SPECS,พร้อมขึ้นขายทันที สเปกวิศวกรรมครบถ้วน 100%,1,180.0,180.0,4,0,2,2,อะไหล่สิ้นเปลือง เครื่องตัดพลาสม่า เครื่องเชื่อม > อะไหล่หัวตัดพลาสม่า (PLASMA) > อะไหล่อื่นๆ (Accessories)
udo-2308,2308,TRAFIMET S75 OUTSIDE NOZZLE PLASMA (PC0114),TRAFIMET,consumables,READY_GREEN,READY_FULL_SPECS,พร้อมขึ้นขายทันที สเปกวิศวกรรมครบถ้วน 100%,1,480.0,480.0,4,0,2,2,อะไหล่สิ้นเปลือง เครื่องตัดพลาสม่า เครื่องเชื่อม > อะไหล่หัวตัดพลาสม่า (PLASMA) > ชิลด์คัพ (Shield Cup)
udo-2309,2309,TRAFIMET S75 AIR DIFFUSER PLASMA (PE0112),TRAFIMET,consumables,READY_GREEN,READY_FULL_SPECS,พร้อมขึ้นขายทันที สเปกวิศวกรรมครบถ้วน 100%,1,390.0,390.0,4,0,2,2,อะไหล่สิ้นเปลือง เครื่องตัดพลาสม่า เครื่องเชื่อม > อะไหล่หัวตัดพลาสม่า (PLASMA) > แก๊สดิสฟิวเซอร์ (Gas Diffuser)
udo-2310,2310,TRAFIMET S75 LONG ELECTRODE PLASMA (PR0119),TRAFIMET,consumables,READY_GREEN,READY_FULL_SPECS,พร้อมขึ้นขายทันที สเปกวิศวกรรมครบถ้วน 100%,1,575.0,575.0,4,0,3,2,อะไหล่สิ้นเปลือง เครื่องตัดพลาสม่า เครื่องเชื่อม > อะไหล่หัวตัดพลาสม่า (PLASMA) > อีเล็คโทรด (Electrode)
udo-2311,2311,TRAFIMET S75 ELECTRODE PLASMA (PR0117),TRAFIMET,consumables,READY_GREEN,READY_FULL_SPECS,พร้อมขึ้นขายทันที สเปกวิศวกรรมครบถ้วน 100%,1,980.0,980.0,4,0,3,2,อะไหล่สิ้นเปลือง เครื่องตัดพลาสม่า เครื่องเชื่อม > อะไหล่หัวตัดพลาสม่า (PLASMA) > อีเล็คโทรด (Electrode)
udo-2312,2312,TRAFIMET S75 LONG TIP 1.0 mm. (PD0118-10),TRAFIMET,consumables,READY_GREEN,READY_FULL_SPECS,พร้อมขึ้นขายทันที สเปกวิศวกรรมครบถ้วน 100%,1,575.0,575.0,4,0,3,2,อะไหล่สิ้นเปลือง เครื่องตัดพลาสม่า เครื่องเชื่อม > อะไหล่หัวตัดพลาสม่า (PLASMA) > หัวทิป (Tip)
udo-2313,2313,TRAFIMET S75 TIP (PD0114-10 12),TRAFIMET,consumables,READY_GREEN,READY_FULL_SPECS,พร้อมขึ้นขายทันที สเปกวิศวกรรมครบถ้วน 100%,2,980.0,980.0,4,0,3,2,อะไหล่สิ้นเปลือง เครื่องตัดพลาสม่า เครื่องเชื่อม > อะไหล่หัวตัดพลาสม่า (PLASMA) > หัวทิป (Tip)
udo-2314,2314,TRAFIMET S45 SWITCH TRIGGER PLASMA (BX0020),TRAFIMET,consumables,READY_GREEN,READY_FULL_SPECS,พร้อมขึ้นขายทันที สเปกวิศวกรรมครบถ้วน 100%,1,230.0,230.0,4,0,2,2,อะไหล่สิ้นเปลือง เครื่องตัดพลาสม่า เครื่องเชื่อม > อะไหล่หัวตัดพลาสม่า (PLASMA) > อะไหล่อื่นๆ (Accessories)
udo-2315,2315,TRAFIMET ERGOCUT S45 TORCH HEAD PLASMA (PF0127),TRAFIMET,consumables,READY_GREEN,READY_FULL_SPECS,พร้อมขึ้นขายทันที สเปกวิศวกรรมครบถ้วน 100%,1,2200.0,2200.0,4,0,1,2,อะไหล่สิ้นเปลือง เครื่องตัดพลาสม่า เครื่องเชื่อม > อะไหล่หัวตัดพลาสม่า (PLASMA) > ด้ามตัด (Torch Head)
udo-2316,2316,TRAFIMET ERGOCUT S45 TORCH HANDLE PLASMA (TP0080),TRAFIMET,consumables,READY_GREEN,READY_FULL_SPECS,พร้อมขึ้นขายทันที สเปกวิศวกรรมครบถ้วน 100%,1,890.0,890.0,4,0,1,2,อะไหล่สิ้นเปลือง เครื่องตัดพลาสม่า เครื่องเชื่อม > อะไหล่หัวตัดพลาสม่า (PLASMA) > อะไหล่อื่นๆ (Accessories)
udo-2317,2317,TRAFIMET S45 STAND OFF GUIDE PLASMA (CV0010),TRAFIMET,consumables,READY_GREEN,READY_FULL_SPECS,พร้อมขึ้นขายทันที สเปกวิศวกรรมครบถ้วน 100%,1,200.0,200.0,4,0,1,2,อะไหล่สิ้นเปลือง เครื่องตัดพลาสม่า เครื่องเชื่อม > อะไหล่หัวตัดพลาสม่า (PLASMA) > อะไหล่อื่นๆ (Accessories)
udo-2318,2318,TRAFIMET S45 OUTSIDE NOZZLE PLASMA (PC0116),TRAFIMET,consumables,READY_GREEN,READY_FULL_SPECS,พร้อมขึ้นขายทันที สเปกวิศวกรรมครบถ้วน 100%,1,490.0,490.0,4,0,3,2,อะไหล่สิ้นเปลือง เครื่องตัดพลาสม่า เครื่องเชื่อม > อะไหล่หัวตัดพลาสม่า (PLASMA) > ชิลด์คัพ (Shield Cup)
udo-2319,2319,TRAFIMET S45/65 AIR DIFFUSER PLASMA (PE0106),TRAFIMET,consumables,READY_GREEN,READY_FULL_SPECS,พร้อมขึ้นขายทันที สเปกวิศวกรรมครบถ้วน 100%,1,290.0,290.0,4,0,3,2,อะไหล่สิ้นเปลือง เครื่องตัดพลาสม่า เครื่องเชื่อม > อะไหล่หัวตัดพลาสม่า (PLASMA) > แก๊สดิสฟิวเซอร์ (Gas Diffuser)
udo-2320,2320,TRAFIMET S45 HEAVY DUTY ELETRODE PLASMA (PR0105),TRAFIMET,consumables,READY_GREEN,READY_FULL_SPECS,พร้อมขึ้นขายทันที สเปกวิศวกรรมครบถ้วน 100%,1,440.0,440.0,4,0,3,2,อะไหล่สิ้นเปลือง เครื่องตัดพลาสม่า เครื่องเชื่อม > อะไหล่หัวตัดพลาสม่า (PLASMA) > อีเล็คโทรด (Electrode)
udo-2321,2321,TRAFIMET S45 ELECTRODE PLASMA (PR0110),TRAFIMET,consumables,READY_GREEN,READY_FULL_SPECS,พร้อมขึ้นขายทันที สเปกวิศวกรรมครบถ้วน 100%,1,480.0,480.0,4,0,3,2,อะไหล่สิ้นเปลือง เครื่องตัดพลาสม่า เครื่องเชื่อม > อะไหล่หัวตัดพลาสม่า (PLASMA) > อีเล็คโทรด (Electrode)
udo-2322,2322,TRAFIMET S45 HEAVY DUTY TIP 1.0 mm. PLASMA (PD0102-10),TRAFIMET,consumables,READY_GREEN,READY_FULL_SPECS,พร้อมขึ้นขายทันที สเปกวิศวกรรมครบถ้วน 100%,1,440.0,440.0,4,0,2,2,อะไหล่สิ้นเปลือง เครื่องตัดพลาสม่า เครื่องเชื่อม > อะไหล่หัวตัดพลาสม่า (PLASMA) > หัวทิป (Tip)
udo-2323,2323,TRAFIMET S45 TIP 0.8 mm. PLASMA (PD0116-08),TRAFIMET,consumables,READY_GREEN,READY_FULL_SPECS,พร้อมขึ้นขายทันที สเปกวิศวกรรมครบถ้วน 100%,1,480.0,480.0,4,0,3,2,อะไหล่สิ้นเปลือง เครื่องตัดพลาสม่า เครื่องเชื่อม > อะไหล่หัวตัดพลาสม่า (PLASMA) > หัวทิป (Tip)
udo-2324,2324,PT-31 TORCH PLASMA,CHAMP,consumables,READY_GREEN,READY_FULL_SPECS,พร้อมขึ้นขายทันที สเปกวิศวกรรมครบถ้วน 100%,1,690.0,690.0,4,0,1,1,อะไหล่สิ้นเปลือง เครื่องตัดพลาสม่า เครื่องเชื่อม > อะไหล่หัวตัดพลาสม่า (PLASMA) > ด้ามตัด (Torch Head)
udo-2325,2325,PT-31 SHIELD CUP PLASMA,CHAMP,consumables,READY_GREEN,READY_FULL_SPECS,พร้อมขึ้นขายทันที สเปกวิศวกรรมครบถ้วน 100%,1,160.0,160.0,4,0,1,1,อะไหล่สิ้นเปลือง เครื่องตัดพลาสม่า เครื่องเชื่อม > อะไหล่หัวตัดพลาสม่า (PLASMA) > ชิลด์คัพ (Shield Cup)
udo-2326,2326,PT-31 GAS DIFFUSER PLASMA,CHAMP,consumables,READY_GREEN,READY_FULL_SPECS,พร้อมขึ้นขายทันที สเปกวิศวกรรมครบถ้วน 100%,1,180.0,180.0,4,0,1,1,อะไหล่สิ้นเปลือง เครื่องตัดพลาสม่า เครื่องเชื่อม > อะไหล่หัวตัดพลาสม่า (PLASMA) > แก๊สดิสฟิวเซอร์ (Gas Diffuser)
udo-2327,2327,PT-31 LONG ELECTRODE PLASMA (ทองแดง),CHAMP,consumables,READY_GREEN,READY_FULL_SPECS,พร้อมขึ้นขายทันที สเปกวิศวกรรมครบถ้วน 100%,1,260.0,260.0,4,0,1,1,อะไหล่สิ้นเปลือง เครื่องตัดพลาสม่า เครื่องเชื่อม > อะไหล่หัวตัดพลาสม่า (PLASMA) > อีเล็คโทรด (Electrode)
udo-2328,2328,PT-31 LONG ELECTRODE PLASMA (ชุบโครม),CHAMP,consumables,READY_GREEN,READY_FULL_SPECS,พร้อมขึ้นขายทันที สเปกวิศวกรรมครบถ้วน 100%,1,260.0,260.0,4,0,1,1,อะไหล่สิ้นเปลือง เครื่องตัดพลาสม่า เครื่องเชื่อม > อะไหล่หัวตัดพลาสม่า (PLASMA) > อีเล็คโทรด (Electrode)
udo-2329,2329,PT-31 SHORT ELECTRODE PLASMA (ทองแดง),CHAMP,consumables,READY_GREEN,READY_FULL_SPECS,พร้อมขึ้นขายทันที สเปกวิศวกรรมครบถ้วน 100%,1,240.0,240.0,4,0,1,1,อะไหล่สิ้นเปลือง เครื่องตัดพลาสม่า เครื่องเชื่อม > อะไหล่หัวตัดพลาสม่า (PLASMA) > อีเล็คโทรด (Electrode)
udo-2330,2330,PT-31 SHORT ELECTRODE PLASMA (ชุบโครม),CHAMP,consumables,READY_GREEN,READY_FULL_SPECS,พร้อมขึ้นขายทันที สเปกวิศวกรรมครบถ้วน 100%,1,240.0,240.0,4,0,1,1,อะไหล่สิ้นเปลือง เครื่องตัดพลาสม่า เครื่องเชื่อม > อะไหล่หัวตัดพลาสม่า (PLASMA) > อีเล็คโทรด (Electrode)
udo-2331,2331,PT-31 LONG TIP PLASMA (ทองแดง),CHAMP,consumables,READY_GREEN,READY_FULL_SPECS,พร้อมขึ้นขายทันที สเปกวิศวกรรมครบถ้วน 100%,1,260.0,260.0,4,0,1,0,อะไหล่สิ้นเปลือง เครื่องตัดพลาสม่า เครื่องเชื่อม > อะไหล่หัวตัดพลาสม่า (PLASMA) > หัวทิป (Tip)
udo-2332,2332,PT-31 LONG TIP PLASMA (ชุบโครม),CHAMP,consumables,READY_GREEN,READY_FULL_SPECS,พร้อมขึ้นขายทันที สเปกวิศวกรรมครบถ้วน 100%,1,260.0,260.0,4,0,1,1,อะไหล่สิ้นเปลือง เครื่องตัดพลาสม่า เครื่องเชื่อม > อะไหล่หัวตัดพลาสม่า (PLASMA) > หัวทิป (Tip)
udo-2333,2333,PT-31 SHORT TIP PLASMA (ทองแดง),CHAMP,consumables,READY_GREEN,READY_FULL_SPECS,พร้อมขึ้นขายทันที สเปกวิศวกรรมครบถ้วน 100%,1,240.0,240.0,4,0,1,1,อะไหล่สิ้นเปลือง เครื่องตัดพลาสม่า เครื่องเชื่อม > อะไหล่หัวตัดพลาสม่า (PLASMA) > หัวทิป (Tip)
udo-2334,2334,PT-31 SHORT TIP PLASMA (ชุบโครม),CHAMP,consumables,READY_GREEN,READY_FULL_SPECS,พร้อมขึ้นขายทันที สเปกวิศวกรรมครบถ้วน 100%,1,240.0,240.0,4,0,1,1,อะไหล่สิ้นเปลือง เครื่องตัดพลาสม่า เครื่องเชื่อม > อะไหล่หัวตัดพลาสม่า (PLASMA) > หัวทิป (Tip)
udo-2335,2335,TRAFIMET A101 TORCH HEAD PLASMA (PF0145),TRAFIMET,consumables,READY_GREEN,READY_FULL_SPECS,พร้อมขึ้นขายทันที สเปกวิศวกรรมครบถ้วน 100%,1,3200.0,3200.0,4,0,1,1,อะไหล่สิ้นเปลือง เครื่องตัดพลาสม่า เครื่องเชื่อม > อะไหล่หัวตัดพลาสม่า (PLASMA) > ด้ามตัด (Torch Head)
udo-2336,2336,TRAFIMET A101-141-151 AIR DIFFUSER PLASMA (PE0103),TRAFIMET,consumables,READY_GREEN,READY_FULL_SPECS,พร้อมขึ้นขายทันที สเปกวิศวกรรมครบถ้วน 100%,1,480.0,480.0,4,0,1,2,อะไหล่สิ้นเปลือง เครื่องตัดพลาสม่า เครื่องเชื่อม > อะไหล่หัวตัดพลาสม่า (PLASMA) > แก๊สดิสฟิวเซอร์ (Gas Diffuser)
udo-2337,2337,TRAFIMET A141 AIR TUBE PLASMA (FH0563),TRAFIMET,consumables,READY_GREEN,READY_FULL_SPECS,พร้อมขึ้นขายทันที สเปกวิศวกรรมครบถ้วน 100%,1,290.0,290.0,4,0,1,2,อะไหล่สิ้นเปลือง เครื่องตัดพลาสม่า เครื่องเชื่อม > อะไหล่หัวตัดพลาสม่า (PLASMA) > อะไหล่อื่นๆ (Accessories)
udo-2338,2338,TRAFIMET A141 STAND OFF GUIDE PLASMA (CV0011),TRAFIMET,consumables,READY_GREEN,READY_FULL_SPECS,พร้อมขึ้นขายทันที สเปกวิศวกรรมครบถ้วน 100%,1,240.0,240.0,4,0,1,2,อะไหล่สิ้นเปลือง เครื่องตัดพลาสม่า เครื่องเชื่อม > อะไหล่หัวตัดพลาสม่า (PLASMA) > อะไหล่อื่นๆ (Accessories)
udo-2339,2339,TRAFIMET A141 AIR DIFFUSER PLASMA (PE0101),TRAFIMET,consumables,READY_GREEN,READY_FULL_SPECS,พร้อมขึ้นขายทันที สเปกวิศวกรรมครบถ้วน 100%,1,380.0,380.0,4,0,3,2,อะไหล่สิ้นเปลือง เครื่องตัดพลาสม่า เครื่องเชื่อม > อะไหล่หัวตัดพลาสม่า (PLASMA) > แก๊สดิสฟิวเซอร์ (Gas Diffuser)
udo-2340,2340,TRAFIMET A141 LONG LIFE OUTSIDE NOZZLE PLASMA (PC0101),TRAFIMET,consumables,READY_GREEN,READY_FULL_SPECS,พร้อมขึ้นขายทันที สเปกวิศวกรรมครบถ้วน 100%,1,990.0,990.0,4,0,1,2,อะไหล่สิ้นเปลือง เครื่องตัดพลาสม่า เครื่องเชื่อม > อะไหล่หัวตัดพลาสม่า (PLASMA) > ชิลด์คัพ (Shield Cup)
udo-2341,2341,TRAFIMET A14 OUTSIDE NOZZLE PLASMA (PC0102),TRAFIMET,consumables,READY_GREEN,READY_FULL_SPECS,พร้อมขึ้นขายทันที สเปกวิศวกรรมครบถ้วน 100%,1,790.0,790.0,4,0,1,2,อะไหล่สิ้นเปลือง เครื่องตัดพลาสม่า เครื่องเชื่อม > อะไหล่หัวตัดพลาสม่า (PLASMA) > ชิลด์คัพ (Shield Cup)
udo-2342,2342,TRAFIMET A141 ELECTRODE (PR0101),TRAFIMET,consumables,READY_GREEN,READY_FULL_SPECS,พร้อมขึ้นขายทันที สเปกวิศวกรรมครบถ้วน 100%,1,590.0,590.0,4,0,1,2,อะไหล่สิ้นเปลือง เครื่องตัดพลาสม่า เครื่องเชื่อม > อะไหล่หัวตัดพลาสม่า (PLASMA) > อีเล็คโทรด (Electrode)
udo-2343,2343,TRAFIMET A141 TIP PLASMA (PD0101-14 17 19),TRAFIMET,consumables,READY_GREEN,READY_FULL_SPECS,พร้อมขึ้นขายทันที สเปกวิศวกรรมครบถ้วน 100%,3,590.0,590.0,4,0,1,2,อะไหล่สิ้นเปลือง เครื่องตัดพลาสม่า เครื่องเชื่อม > อะไหล่หัวตัดพลาสม่า (PLASMA) > หัวทิป (Tip)
udo-2344,2344,SG-51 SHIELD CUP PLASMA,CHAMP,consumables,READY_GREEN,READY_FULL_SPECS,พร้อมขึ้นขายทันที สเปกวิศวกรรมครบถ้วน 100%,1,320.0,320.0,4,0,1,1,อะไหล่สิ้นเปลือง เครื่องตัดพลาสม่า เครื่องเชื่อม > อะไหล่หัวตัดพลาสม่า (PLASMA) > ชิลด์คัพ (Shield Cup)
udo-2345,2345,SG-51 GAS DIFFUSER PLASMA,TRAFIMET,consumables,READY_GREEN,READY_FULL_SPECS,พร้อมขึ้นขายทันที สเปกวิศวกรรมครบถ้วน 100%,1,280.0,280.0,4,0,1,1,อะไหล่สิ้นเปลือง เครื่องตัดพลาสม่า เครื่องเชื่อม > อะไหล่หัวตัดพลาสม่า (PLASMA) > แก๊สดิสฟิวเซอร์ (Gas Diffuser)
udo-2346,2346,SG-51 TORCH PLASMA,CHAMP,consumables,READY_GREEN,READY_FULL_SPECS,พร้อมขึ้นขายทันที สเปกวิศวกรรมครบถ้วน 100%,1,830.0,830.0,4,0,1,1,อะไหล่สิ้นเปลือง เครื่องตัดพลาสม่า เครื่องเชื่อม > อะไหล่หัวตัดพลาสม่า (PLASMA) > ด้ามตัด (Torch Head)
udo-2347,2347,SG-51 ELECTRODE PLASMA,CHAMP,consumables,READY_GREEN,READY_FULL_SPECS,พร้อมขึ้นขายทันที สเปกวิศวกรรมครบถ้วน 100%,1,280.0,280.0,4,0,1,1,อะไหล่สิ้นเปลือง เครื่องตัดพลาสม่า เครื่องเชื่อม > อะไหล่หัวตัดพลาสม่า (PLASMA) > อีเล็คโทรด (Electrode)
udo-2348,2348,SG-51 TIP PLASMA,CHAMP,consumables,READY_GREEN,READY_FULL_SPECS,พร้อมขึ้นขายทันที สเปกวิศวกรรมครบถ้วน 100%,2,280.0,280.0,4,0,1,1,อะไหล่สิ้นเปลือง เครื่องตัดพลาสม่า เครื่องเชื่อม > อะไหล่หัวตัดพลาสม่า (PLASMA) > หัวทิป (Tip)
udo-2349,2349,ลูกล้อด้ามหัวตัดพลาสม่า P-80,CHAMP,consumables,READY_GREEN,READY_FULL_SPECS,พร้อมขึ้นขายทันที สเปกวิศวกรรมครบถ้วน 100%,1,280.0,280.0,4,0,2,1,อะไหล่สิ้นเปลือง เครื่องตัดพลาสม่า เครื่องเชื่อม > อะไหล่หัวตัดพลาสม่า (PLASMA) > อะไหล่อื่นๆ (Accessories)
udo-2350,2350,วงเวียน CIRCLE GUIDE P-80,CHAMP,consumables,READY_GREEN,READY_FULL_SPECS,พร้อมขึ้นขายทันที สเปกวิศวกรรมครบถ้วน 100%,1,1600.0,1600.0,4,0,2,1,อะไหล่สิ้นเปลือง เครื่องตัดพลาสม่า เครื่องเชื่อม > อะไหล่หัวตัดพลาสม่า (PLASMA) > อะไหล่อื่นๆ (Accessories)
udo-2351,2351,P-80 SHIELD CUP PLASMA,TRAFIMET,consumables,READY_GREEN,READY_FULL_SPECS,พร้อมขึ้นขายทันที สเปกวิศวกรรมครบถ้วน 100%,1,240.0,240.0,4,0,1,1,อะไหล่สิ้นเปลือง เครื่องตัดพลาสม่า เครื่องเชื่อม > อะไหล่หัวตัดพลาสม่า (PLASMA) > ชิลด์คัพ (Shield Cup)
udo-2352,2352,P-80 MACHINE TORCH PLASMA,CHAMP,consumables,READY_GREEN,READY_FULL_SPECS,พร้อมขึ้นขายทันที สเปกวิศวกรรมครบถ้วน 100%,1,2400.0,2400.0,4,0,1,1,อะไหล่สิ้นเปลือง เครื่องตัดพลาสม่า เครื่องเชื่อม > อะไหล่หัวตัดพลาสม่า (PLASMA) > ด้ามตัด (Torch Head)
udo-2353,2353,ด้ามหัวตัดพลาสม่า P-80 TORCH PLASMA,TRAFIMET,consumables,READY_GREEN,READY_FULL_SPECS,พร้อมขึ้นขายทันที สเปกวิศวกรรมครบถ้วน 100%,1,2200.0,2200.0,4,0,2,1,อะไหล่สิ้นเปลือง เครื่องตัดพลาสม่า เครื่องเชื่อม > อะไหล่หัวตัดพลาสม่า (PLASMA) > ด้ามตัด (Torch Head)
udo-2354,2354,หัวตัดพลาสม่า TRAFIMET P-80 อีเล็คโทรด,TRAFIMET,consumables,READY_GREEN,READY_FULL_SPECS,พร้อมขึ้นขายทันที สเปกวิศวกรรมครบถ้วน 100%,1,450.0,450.0,4,0,1,1,อะไหล่สิ้นเปลือง เครื่องตัดพลาสม่า เครื่องเชื่อม > อะไหล่หัวตัดพลาสม่า (PLASMA) > อีเล็คโทรด (Electrode)
udo-2355,2355,หัวตัดพลาสม่า TRAFIMET P-80 ทิป,TRAFIMET,consumables,READY_GREEN,READY_FULL_SPECS,พร้อมขึ้นขายทันที สเปกวิศวกรรมครบถ้วน 100%,3,450.0,450.0,4,0,1,1,อะไหล่สิ้นเปลือง เครื่องตัดพลาสม่า เครื่องเชื่อม > อะไหล่หัวตัดพลาสม่า (PLASMA) > หัวทิป (Tip)
udo-2356,2356,TRAFIMET AUTOCUT P141 TORCH WITH HANDLE,TRAFIMET,consumables,READY_GREEN,READY_FULL_SPECS,พร้อมขึ้นขายทันที สเปกวิศวกรรมครบถ้วน 100%,1,8900.0,8900.0,4,0,1,2,อะไหล่สิ้นเปลือง เครื่องตัดพลาสม่า เครื่องเชื่อม > อะไหล่หัวตัดพลาสม่า (PLASMA) > ด้ามตัด (Torch Head)
udo-2357,2357,ชุดหัวตัดพลาสม่า S45 ยาว 8 เมตร,CHAMP,consumables,READY_GREEN,READY_FULL_SPECS,พร้อมขึ้นขายทันที สเปกวิศวกรรมครบถ้วน 100%,1,2900.0,2900.0,4,0,1,1,อะไหล่สิ้นเปลือง เครื่องตัดพลาสม่า เครื่องเชื่อม > อะไหล่หัวตัดพลาสม่า (PLASMA) > ปืนตัดพลาสม่าพร้อมสาย (Plasma Torch)
udo-2358,2358,ชุดหัวตัดพลาสม่า TRAFIMET ERGOCUT CB50 ยาว 6 เมตร,TRAFIMET,consumables,READY_GREEN,READY_FULL_SPECS,พร้อมขึ้นขายทันที สเปกวิศวกรรมครบถ้วน 100%,1,4400.0,4400.0,4,0,1,2,อะไหล่สิ้นเปลือง เครื่องตัดพลาสม่า เครื่องเชื่อม > อะไหล่หัวตัดพลาสม่า (PLASMA) > ปืนตัดพลาสม่าพร้อมสาย (Plasma Torch)
udo-2359,2359,ชุดหัวตัดพลาสม่า TRAFIMET ERGOCUT A81 ยาว 8 เมตร,TRAFIMET,consumables,READY_GREEN,READY_FULL_SPECS,พร้อมขึ้นขายทันที สเปกวิศวกรรมครบถ้วน 100%,1,5400.0,5400.0,4,0,1,2,อะไหล่สิ้นเปลือง เครื่องตัดพลาสม่า เครื่องเชื่อม > อะไหล่หัวตัดพลาสม่า (PLASMA) > ปืนตัดพลาสม่าพร้อมสาย (Plasma Torch)
udo-2360,2360,ชุดหัวตัดพลาสม่า TRAFIMET ERGOCUT P141 ยาว 6 เมตร,TRAFIMET,consumables,READY_GREEN,READY_FULL_SPECS,พร้อมขึ้นขายทันที สเปกวิศวกรรมครบถ้วน 100%,1,12900.0,12900.0,4,0,1,2,อะไหล่สิ้นเปลือง เครื่องตัดพลาสม่า เครื่องเชื่อม > อะไหล่หัวตัดพลาสม่า (PLASMA) > ปืนตัดพลาสม่าพร้อมสาย (Plasma Torch)
udo-2361,2361,ชุดหัวตัดพลาสม่า TRAFIMET ERGOCUT A141 ยาว 12 เมตร,TRAFIMET,consumables,READY_GREEN,READY_FULL_SPECS,พร้อมขึ้นขายทันที สเปกวิศวกรรมครบถ้วน 100%,1,9900.0,9900.0,4,0,1,2,อะไหล่สิ้นเปลือง เครื่องตัดพลาสม่า เครื่องเชื่อม > อะไหล่หัวตัดพลาสม่า (PLASMA) > ปืนตัดพลาสม่าพร้อมสาย (Plasma Torch)
udo-2362,2362,ชุดหัวตัดพลาสม่า TRAFIMET ERGOCUT A141 ยาว 6 เมตร,TRAFIMET,consumables,READY_GREEN,READY_FULL_SPECS,พร้อมขึ้นขายทันที สเปกวิศวกรรมครบถ้วน 100%,1,7900.0,7900.0,4,0,1,2,อะไหล่สิ้นเปลือง เครื่องตัดพลาสม่า เครื่องเชื่อม > อะไหล่หัวตัดพลาสม่า (PLASMA) > ปืนตัดพลาสม่าพร้อมสาย (Plasma Torch)
udo-2363,2363,ชุดหัวตัดพลาสม่า TRAFIMET ERGOCUT S75 ยาว 6 เมตร,TRAFIMET,consumables,READY_GREEN,READY_FULL_SPECS,พร้อมขึ้นขายทันที สเปกวิศวกรรมครบถ้วน 100%,1,5400.0,5400.0,4,0,1,2,อะไหล่สิ้นเปลือง เครื่องตัดพลาสม่า เครื่องเชื่อม > อะไหล่หัวตัดพลาสม่า (PLASMA) > ปืนตัดพลาสม่าพร้อมสาย (Plasma Torch)
udo-2364,2364,ชุดหัวตัดพลาสม่า TRAFIMET ERGOCUT S65 DRAG ยาว 6 เมตร,TRAFIMET,consumables,READY_GREEN,READY_FULL_SPECS,พร้อมขึ้นขายทันที สเปกวิศวกรรมครบถ้วน 100%,1,5400.0,5400.0,4,0,1,2,อะไหล่สิ้นเปลือง เครื่องตัดพลาสม่า เครื่องเชื่อม > อะไหล่หัวตัดพลาสม่า (PLASMA) > ปืนตัดพลาสม่าพร้อมสาย (Plasma Torch)
udo-2365,2365,ชุดหัวตัดพลาสม่า TRAFIMET ERGOCUT S45 ยาว 6 เมตร,TRAFIMET,consumables,READY_GREEN,READY_FULL_SPECS,พร้อมขึ้นขายทันที สเปกวิศวกรรมครบถ้วน 100%,1,4400.0,4400.0,4,0,1,2,อะไหล่สิ้นเปลือง เครื่องตัดพลาสม่า เครื่องเชื่อม > อะไหล่หัวตัดพลาสม่า (PLASMA) > ปืนตัดพลาสม่าพร้อมสาย (Plasma Torch)
udo-2366,2366,ชุดหัวตัดพลาสม่า PT-31 พร้อมสายยาว 5 เมตร,CHAMP,consumables,READY_GREEN,READY_FULL_SPECS,พร้อมขึ้นขายทันที สเปกวิศวกรรมครบถ้วน 100%,1,1400.0,1400.0,4,0,1,1,อะไหล่สิ้นเปลือง เครื่องตัดพลาสม่า เครื่องเชื่อม > อะไหล่หัวตัดพลาสม่า (PLASMA) > ปืนตัดพลาสม่าพร้อมสาย (Plasma Torch)
udo-2367,2367,ชุดหัวตัดพลาสม่า P-80 พร้อมสายยาว 10 เมตร,CHAMP,consumables,READY_GREEN,READY_FULL_SPECS,พร้อมขึ้นขายทันที สเปกวิศวกรรมครบถ้วน 100%,1,2800.0,2800.0,4,0,1,1,อะไหล่สิ้นเปลือง เครื่องตัดพลาสม่า เครื่องเชื่อม > อะไหล่หัวตัดพลาสม่า (PLASMA) > ปืนตัดพลาสม่าพร้อมสาย (Plasma Torch)
udo-2368,2368,ชุดหัวตัดพลาสม่า P-80 พร้อมสายยาว 8 เมตร,CHAMP,consumables,READY_GREEN,READY_FULL_SPECS,พร้อมขึ้นขายทันที สเปกวิศวกรรมครบถ้วน 100%,1,2600.0,2600.0,4,0,1,1,อะไหล่สิ้นเปลือง เครื่องตัดพลาสม่า เครื่องเชื่อม > อะไหล่หัวตัดพลาสม่า (PLASMA) > ปืนตัดพลาสม่าพร้อมสาย (Plasma Torch)
udo-2507,2507,ปลั๊กสายสัญญาณ 2 พิน,KENZO,consumables,READY_GREEN,READY_FULL_SPECS,พร้อมขึ้นขายทันที สเปกวิศวกรรมครบถ้วน 100%,1,150.0,150.0,4,0,1,0,อะไหล่สิ้นเปลือง เครื่องตัดพลาสม่า เครื่องเชื่อม > อุปกรณ์และอะไหล่อื่นๆ
udo-2508,2508,เต้ารับสายสัญญาณ 2 พิน,KENZO,consumables,READY_GREEN,READY_FULL_SPECS,พร้อมขึ้นขายทันที สเปกวิศวกรรมครบถ้วน 100%,1,150.0,150.0,4,0,1,0,อะไหล่สิ้นเปลือง เครื่องตัดพลาสม่า เครื่องเชื่อม > อุปกรณ์และอะไหล่อื่นๆ
udo-2509,2509,ปลั๊กสายสัญญาณ 7 พิน,KENZO,consumables,READY_GREEN,READY_FULL_SPECS,พร้อมขึ้นขายทันที สเปกวิศวกรรมครบถ้วน 100%,1,150.0,150.0,4,0,2,0,อะไหล่สิ้นเปลือง เครื่องตัดพลาสม่า เครื่องเชื่อม > อุปกรณ์และอะไหล่อื่นๆ
udo-2510,2510,เต้ารับสายสัญญาณ 7 พิน,KENZO,consumables,READY_GREEN,READY_FULL_SPECS,พร้อมขึ้นขายทันที สเปกวิศวกรรมครบถ้วน 100%,1,150.0,150.0,4,0,3,0,อะไหล่สิ้นเปลือง เครื่องตัดพลาสม่า เครื่องเชื่อม > อุปกรณ์และอะไหล่อื่นๆ
udo-2511,2511,ปลั๊กสายสัญญาณ 14 พิน ตัวเมีย,KENZO,consumables,READY_GREEN,READY_FULL_SPECS,พร้อมขึ้นขายทันที สเปกวิศวกรรมครบถ้วน 100%,1,990.0,990.0,4,0,2,0,อะไหล่สิ้นเปลือง เครื่องตัดพลาสม่า เครื่องเชื่อม > อุปกรณ์และอะไหล่อื่นๆ
udo-2512,2512,ปลั๊กสายสัญญาณ 14 พิน ตัวผู้,KENZO,consumables,READY_GREEN,READY_FULL_SPECS,พร้อมขึ้นขายทันที สเปกวิศวกรรมครบถ้วน 100%,1,990.0,990.0,4,0,2,0,อะไหล่สิ้นเปลือง เครื่องตัดพลาสม่า เครื่องเชื่อม > อุปกรณ์และอะไหล่อื่นๆ
udo-2513,2513,เต้ารับสายสัญญาณ 14 พิน ตัวเมีย,KENZO,consumables,READY_GREEN,READY_FULL_SPECS,พร้อมขึ้นขายทันที สเปกวิศวกรรมครบถ้วน 100%,1,740.0,740.0,4,0,3,0,อะไหล่สิ้นเปลือง เครื่องตัดพลาสม่า เครื่องเชื่อม > อุปกรณ์และอะไหล่อื่นๆ
udo-2514,2514,เต้ารับสายสัญญาณ 14 พิน ตัวผู้,KENZO,consumables,READY_GREEN,READY_FULL_SPECS,พร้อมขึ้นขายทันที สเปกวิศวกรรมครบถ้วน 100%,1,1200.0,1200.0,4,0,1,0,อะไหล่สิ้นเปลือง เครื่องตัดพลาสม่า เครื่องเชื่อม > อุปกรณ์และอะไหล่อื่นๆ
udo-2515,2515,สายสัญญาณคอนโทรล 14 พิน,KENZO,consumables,READY_GREEN,READY_FULL_SPECS,พร้อมขึ้นขายทันที สเปกวิศวกรรมครบถ้วน 100%,1,220.0,220.0,4,0,1,0,อะไหล่สิ้นเปลือง เครื่องตัดพลาสม่า เครื่องเชื่อม > อุปกรณ์และอะไหล่อื่นๆ
udo-2516,2516,กระบอกอบลวดเชื่อม CHAMP ขนาด 10 Kg.,CHAMP,consumables,READY_GREEN,READY_FULL_SPECS,พร้อมขึ้นขายทันที สเปกวิศวกรรมครบถ้วน 100%,1,1900.0,1900.0,4,0,2,0,อะไหล่สิ้นเปลือง เครื่องตัดพลาสม่า เครื่องเชื่อม > อุปกรณ์และอะไหล่อื่นๆ
udo-2517,2517,กระบอกอบลวดเชื่อม CHAMP ขนาด 5 Kg.,CHAMP,consumables,READY_GREEN,READY_FULL_SPECS,พร้อมขึ้นขายทันที สเปกวิศวกรรมครบถ้วน 100%,1,1700.0,1700.0,4,0,3,0,อะไหล่สิ้นเปลือง เครื่องตัดพลาสม่า เครื่องเชื่อม > อุปกรณ์และอะไหล่อื่นๆ
udo-2518,2518,อแด๊ปเตอร์แปลงข้อต่อยูโร TRAFIMET ADAPTER SK 35-70>10-25 mm.,TRAFIMET,consumables,READY_GREEN,READY_FULL_SPECS,พร้อมขึ้นขายทันที สเปกวิศวกรรมครบถ้วน 100%,1,450.0,450.0,4,0,1,1,อะไหล่สิ้นเปลือง เครื่องตัดพลาสม่า เครื่องเชื่อม > อุปกรณ์และอะไหล่อื่นๆ
udo-2519,2519,ข้อต่อหน้าตู้ยูโรตัวเมีย TRAFIMET TRAK-BE MINI 10-25 mm.,TRAFIMET,consumables,READY_GREEN,READY_FULL_SPECS,พร้อมขึ้นขายทันที สเปกวิศวกรรมครบถ้วน 100%,1,170.0,170.0,4,0,1,1,อะไหล่สิ้นเปลือง เครื่องตัดพลาสม่า เครื่องเชื่อม > อุปกรณ์และอะไหล่อื่นๆ
udo-2520,2520,ข้อต่อหน้าตู้ยูโรตัวเมีย TRAFIMET TRAK-BE 35-70 mm.,TRAFIMET,consumables,READY_GREEN,READY_FULL_SPECS,พร้อมขึ้นขายทันที สเปกวิศวกรรมครบถ้วน 100%,1,270.0,270.0,4,0,1,1,อะไหล่สิ้นเปลือง เครื่องตัดพลาสม่า เครื่องเชื่อม > อุปกรณ์และอะไหล่อื่นๆ
udo-2521,2521,ข้อต่อสายเชื่อมยูโรตัวเมีย TRAFIMET TRAK-BK 10-25 mm.,TRAFIMET,consumables,READY_GREEN,READY_FULL_SPECS,พร้อมขึ้นขายทันที สเปกวิศวกรรมครบถ้วน 100%,1,170.0,170.0,4,0,1,1,อะไหล่สิ้นเปลือง เครื่องตัดพลาสม่า เครื่องเชื่อม > อุปกรณ์และอะไหล่อื่นๆ
udo-2522,2522,ข้อต่อสายเชื่อมยูโรตัวเมีย TRAFIMET TRAK-BK 35-70 mm.,TRAFIMET,consumables,READY_GREEN,READY_FULL_SPECS,พร้อมขึ้นขายทันที สเปกวิศวกรรมครบถ้วน 100%,1,270.0,270.0,4,0,1,1,อะไหล่สิ้นเปลือง เครื่องตัดพลาสม่า เครื่องเชื่อม > อุปกรณ์และอะไหล่อื่นๆ
udo-2523,2523,ข้อต่อสายเชื่อมยูโรตัวผู้ TRAFIMET TRAK-SK 10-25 mm.,TRAFIMET,consumables,READY_GREEN,READY_FULL_SPECS,พร้อมขึ้นขายทันที สเปกวิศวกรรมครบถ้วน 100%,1,170.0,170.0,4,0,1,1,อะไหล่สิ้นเปลือง เครื่องตัดพลาสม่า เครื่องเชื่อม > อุปกรณ์และอะไหล่อื่นๆ
udo-2524,2524,ข้อต่อสายเชื่อมยูโรตัวผู้ TRAFIMET TRAK-SK 35-70 mm.,TRAFIMET,consumables,READY_GREEN,READY_FULL_SPECS,พร้อมขึ้นขายทันที สเปกวิศวกรรมครบถ้วน 100%,1,270.0,270.0,4,0,1,1,อะไหล่สิ้นเปลือง เครื่องตัดพลาสม่า เครื่องเชื่อม > อุปกรณ์และอะไหล่อื่นๆ
udo-2525,2525,หางปลาสายเชื่อมไฟฟ้า 70-95 สแควร์,TRAFIMET,consumables,READY_GREEN,READY_FULL_SPECS,พร้อมขึ้นขายทันที สเปกวิศวกรรมครบถ้วน 100%,1,300.0,300.0,4,0,2,1,อะไหล่สิ้นเปลือง เครื่องตัดพลาสม่า เครื่องเชื่อม > อุปกรณ์และอะไหล่อื่นๆ
udo-2526,2526,หัวเก๊าจ์คาร์บอน K-4,CHAMP,consumables,READY_GREEN,READY_FULL_SPECS,พร้อมขึ้นขายทันที สเปกวิศวกรรมครบถ้วน 100%,1,3700.0,3700.0,4,0,1,1,อะไหล่สิ้นเปลือง เครื่องตัดพลาสม่า เครื่องเชื่อม > อุปกรณ์และอะไหล่อื่นๆ
udo-2527,2527,ชุดอะไหล่สวมหัวหน้ากากปรับแสงอัตโนมัติ OPTECH,OPTECH,consumables,READY_GREEN,READY_FULL_SPECS,พร้อมขึ้นขายทันที สเปกวิศวกรรมครบถ้วน 100%,1,400.0,400.0,4,0,1,0,อะไหล่สิ้นเปลือง เครื่องตัดพลาสม่า เครื่องเชื่อม > อุปกรณ์เซฟตี้
udo-2528,2528,ชุดอะไหล่เปลี่ยนแถบกันเหงื่อหน้ากากปรับแสงอัตโนมัติ OPTECH,OPTECH,consumables,READY_GREEN,READY_FULL_SPECS,พร้อมขึ้นขายทันที สเปกวิศวกรรมครบถ้วน 100%,1,180.0,180.0,4,0,1,0,อะไหล่สิ้นเปลือง เครื่องตัดพลาสม่า เครื่องเชื่อม > อุปกรณ์เซฟตี้
udo-2529,2529,เลนส์ป้องกันสะเก็ดไฟด้านในหน้ากากปรับแสงอัตโนมัติ S777a,OPTECH,consumables,READY_GREEN,READY_FULL_SPECS,พร้อมขึ้นขายทันที สเปกวิศวกรรมครบถ้วน 100%,1,180.0,180.0,4,0,1,0,อะไหล่สิ้นเปลือง เครื่องตัดพลาสม่า เครื่องเชื่อม > อุปกรณ์เซฟตี้
udo-2530,2530,เลนส์ป้องกันสะเก็ดไฟด้านในหน้ากากปรับแสงอัตโนมัติ S998e,OPTECH,consumables,READY_GREEN,READY_FULL_SPECS,พร้อมขึ้นขายทันที สเปกวิศวกรรมครบถ้วน 100%,1,180.0,180.0,4,0,1,0,อะไหล่สิ้นเปลือง เครื่องตัดพลาสม่า เครื่องเชื่อม > อุปกรณ์เซฟตี้
udo-2531,2531,เลนส์ป้องกันสะเก็ดไฟด้านในหน้ากากปรับแสงอัตโนมัติ SUN7,OPTECH,consumables,READY_GREEN,READY_FULL_SPECS,พร้อมขึ้นขายทันที สเปกวิศวกรรมครบถ้วน 100%,1,180.0,180.0,4,0,1,0,อะไหล่สิ้นเปลือง เครื่องตัดพลาสม่า เครื่องเชื่อม > อุปกรณ์เซฟตี้
udo-2532,2532,เลนส์ป้องกันสะเก็ดไฟหน้ากากปรับแสงอัตโนมัติ S998e,OPTECH,consumables,READY_GREEN,READY_FULL_SPECS,พร้อมขึ้นขายทันที สเปกวิศวกรรมครบถ้วน 100%,1,200.0,200.0,4,0,1,0,อะไหล่สิ้นเปลือง เครื่องตัดพลาสม่า เครื่องเชื่อม > อุปกรณ์เซฟตี้
udo-2533,2533,เลนส์ป้องกันสะเก็ดไฟหน้ากากปรับแสงอัตโนมัติ S777A,OPTECH,consumables,READY_GREEN,READY_FULL_SPECS,พร้อมขึ้นขายทันที สเปกวิศวกรรมครบถ้วน 100%,1,200.0,200.0,4,0,1,0,อะไหล่สิ้นเปลือง เครื่องตัดพลาสม่า เครื่องเชื่อม > อุปกรณ์เซฟตี้
udo-2534,2534,เลนส์ป้องกันสะเก็ดไฟหน้ากากปรับแสงอัตโนมัติ SUN7,OPTECH,consumables,READY_GREEN,READY_FULL_SPECS,พร้อมขึ้นขายทันที สเปกวิศวกรรมครบถ้วน 100%,1,200.0,200.0,4,0,1,0,อะไหล่สิ้นเปลือง เครื่องตัดพลาสม่า เครื่องเชื่อม > อุปกรณ์เซฟตี้
udo-2535,2535,หน้ากากเชื่อมออโต้ ปรับแสงอัตโนมัติ OPTECH S777A,OPTECH,consumables,READY_GREEN,READY_FULL_SPECS,พร้อมขึ้นขายทันที สเปกวิศวกรรมครบถ้วน 100%,1,2200.0,2200.0,4,0,1,0,อะไหล่สิ้นเปลือง เครื่องตัดพลาสม่า เครื่องเชื่อม > อุปกรณ์เซฟตี้
udo-2536,2536,หน้ากากเชื่อมออโต้ ปรับแสงอัตโนมัติ OPTECH S998E,OPTECH,consumables,READY_GREEN,READY_FULL_SPECS,พร้อมขึ้นขายทันที สเปกวิศวกรรมครบถ้วน 100%,1,1390.0,1390.0,4,0,1,0,อะไหล่สิ้นเปลือง เครื่องตัดพลาสม่า เครื่องเชื่อม > อุปกรณ์เซฟตี้
udo-2537,2537,หน้ากากเชื่อมออโต้ ปรับแสงอัตโนมัติ OPTECH SUN7,OPTECH,consumables,READY_GREEN,READY_FULL_SPECS,พร้อมขึ้นขายทันที สเปกวิศวกรรมครบถ้วน 100%,1,2400.0,2400.0,4,0,1,0,อะไหล่สิ้นเปลือง เครื่องตัดพลาสม่า เครื่องเชื่อม > อุปกรณ์เซฟตี้
udo-2538,2538,หน้ากากเชื่อมแบบมือถือ,UDO,consumables,READY_GREEN,READY_FULL_SPECS,พร้อมขึ้นขายทันที สเปกวิศวกรรมครบถ้วน 100%,1,70.0,70.0,4,0,1,0,อะไหล่สิ้นเปลือง เครื่องตัดพลาสม่า เครื่องเชื่อม > อุปกรณ์และอะไหล่อื่นๆ
udo-2539,2539,หน้ากากเชื่อมแบบสวมหัว,UDO,consumables,READY_GREEN,READY_FULL_SPECS,พร้อมขึ้นขายทันที สเปกวิศวกรรมครบถ้วน 100%,1,150.0,150.0,4,0,1,0,อะไหล่สิ้นเปลือง เครื่องตัดพลาสม่า เครื่องเชื่อม > อุปกรณ์และอะไหล่อื่นๆ
udo-2541,2541,กระจกดำเชื่อม,CHAMP,consumables,READY_GREEN,READY_FULL_SPECS,พร้อมขึ้นขายทันที สเปกวิศวกรรมครบถ้วน 100%,5,8.0,8.0,4,0,1,0,อะไหล่สิ้นเปลือง เครื่องตัดพลาสม่า เครื่องเชื่อม > อุปกรณ์เซฟตี้
udo-2542,2542,สายเชื่อมไฟฟ้า ขนาด 35 สแควร์ (0.12x800 เส้น),KENZO,consumables,READY_GREEN,READY_FULL_SPECS,พร้อมขึ้นขายทันที สเปกวิศวกรรมครบถ้วน 100%,2,102.0,7500.0,4,0,1,0,อะไหล่สิ้นเปลือง เครื่องตัดพลาสม่า เครื่องเชื่อม > อุปกรณ์และอะไหล่อื่นๆ
udo-2543,2543,สายเชื่อมไฟฟ้า ขนาด 35 สแควร์ (0.12x1000 เส้น),KENZO,consumables,READY_GREEN,READY_FULL_SPECS,พร้อมขึ้นขายทันที สเปกวิศวกรรมครบถ้วน 100%,1,9050.0,9050.0,4,0,1,0,อะไหล่สิ้นเปลือง เครื่องตัดพลาสม่า เครื่องเชื่อม > อุปกรณ์และอะไหล่อื่นๆ
udo-2544,2544,สายเชื่อมไฟฟ้า ขนาด 50 สแควร์ (0.12x1100 เส้น),KENZO,consumables,READY_GREEN,READY_FULL_SPECS,พร้อมขึ้นขายทันที สเปกวิศวกรรมครบถ้วน 100%,2,123.0,10060.0,4,0,1,0,อะไหล่สิ้นเปลือง เครื่องตัดพลาสม่า เครื่องเชื่อม > อุปกรณ์และอะไหล่อื่นๆ
udo-2545,2545,สายเชื่อมไฟฟ้า ขนาด 50 สแควร์ (0.12x1500 เส้น),KENZO,consumables,READY_GREEN,READY_FULL_SPECS,พร้อมขึ้นขายทันที สเปกวิศวกรรมครบถ้วน 100%,1,13270.0,13270.0,4,0,1,0,อะไหล่สิ้นเปลือง เครื่องตัดพลาสม่า เครื่องเชื่อม > อุปกรณ์และอะไหล่อื่นๆ
udo-2546,2546,สายเชื่อมไฟฟ้า ขนาด 50 สแควร์ (0.14x1500 เส้น),KENZO,consumables,READY_GREEN,READY_FULL_SPECS,พร้อมขึ้นขายทันที สเปกวิศวกรรมครบถ้วน 100%,1,12000.0,12000.0,4,0,1,0,อะไหล่สิ้นเปลือง เครื่องตัดพลาสม่า เครื่องเชื่อม > อุปกรณ์และอะไหล่อื่นๆ
udo-2547,2547,สายเชื่อมไฟฟ้า ขนาด 70 สแควร์ (0.12x1720 เส้น),KENZO,consumables,READY_GREEN,READY_FULL_SPECS,พร้อมขึ้นขายทันที สเปกวิศวกรรมครบถ้วน 100%,1,17870.0,17870.0,4,0,1,0,อะไหล่สิ้นเปลือง เครื่องตัดพลาสม่า เครื่องเชื่อม > อุปกรณ์และอะไหล่อื่นๆ
udo-2548,2548,สายเชื่อมไฟฟ้า ขนาด 70 สแควร์ (0.20x1500 เส้น),KENZO,consumables,READY_GREEN,READY_FULL_SPECS,พร้อมขึ้นขายทันที สเปกวิศวกรรมครบถ้วน 100%,1,26500.0,26500.0,4,0,2,0,อะไหล่สิ้นเปลือง เครื่องตัดพลาสม่า เครื่องเชื่อม > อุปกรณ์และอะไหล่อื่นๆ
udo-2549,2549,คีมจับสายดิน CHAMP 300A,CHAMP,consumables,READY_GREEN,READY_FULL_SPECS,พร้อมขึ้นขายทันที สเปกวิศวกรรมครบถ้วน 100%,2,85.0,900.0,4,0,1,0,อะไหล่สิ้นเปลือง เครื่องตัดพลาสม่า เครื่องเชื่อม > อุปกรณ์และอะไหล่อื่นๆ
udo-2550,2550,คีมเชื่อมไฟฟ้า AMERICAN 600A,AMERICAN,consumables,READY_GREEN,READY_FULL_SPECS,พร้อมขึ้นขายทันที สเปกวิศวกรรมครบถ้วน 100%,1,240.0,240.0,4,0,1,0,อะไหล่สิ้นเปลือง เครื่องตัดพลาสม่า เครื่องเชื่อม > อุปกรณ์และอะไหล่อื่นๆ
udo-2551,2551,คีมเชื่อมไฟฟ้า CHAMP 500A,CHAMP,consumables,READY_GREEN,READY_FULL_SPECS,พร้อมขึ้นขายทันที สเปกวิศวกรรมครบถ้วน 100%,5,100.0,190.0,4,0,1,0,อะไหล่สิ้นเปลือง เครื่องตัดพลาสม่า เครื่องเชื่อม > อุปกรณ์และอะไหล่อื่นๆ
udo-2552,2552,คีมเชื่อมไฟฟ้า CHAMP 300A,CHAMP,consumables,READY_GREEN,READY_FULL_SPECS,พร้อมขึ้นขายทันที สเปกวิศวกรรมครบถ้วน 100%,1,170.0,170.0,4,0,1,0,อะไหล่สิ้นเปลือง เครื่องตัดพลาสม่า เครื่องเชื่อม > อุปกรณ์และอะไหล่อื่นๆ
udo-2553,2553,ลวดเชื่อม CO2 หล็กทนแรงดึงสูง HYUNDAI SM-80G (ER80S-G),HYUNDAI,welding_wire,READY_GREEN,READY_FULL_SPECS,พร้อมขึ้นขายทันที สเปกวิศวกรรมครบถ้วน 100%,2,3190.0,3290.0,2,0,2,1,กลุ่มลวดเชื่อม > เชื่อมเหล็ก > เชื่อมซีโอทู (MIG)
udo-2554,2554,ลวดเชื่อมไฟฟ้าเหล็กทนแรงดึงสูง HYUNDAI S-9016.G (E9016-G),HYUNDAI,welding_wire,READY_GREEN,READY_FULL_SPECS,พร้อมขึ้นขายทันที สเปกวิศวกรรมครบถ้วน 100%,1,1200.0,1200.0,3,0,3,1,กลุ่มลวดเชื่อม > เชื่อมเหล็ก > เชื่อมไฟฟ้า (MMA)
udo-2555,2555,ลวดเชื่อมไฟฟ้าเหล็กทนแรงดึงสูง HYUNDAI S-11018.M (E11018-M),HYUNDAI,welding_wire,READY_GREEN,READY_FULL_SPECS,พร้อมขึ้นขายทันที สเปกวิศวกรรมครบถ้วน 100%,2,1800.0,1800.0,3,0,1,1,กลุ่มลวดเชื่อม > เชื่อมเหล็ก > เชื่อมไฟฟ้า (MMA)
udo-2556,2556,ลวดเชื่อมไฟฟ้าเหล็กทนความร้อนสูง HYUNDAI S-8016.B2 (E8016-B2),HYUNDAI,welding_wire,READY_GREEN,READY_FULL_SPECS,พร้อมขึ้นขายทันที สเปกวิศวกรรมครบถ้วน 100%,2,1200.0,1200.0,3,0,2,1,กลุ่มลวดเชื่อม > เชื่อมเหล็ก > เชื่อมไฟฟ้า (MMA)
udo-2558,2558,ลวดเชื่อมไฟฟ้าเหล็กทนความร้อนสูง HYUNDAI S-9016.B3 (E9016-B3),HYUNDAI,welding_wire,READY_GREEN,READY_FULL_SPECS,พร้อมขึ้นขายทันที สเปกวิศวกรรมครบถ้วน 100%,2,1350.0,1350.0,3,0,2,1,กลุ่มลวดเชื่อม > เชื่อมเหล็ก > เชื่อมไฟฟ้า (MMA)
udo-2559,2559,ลวดเชื่อมไฟฟ้าเหล็กทนอุณหภูมิต่ำ HYUNDAI S-8016.C1 (E8016-C1),HYUNDAI,welding_wire,READY_GREEN,READY_FULL_SPECS,พร้อมขึ้นขายทันที สเปกวิศวกรรมครบถ้วน 100%,1,1200.0,1200.0,3,0,2,1,กลุ่มลวดเชื่อม > เชื่อมเหล็ก > เชื่อมไฟฟ้า (MMA)
udo-2560,2560,ลวดเชื่อมไฟฟ้าสแตนเลส HYUNDAI S-307.16 (E307-16),HYUNDAI,welding_wire,READY_GREEN,READY_FULL_SPECS,พร้อมขึ้นขายทันที สเปกวิศวกรรมครบถ้วน 100%,1,1380.0,1380.0,3,0,3,1,กลุ่มลวดเชื่อม > เชื่อมสแตนเลส > เชื่อมไฟฟ้า (MMA)
udo-2561,2561,ลวดเชื่อมไฟฟ้าสแตนเลส HYUNDAI S-347.16 (E347-16),HYUNDAI,welding_wire,READY_GREEN,READY_FULL_SPECS,พร้อมขึ้นขายทันที สเปกวิศวกรรมครบถ้วน 100%,2,1900.0,2000.0,3,0,1,1,กลุ่มลวดเชื่อม > เชื่อมสแตนเลส > เชื่อมไฟฟ้า (MMA)
udo-2562,2562,ลวดเชื่อมอาร์กอนเหล็ก HYUNDAI ST-80B2 (ER80S-B2),HYUNDAI,welding_wire,READY_GREEN,READY_FULL_SPECS,พร้อมขึ้นขายทันที สเปกวิศวกรรมครบถ้วน 100%,1,1580.0,1580.0,2,0,2,1,กลุ่มลวดเชื่อม > เชื่อมเหล็ก > เชื่อมอาร์กอน (TIG)
udo-2563,2563,ลวดเชื่อมอาร์กอนเหล็ก HYUNDAI ST-90B3 (ER90S-B3),HYUNDAI,welding_wire,READY_GREEN,READY_FULL_SPECS,พร้อมขึ้นขายทันที สเปกวิศวกรรมครบถ้วน 100%,1,2050.0,2050.0,2,0,2,1,กลุ่มลวดเชื่อม > เชื่อมเหล็ก > เชื่อมอาร์กอน (TIG)
udo-2564,2564,ลวดเชื่อมอาร์กอนเหล็ก HYUNDAI ST-92B9 (ER90S-G),HYUNDAI,welding_wire,READY_GREEN,READY_FULL_SPECS,พร้อมขึ้นขายทันที สเปกวิศวกรรมครบถ้วน 100%,1,4900.0,4900.0,2,0,2,1,กลุ่มลวดเชื่อม > เชื่อมเหล็ก > เชื่อมอาร์กอน (TIG)
udo-2565,2565,ลวดเชื่อมอาร์กอนสแตนเลส HYUNDAI ST-347 (ER347),HYUNDAI,welding_wire,READY_GREEN,READY_FULL_SPECS,พร้อมขึ้นขายทันที สเปกวิศวกรรมครบถ้วน 100%,4,4400.0,4500.0,3,0,1,1,กลุ่มลวดเชื่อม > เชื่อมสแตนเลส > เชื่อมอาร์กอน (TIG)
udo-2566,2566,ลวดเชื่อมอาร์กอนสแตนเลส HYUNDAI ST-410 (ER410),HYUNDAI,welding_wire,READY_GREEN,READY_FULL_SPECS,พร้อมขึ้นขายทันที สเปกวิศวกรรมครบถ้วน 100%,1,2900.0,2900.0,3,0,2,1,กลุ่มลวดเชื่อม > เชื่อมสแตนเลส > เชื่อมอาร์กอน (TIG)
udo-2567,2567,ลวดเชื่อมอาร์กอนสแตนเลส SUPER DUPLEX HYUNDAI SMT-2594 (ER2594),HYUNDAI,welding_wire,READY_GREEN,READY_FULL_SPECS,พร้อมขึ้นขายทันที สเปกวิศวกรรมครบถ้วน 100%,1,11500.0,11500.0,3,0,1,1,กลุ่มลวดเชื่อม > เชื่อมสแตนเลส > เชื่อมอาร์กอน (TIG)
udo-2568,2568,ลวดเชื่อมอาร์กอนนิเกิลอัลลอย INCONEL HYUNDAI ST-276 (ERNiCrMo-4),HYUNDAI,welding_wire,READY_GREEN,READY_FULL_SPECS,พร้อมขึ้นขายทันที สเปกวิศวกรรมครบถ้วน 100%,1,15500.0,15500.0,2,0,1,1,กลุ่มลวดเชื่อม > เชื่อมวัสดุเกรดพิเศษ > เชื่อมอาร์กอน (TIG)
udo-2569,2569,ลวดเชื่อมอาร์กอนนิเกิลอัลลอย HYUNDAI ST-9010 (JIS Z3341 YCuNi-1),HYUNDAI,welding_wire,READY_GREEN,READY_FULL_SPECS,พร้อมขึ้นขายทันที สเปกวิศวกรรมครบถ้วน 100%,1,10500.0,10500.0,2,0,2,1,กลุ่มลวดเชื่อม > เชื่อมวัสดุเกรดพิเศษ > เชื่อมอาร์กอน (TIG)
udo-2570,2570,ลวดเชื่อมมิกสแตนเลส HYUNDAI SM-308LSi (ER308LSi),HYUNDAI,welding_wire,READY_GREEN,READY_FULL_SPECS,พร้อมขึ้นขายทันที สเปกวิศวกรรมครบถ้วน 100%,1,6200.0,6200.0,3,0,1,1,กลุ่มลวดเชื่อม > เชื่อมสแตนเลส > เชื่อมซีโอทู (MIG)
udo-2571,2571,ลวดเชื่อม Self-Shielded ฟลักซ์คอร์ไวร์ HYUNDAI SUPERSHIELD 11 (E71T-11),HYUNDAI,welding_wire,READY_GREEN,READY_FULL_SPECS,พร้อมขึ้นขายทันที สเปกวิศวกรรมครบถ้วน 100%,2,990.0,1290.0,3,0,3,1,กลุ่มลวดเชื่อม > เชื่อมเหล็ก > เชื่อมฟลักซ์คอลล์ (FCW)
udo-2572,2572,ลวดเชื่อมมิกอลูมิเนียม HYUNDAI SMT-4043 (ม้วนละ 2 กก.),HYUNDAI,welding_wire,READY_GREEN,READY_FULL_SPECS,พร้อมขึ้นขายทันที สเปกวิศวกรรมครบถ้วน 100%,2,790.0,840.0,2,0,1,1,กลุ่มลวดเชื่อม > เชื่อมอลูมิเนียม > เชื่อมซีโอทู (MIG)
udo-2573,2573,ลวดเชื่อมมิกอลูมิเนียม HYUNDAI SMT-4043 (ม้วนละ 7 กก.),HYUNDAI,welding_wire,READY_GREEN,READY_FULL_SPECS,พร้อมขึ้นขายทันที สเปกวิศวกรรมครบถ้วน 100%,2,2700.0,2800.0,2,0,2,1,กลุ่มลวดเชื่อม > เชื่อมอลูมิเนียม > เชื่อมซีโอทู (MIG)
udo-2574,2574,ลวดเชื่อมมิกอลูมิเนียม HYUNDAI SMT-5356 (ม้วนละ 2 กก.),HYUNDAI,welding_wire,READY_GREEN,READY_FULL_SPECS,พร้อมขึ้นขายทันที สเปกวิศวกรรมครบถ้วน 100%,2,790.0,840.0,2,0,2,1,กลุ่มลวดเชื่อม > เชื่อมอลูมิเนียม > เชื่อมซีโอทู (MIG)
udo-2575,2575,ลวดเชื่อมมิกอลูมิเนียม HYUNDAI SMT-5356 (ม้วนละ 7 กก.),HYUNDAI,welding_wire,READY_GREEN,READY_FULL_SPECS,พร้อมขึ้นขายทันที สเปกวิศวกรรมครบถ้วน 100%,2,2700.0,2800.0,2,0,2,1,กลุ่มลวดเชื่อม > เชื่อมอลูมิเนียม > เชื่อมซีโอทู (MIG)
udo-2576,2576,ลวดเชื่อมอาร์กอนแม่พิมพ์ TIG NICHIA BKH-13R,NICHIA,welding_wire,READY_GREEN,READY_FULL_SPECS,พร้อมขึ้นขายทันที สเปกวิศวกรรมครบถ้วน 100%,3,2100.0,4700.0,2,0,3,1,กลุ่มลวดเชื่อม > เชื่อมวัสดุเกรดพิเศษ > เชื่อมแม่พิมพ์
udo-2577,2577,ลวดเชื่อมอาร์กอนแม่พิมพ์ TIG NICHIA CM-3R,NICHIA,welding_wire,READY_GREEN,READY_FULL_SPECS,พร้อมขึ้นขายทันที สเปกวิศวกรรมครบถ้วน 100%,5,2800.0,5000.0,2,0,3,1,กลุ่มลวดเชื่อม > เชื่อมวัสดุเกรดพิเศษ > เชื่อมแม่พิมพ์
udo-2578,2578,ลวดเชื่อมอาร์กอนแม่พิมพ์ TIG NICHIA NINAK-R,NICHIA,welding_wire,READY_GREEN,READY_FULL_SPECS,พร้อมขึ้นขายทันที สเปกวิศวกรรมครบถ้วน 100%,4,4000.0,5600.0,2,0,3,1,กลุ่มลวดเชื่อม > เชื่อมวัสดุเกรดพิเศษ > เชื่อมแม่พิมพ์
udo-2579,2579,ลวดเชื่อมอลูมิเนียมไฟฟ้า POWERWELD AlSi5,POWERWELD,welding_wire,READY_GREEN,READY_FULL_SPECS,พร้อมขึ้นขายทันที สเปกวิศวกรรมครบถ้วน 100%,2,730.0,780.0,2,0,1,1,กลุ่มลวดเชื่อม > เชื่อมอลูมิเนียม > เชื่อมไฟฟ้า (MMA)
udo-2580,2580,ลวดเชื่อมมิกสแตนเลส POWERWELD MC308LSiM (ม้วนละ 5 กก.),POWERWELD,welding_wire,READY_GREEN,READY_FULL_SPECS,พร้อมขึ้นขายทันที สเปกวิศวกรรมครบถ้วน 100%,1,2200.0,2200.0,2,0,2,1,กลุ่มลวดเชื่อม > เชื่อมสแตนเลส > เชื่อมซีโอทู (MIG)
udo-2581,2581,ลวดเชื่อมเงิน 45% SELECTARC BRAZARGENT 5045,SELECTARC,welding_wire,READY_GREEN,READY_FULL_SPECS,พร้อมขึ้นขายทันที สเปกวิศวกรรมครบถ้วน 100%,4,1050.0,48000.0,2,0,3,1,กลุ่มลวดเชื่อม > เชื่อมทองเหลืองทองแดงและเงิน > เชื่อมแก๊ส (Brazing)
udo-2582,2582,ลวดเชื่อมเงิน 34% SELECTARC BRAZARGENT 5034,SELECTARC,welding_wire,READY_GREEN,READY_FULL_SPECS,พร้อมขึ้นขายทันที สเปกวิศวกรรมครบถ้วน 100%,2,720.0,43000.0,2,0,1,1,กลุ่มลวดเชื่อม > เชื่อมทองเหลืองทองแดงและเงิน > เชื่อมแก๊ส (Brazing)
udo-2583,2583,ลวดเชื่อมเงิน 15% SELECTARC PHOSBRAZ AG150,SELECTARC,welding_wire,READY_GREEN,READY_FULL_SPECS,พร้อมขึ้นขายทันที สเปกวิศวกรรมครบถ้วน 100%,4,290.0,21000.0,2,0,1,1,กลุ่มลวดเชื่อม > เชื่อมทองเหลืองทองแดงและเงิน > เชื่อมแก๊ส (Brazing)
udo-2584,2584,ลวดเชื่อมเงิน 5% SELECTARC PHOSBRAZ AG50,SELECTARC,welding_wire,READY_GREEN,READY_FULL_SPECS,พร้อมขึ้นขายทันที สเปกวิศวกรรมครบถ้วน 100%,2,5900.0,6000.0,2,0,1,1,กลุ่มลวดเชื่อม > เชื่อมทองเหลืองทองแดงและเงิน > เชื่อมแก๊ส (Brazing)
udo-2585,2585,ลวดเชื่อมเงิน 0% SELECTARC PHOSBRAZ M73,SELECTARC,welding_wire,READY_GREEN,READY_FULL_SPECS,พร้อมขึ้นขายทันที สเปกวิศวกรรมครบถ้วน 100%,2,720.0,840.0,2,0,1,1,กลุ่มลวดเชื่อม > เชื่อมทองเหลืองทองแดงและเงิน > เชื่อมแก๊ส (Brazing)
udo-2587,2587,สเปรย์พ่นเคลือบกัลวาไนซ์ WhaleSpray,WHALESPRAY,chemicals,READY_GREEN,READY_FULL_SPECS,พร้อมขึ้นขายทันที สเปกวิศวกรรมครบถ้วน 100%,1,480.0,480.0,5,0,3,0,วัสดุอุปกรณ์เคมีภัณฑ์สำหรับงานเชื่อม > น้ำยาทำความสะอาดและเคลือบผิว
udo-2588,2588,สเปรย์ทำความสะอาดหน้ากากเชื่อม,WHALESPRAY,chemicals,READY_GREEN,READY_FULL_SPECS,พร้อมขึ้นขายทันที สเปกวิศวกรรมครบถ้วน 100%,1,480.0,480.0,5,0,3,0,วัสดุอุปกรณ์เคมีภัณฑ์สำหรับงานเชื่อม > น้ำยาทำความสะอาดและเคลือบผิว
udo-2589,2589,สเปรย์ด้านเคลือบผิวสแตนเลส,WHALESPRAY,chemicals,READY_GREEN,READY_FULL_SPECS,พร้อมขึ้นขายทันที สเปกวิศวกรรมครบถ้วน 100%,1,480.0,480.0,5,0,3,0,วัสดุอุปกรณ์เคมีภัณฑ์สำหรับงานเชื่อม > น้ำยาทำความสะอาดและเคลือบผิว
udo-2590,2590,สเปรย์ขัดเคลือบทำความสะอาดสแตนเลส,WHALESPRAY,chemicals,READY_GREEN,READY_FULL_SPECS,พร้อมขึ้นขายทันที สเปกวิศวกรรมครบถ้วน 100%,1,480.0,480.0,5,0,3,2,วัสดุอุปกรณ์เคมีภัณฑ์สำหรับงานเชื่อม > น้ำยาทำความสะอาดและเคลือบผิว
udo-2591,2591,น้ำยาทำความสะอาดแนวเชื่อมสแตนเลสและนิกเกิลอัลลอย WhaleSpray WS 3610G,WHALESPRAY,chemicals,READY_GREEN,READY_FULL_SPECS,พร้อมขึ้นขายทันที สเปกวิศวกรรมครบถ้วน 100%,1,1200.0,1200.0,5,0,4,2,วัสดุอุปกรณ์เคมีภัณฑ์สำหรับงานเชื่อม > น้ำยาทำความสะอาดและเคลือบผิว
udo-2592,2592,น้ำยาป้องกันสะเก็ด WhaleSpray WS 1800G,WHALESPRAY,chemicals,READY_GREEN,READY_FULL_SPECS,พร้อมขึ้นขายทันที สเปกวิศวกรรมครบถ้วน 100%,2,1750.0,7500.0,5,0,2,2,วัสดุอุปกรณ์เคมีภัณฑ์สำหรับงานเชื่อม > น้ำยาป้องกันสะเก็ด (AntiSpatter)
udo-2593,2593,สเปรย์ป้องกันสะเก็ด WhaleSpray WS 1800S,WHALESPRAY,chemicals,READY_GREEN,READY_FULL_SPECS,พร้อมขึ้นขายทันที สเปกวิศวกรรมครบถ้วน 100%,1,240.0,240.0,5,0,4,2,วัสดุอุปกรณ์เคมีภัณฑ์สำหรับงานเชื่อม > น้ำยาป้องกันสะเก็ด (AntiSpatter)
udo-2594,2594,สเปรย์ป้องกันสะเก็ด WhaleSpray WS 1805S,WHALESPRAY,chemicals,READY_GREEN,READY_FULL_SPECS,พร้อมขึ้นขายทันที สเปกวิศวกรรมครบถ้วน 100%,1,420.0,420.0,5,0,4,1,วัสดุอุปกรณ์เคมีภัณฑ์สำหรับงานเชื่อม > น้ำยาป้องกันสะเก็ด (AntiSpatter)
udo-2595,2595,เจลป้องกันสะเก็ด WhaleSpray WS 1805,WHALESPRAY,chemicals,READY_GREEN,READY_FULL_SPECS,พร้อมขึ้นขายทันที สเปกวิศวกรรมครบถ้วน 100%,1,630.0,630.0,5,0,5,0,วัสดุอุปกรณ์เคมีภัณฑ์สำหรับงานเชื่อม > น้ำยาป้องกันสะเก็ด (AntiSpatter)
udo-2596,2596,เจลป้องกันสะเก็ด WhaleSpray WS 1800 Gel,WHALESPRAY,chemicals,READY_GREEN,READY_FULL_SPECS,พร้อมขึ้นขายทันที สเปกวิศวกรรมครบถ้วน 100%,1,490.0,490.0,5,0,3,0,วัสดุอุปกรณ์เคมีภัณฑ์สำหรับงานเชื่อม > น้ำยาป้องกันสะเก็ด (AntiSpatter)
udo-2597,2597,ชุดสเปรย์ตรวจเช็คแนวเชื่อม WhaleSpray,WHALESPRAY,chemicals,READY_GREEN,READY_FULL_SPECS,พร้อมขึ้นขายทันที สเปกวิศวกรรมครบถ้วน 100%,1,690.0,690.0,5,0,4,7,วัสดุอุปกรณ์เคมีภัณฑ์สำหรับงานเชื่อม > น้ำยาตรวจสอบแนวเชื่อม (N.D.T.)
udo-2598,2598,สเปรย์ตรวจเช็คแนวเชื่อม WhaleSpray WS 1820S,WHALESPRAY,chemicals,READY_GREEN,READY_FULL_SPECS,พร้อมขึ้นขายทันที สเปกวิศวกรรมครบถ้วน 100%,1,360.0,360.0,5,0,4,2,วัสดุอุปกรณ์เคมีภัณฑ์สำหรับงานเชื่อม > น้ำยาตรวจสอบแนวเชื่อม (N.D.T.)
udo-2599,2599,สเปรย์ตรวจเช็คแนวเชื่อม WhaleSpray WS 1821S,WHALESPRAY,chemicals,READY_GREEN,READY_FULL_SPECS,พร้อมขึ้นขายทันที สเปกวิศวกรรมครบถ้วน 100%,1,360.0,360.0,5,0,3,2,วัสดุอุปกรณ์เคมีภัณฑ์สำหรับงานเชื่อม > น้ำยาตรวจสอบแนวเชื่อม (N.D.T.)
udo-2600,2600,สเปรย์ตรวจเช็คแนวเชื่อม WhaleSpray WS 3050S,WHALESPRAY,chemicals,READY_GREEN,READY_FULL_SPECS,พร้อมขึ้นขายทันที สเปกวิศวกรรมครบถ้วน 100%,1,360.0,360.0,5,0,3,2,วัสดุอุปกรณ์เคมีภัณฑ์สำหรับงานเชื่อม > น้ำยาตรวจสอบแนวเชื่อม (N.D.T.)
udo-2601,2601,สเปรย์รักษาสภาพและบำรุงรักษาสแตนเลส NABAKEM SUS CARE T-3,NABAKEM,chemicals,READY_GREEN,READY_FULL_SPECS,พร้อมขึ้นขายทันที สเปกวิศวกรรมครบถ้วน 100%,1,380.0,380.0,5,0,3,0,วัสดุอุปกรณ์เคมีภัณฑ์สำหรับงานเชื่อม > น้ำยาทำความสะอาดและเคลือบผิว
udo-2602,2602,ผงประสานทองเหลือง CHAMP No.77 ชนิดผง,CHAMP,chemicals,READY_GREEN,READY_FULL_SPECS,พร้อมขึ้นขายทันที สเปกวิศวกรรมครบถ้วน 100%,2,130.0,1920.0,5,0,1,0,วัสดุอุปกรณ์เคมีภัณฑ์สำหรับงานเชื่อม > น้ำยาประสาน (Flux)
udo-2603,2603,น้ำยาประสานอลูมิเนียม HARRIS AL-BRAZE E.C. ชนิดผง,HARRIS,chemicals,READY_GREEN,READY_FULL_SPECS,พร้อมขึ้นขายทันที สเปกวิศวกรรมครบถ้วน 100%,2,960.0,10800.0,5,0,3,1,วัสดุอุปกรณ์เคมีภัณฑ์สำหรับงานเชื่อม > น้ำยาประสาน (Flux)
udo-2604,2604,น้ำยาประสานเงิน HARRIS STAY-SILV ชนิดครีม,HARRIS,chemicals,READY_GREEN,READY_FULL_SPECS,พร้อมขึ้นขายทันที สเปกวิศวกรรมครบถ้วน 100%,2,340.0,6840.0,5,0,3,1,วัสดุอุปกรณ์เคมีภัณฑ์สำหรับงานเชื่อม > น้ำยาประสาน (Flux)
udo-2605,2605,น้ำยาตรวจเช็คแนวเชื่อม TASETO PT CHECK REMOVER,TASETO,chemicals,READY_GREEN,READY_FULL_SPECS,พร้อมขึ้นขายทันที สเปกวิศวกรรมครบถ้วน 100%,1,270.0,270.0,5,0,3,4,วัสดุอุปกรณ์เคมีภัณฑ์สำหรับงานเชื่อม > น้ำยาตรวจสอบแนวเชื่อม (N.D.T.)
udo-2606,2606,น้ำยาตรวจเช็คแนวเชื่อม TASETO PT CHECK PENETRANT,TASETO,chemicals,READY_GREEN,READY_FULL_SPECS,พร้อมขึ้นขายทันที สเปกวิศวกรรมครบถ้วน 100%,1,270.0,270.0,5,0,3,4,วัสดุอุปกรณ์เคมีภัณฑ์สำหรับงานเชื่อม > น้ำยาตรวจสอบแนวเชื่อม (N.D.T.)
udo-2607,2607,น้ำยาตรวจเช็คแนวเชื่อม TASETO PT CHECK DEVELOPER,TASETO,chemicals,READY_GREEN,READY_FULL_SPECS,พร้อมขึ้นขายทันที สเปกวิศวกรรมครบถ้วน 100%,1,270.0,270.0,5,0,3,4,วัสดุอุปกรณ์เคมีภัณฑ์สำหรับงานเชื่อม > น้ำยาตรวจสอบแนวเชื่อม (N.D.T.)
udo-2608,2608,ชุดน้ำยาตรวจสอบแนวเชื่อม TASETO COLOR CHECK,TASETO,chemicals,READY_GREEN,READY_FULL_SPECS,พร้อมขึ้นขายทันที สเปกวิศวกรรมครบถ้วน 100%,1,760.0,760.0,5,0,1,4,วัสดุอุปกรณ์เคมีภัณฑ์สำหรับงานเชื่อม > น้ำยาตรวจสอบแนวเชื่อม (N.D.T.)
udo-2609,2609,เจลทำความสะอาดหัวเชื่อม NABAKEM NOZZLE CREAM NZ-400,NABAKEM,chemicals,READY_GREEN,READY_FULL_SPECS,พร้อมขึ้นขายทันที สเปกวิศวกรรมครบถ้วน 100%,2,145.0,165.0,5,0,1,1,วัสดุอุปกรณ์เคมีภัณฑ์สำหรับงานเชื่อม > น้ำยาป้องกันสะเก็ด (AntiSpatter)
udo-2610,2610,น้ำยาตรวจเช็คแนวเชื่อม (แทรกซึม) NABAKEM MEGA CHECK PENETRANT,NABAKEM,chemicals,READY_GREEN,READY_FULL_SPECS,พร้อมขึ้นขายทันที สเปกวิศวกรรมครบถ้วน 100%,1,210.0,210.0,5,0,3,4,วัสดุอุปกรณ์เคมีภัณฑ์สำหรับงานเชื่อม > น้ำยาตรวจสอบแนวเชื่อม (N.D.T.)
udo-2611,2611,น้ำยาตรวจเช็คแนวเชื่อม (เร่งปฏิกริยา) NABAKEM MEGA CHECK DEVELOPER,NABAKEM,chemicals,READY_GREEN,READY_FULL_SPECS,พร้อมขึ้นขายทันที สเปกวิศวกรรมครบถ้วน 100%,1,210.0,210.0,5,0,3,4,วัสดุอุปกรณ์เคมีภัณฑ์สำหรับงานเชื่อม > น้ำยาตรวจสอบแนวเชื่อม (N.D.T.)
udo-2612,2612,น้ำยาตรวจเช็คแนวเชื่อม (ทำความสะอาด) NABAKEM MEGA CHECK CLEANER,NABAKEM,chemicals,READY_GREEN,READY_FULL_SPECS,พร้อมขึ้นขายทันที สเปกวิศวกรรมครบถ้วน 100%,1,210.0,210.0,5,0,3,4,วัสดุอุปกรณ์เคมีภัณฑ์สำหรับงานเชื่อม > น้ำยาตรวจสอบแนวเชื่อม (N.D.T.)
udo-2613,2613,ชุดน้ำยาตรวจสอบแนวเชื่อม NABAKEM MEGA CHECK,NABAKEM,chemicals,READY_GREEN,READY_FULL_SPECS,พร้อมขึ้นขายทันที สเปกวิศวกรรมครบถ้วน 100%,1,550.0,550.0,5,0,1,4,วัสดุอุปกรณ์เคมีภัณฑ์สำหรับงานเชื่อม > น้ำยาตรวจสอบแนวเชื่อม (N.D.T.)
udo-2614,2614,น้ำยาทำความสะอาดรอยเชื่อมสเตนเลส NABAKEM SR-600,NABAKEM,chemicals,READY_GREEN,READY_FULL_SPECS,พร้อมขึ้นขายทันที สเปกวิศวกรรมครบถ้วน 100%,3,300.0,5000.0,5,0,1,2,วัสดุอุปกรณ์เคมีภัณฑ์สำหรับงานเชื่อม > น้ำยาทำความสะอาดและเคลือบผิว
udo-2615,2615,น้ำยาป้องกันสะเก็ดเชื่อม NABAKEM SPAZERO SP-100C,NABAKEM,chemicals,READY_GREEN,READY_FULL_SPECS,พร้อมขึ้นขายทันที สเปกวิศวกรรมครบถ้วน 100%,2,1000.0,3200.0,5,0,1,1,วัสดุอุปกรณ์เคมีภัณฑ์สำหรับงานเชื่อม > น้ำยาป้องกันสะเก็ด (AntiSpatter)
udo-2616,2616,สเปรย์ป้องกันสนิมและสะเก็ด NABAKEM W-540,NABAKEM,chemicals,READY_GREEN,READY_FULL_SPECS,พร้อมขึ้นขายทันที สเปกวิศวกรรมครบถ้วน 100%,1,290.0,290.0,5,0,3,2,วัสดุอุปกรณ์เคมีภัณฑ์สำหรับงานเชื่อม > น้ำยาป้องกันสะเก็ด (AntiSpatter)
udo-2619,2619,น้ำยาป้องกันสะเก็ด WhaleSpray WS 1801G,WHALESPRAY,chemicals,READY_GREEN,READY_FULL_SPECS,พร้อมขึ้นขายทันที สเปกวิศวกรรมครบถ้วน 100%,2,920.0,4250.0,5,0,2,0,วัสดุอุปกรณ์เคมีภัณฑ์สำหรับงานเชื่อม > น้ำยาป้องกันสะเก็ด (AntiSpatter)
udo-2620,2620,สเปรย์ป้องกันสะเก็ด WhaleSpray WS 1801S,WHALESPRAY,chemicals,READY_GREEN,READY_FULL_SPECS,พร้อมขึ้นขายทันที สเปกวิศวกรรมครบถ้วน 100%,1,180.0,180.0,5,0,4,2,วัสดุอุปกรณ์เคมีภัณฑ์สำหรับงานเชื่อม > น้ำยาป้องกันสะเก็ด (AntiSpatter)
udo-2621,2621,ชุดตัดสนามขนาด 1.5 คิว,CHAMP,gas_equipment,READY_GREEN,READY_FULL_SPECS,พร้อมขึ้นขายทันที สเปกวิศวกรรมครบถ้วน 100%,1,5200.0,5200.0,5,0,2,1,อุปกรณ์เชื่อมตัดเผาแก๊ส > ชุดเชื่อม-ตัดสนาม
udo-2622,2622,ชุดตัดแก๊ส CHAMP 62-3FL-70 (LPG) หัวงอ 70 องศา ด้ามยาว 1000 มม.,CHAMP,gas_equipment,READY_GREEN,READY_FULL_SPECS,พร้อมขึ้นขายทันที สเปกวิศวกรรมครบถ้วน 100%,1,4200.0,4200.0,5,0,3,1,อุปกรณ์เชื่อมตัดเผาแก๊ส > ตัดแก๊ส
udo-2623,2623,ชุดตัดแก๊ส CHAMP 62-3FL-180 (LPG) หัวตรง 180 องศา ด้ามยาว 1000 มม.,CHAMP,gas_equipment,READY_GREEN,READY_FULL_SPECS,พร้อมขึ้นขายทันที สเปกวิศวกรรมครบถ้วน 100%,1,4200.0,4200.0,5,0,3,1,อุปกรณ์เชื่อมตัดเผาแก๊ส > ตัดแก๊ส
udo-2624,2624,ลวดเชื่อมอลูมิเนียม SELECTARC ZINAL 4 TBW ไส้ฟลักซ์,SELECTARC,welding_wire,READY_GREEN,READY_FULL_SPECS,พร้อมขึ้นขายทันที สเปกวิศวกรรมครบถ้วน 100%,9,80.0,5400.0,2,0,5,1,กลุ่มลวดเชื่อม > เชื่อมอลูมิเนียม > เชื่อมแก๊ส (Brazing)
udo-2625,2625,ลวดเชื่อมเงิน 25% SELECTARC BRAZARGENT 5025,SELECTARC,welding_wire,READY_GREEN,READY_FULL_SPECS,พร้อมขึ้นขายทันที สเปกวิศวกรรมครบถ้วน 100%,2,620.0,37000.0,2,0,3,1,กลุ่มลวดเชื่อม > เชื่อมทองเหลืองทองแดงและเงิน > เชื่อมแก๊ส (Brazing)
udo-2626,2626,ลวดเชื่อมไฟฟ้าพอกแข็ง HYUNDAI S-700B.B,HYUNDAI,welding_wire,READY_GREEN,READY_FULL_SPECS,พร้อมขึ้นขายทันที สเปกวิศวกรรมครบถ้วน 100%,2,1250.0,1250.0,2,0,3,1,กลุ่มลวดเชื่อม > เชื่อมพอกผิวแข็ง > เชื่อมไฟฟ้า (MMA)
udo-2627,2627,ชุดตัดแก๊ส HARRIS 62-5 (AC),HARRIS,gas_equipment,READY_GREEN,READY_FULL_SPECS,พร้อมขึ้นขายทันที สเปกวิศวกรรมครบถ้วน 100%,1,5400.0,5400.0,5,0,2,1,อุปกรณ์เชื่อมตัดเผาแก๊ส > ตัดแก๊ส
udo-2628,2628,ชุดตัดแก๊ส HARRIS รุ่น 62-5F พร้อมวาล์วกันไฟย้อน,HARRIS,gas_equipment,READY_GREEN,READY_FULL_SPECS,พร้อมขึ้นขายทันที สเปกวิศวกรรมครบถ้วน 100%,1,7220.0,7220.0,5,0,4,1,อุปกรณ์เชื่อมตัดเผาแก๊ส > ตัดแก๊ส
udo-2629,2629,เกจ์ปรับแรงดันก๊าซอาร์กอน HARRIS รุ่น 801DB-10-AR,HARRIS,gas_equipment,READY_GREEN,READY_FULL_SPECS,พร้อมขึ้นขายทันที สเปกวิศวกรรมครบถ้วน 100%,1,3090.0,3090.0,5,0,4,1,อุปกรณ์เชื่อมตัดเผาแก๊ส > เกจ์ปรับแรงดันแก๊ส > อาร์กอน (AR)
udo-2630,2630,เกจ์ปรับแรงดันก๊าซคาร์บอนไดอ๊อกไซด์ HARRIS รุ่น 801DB-10-CO2,HARRIS,gas_equipment,READY_GREEN,READY_FULL_SPECS,พร้อมขึ้นขายทันที สเปกวิศวกรรมครบถ้วน 100%,1,3090.0,3090.0,5,0,4,1,อุปกรณ์เชื่อมตัดเผาแก๊ส > เกจ์ปรับแรงดันแก๊ส > คาร์บอนไดร์อ๊อกไซด์ (CO2)
udo-2631,2631,เกจ์ปรับแรงดันก๊าซอาซิทีลีน HARRIS รุ่น 25GX-1.5-AC,HARRIS,gas_equipment,READY_GREEN,READY_FULL_SPECS,พร้อมขึ้นขายทันที สเปกวิศวกรรมครบถ้วน 100%,1,3340.0,3340.0,5,0,4,1,อุปกรณ์เชื่อมตัดเผาแก๊ส > เกจ์ปรับแรงดันแก๊ส > อาซิทีลีน (AC)
udo-2632,2632,เกจ์ปรับแรงดันก๊าซโพเพน HARRIS รุ่น 25GX-4-LP,HARRIS,gas_equipment,READY_GREEN,READY_FULL_SPECS,พร้อมขึ้นขายทันที สเปกวิศวกรรมครบถ้วน 100%,1,3340.0,3340.0,5,0,4,1,อุปกรณ์เชื่อมตัดเผาแก๊ส > เกจ์ปรับแรงดันแก๊ส > โพเพน (LPG)
udo-2633,2633,เกจ์ปรับแรงดันก๊าซอ๊อกซิเย่น HARRIS รุ่น 25GX-10-OX,HARRIS,gas_equipment,READY_GREEN,READY_FULL_SPECS,พร้อมขึ้นขายทันที สเปกวิศวกรรมครบถ้วน 100%,1,3340.0,3340.0,5,0,4,1,อุปกรณ์เชื่อมตัดเผาแก๊ส > เกจ์ปรับแรงดันแก๊ส > อ๊อกซิเย่น (O2)
udo-2634,2634,เกจ์ปรับแรงดันก๊าซอาร์กอน WELDSTAR รุ่น WSA-58,WELDSTAR,gas_equipment,READY_GREEN,READY_FULL_SPECS,พร้อมขึ้นขายทันที สเปกวิศวกรรมครบถ้วน 100%,1,600.0,600.0,5,0,1,1,อุปกรณ์เชื่อมตัดเผาแก๊ส > เกจ์ปรับแรงดันแก๊ส > อาร์กอน (AR)
udo-2635,2635,เกจ์ปรับแรงดัน PIPELINE ก๊าซอ๊อกซิเย่น HARRIS รุ่น 847-10-OX,HARRIS,gas_equipment,READY_GREEN,READY_FULL_SPECS,พร้อมขึ้นขายทันที สเปกวิศวกรรมครบถ้วน 100%,1,3860.0,3860.0,5,0,4,1,อุปกรณ์เชื่อมตัดเผาแก๊ส > เกจ์ปรับแรงดันแก๊ส > อ๊อกซิเย่น (O2)
udo-2636,2636,เกจ์ปรับแรงดัน PIPELINE ก๊าซโพเพน HARRIS รุ่น 847-4-LP,HARRIS,gas_equipment,READY_GREEN,READY_FULL_SPECS,พร้อมขึ้นขายทันที สเปกวิศวกรรมครบถ้วน 100%,1,3860.0,3860.0,5,0,4,1,อุปกรณ์เชื่อมตัดเผาแก๊ส > เกจ์ปรับแรงดันแก๊ส > โพเพน (LPG)
udo-2637,2637,ลวดเชื่อมมิกสแตนเลส DIY POWERWELD MC308LSiM (ม้วนละ 1 กก.),POWERWELD,welding_wire,READY_GREEN,READY_FULL_SPECS,พร้อมขึ้นขายทันที สเปกวิศวกรรมครบถ้วน 100%,1,390.0,390.0,2,0,1,1,กลุ่มลวดเชื่อม > เชื่อมสแตนเลส > เชื่อมซีโอทู (MIG)
udo-2638,2638,ลวดเชื่อมมิกสแตนเลส POWERWELD MC309LSiM (ม้วนละ 12.5 กก.),POWERWELD,welding_wire,READY_GREEN,READY_FULL_SPECS,พร้อมขึ้นขายทันที สเปกวิศวกรรมครบถ้วน 100%,2,4900.0,5100.0,2,0,3,1,กลุ่มลวดเชื่อม > เชื่อมสแตนเลส > เชื่อมซีโอทู (MIG)
udo-2639,2639,ลวดเชื่อมอาร์กอนเหล็ก HYUNDAI ST-91B9 (ER90S-B9),HYUNDAI,welding_wire,READY_GREEN,READY_FULL_SPECS,พร้อมขึ้นขายทันที สเปกวิศวกรรมครบถ้วน 100%,1,4400.0,4400.0,2,0,3,1,กลุ่มลวดเชื่อม > เชื่อมเหล็ก > เชื่อมอาร์กอน (TIG)
udo-2640,2640,ลวดเชื่อมฟลักซ์คอร์ไวร์สแตนเลส HYUNDAI SW-307NS Cored,HYUNDAI,welding_wire,READY_GREEN,READY_FULL_SPECS,พร้อมขึ้นขายทันที สเปกวิศวกรรมครบถ้วน 100%,1,8100.0,8100.0,2,0,1,1,กลุ่มลวดเชื่อม > เชื่อมสแตนเลส > เชื่อมฟลักซ์คอลล์ (FCW)
udo-2641,2641,ก้านเชื่อม CHAMP รุ่น 23-A-90 (AC) สำหรับมิกเซอร์ E-43,CHAMP,gas_equipment,READY_GREEN,READY_FULL_SPECS,พร้อมขึ้นขายทันที สเปกวิศวกรรมครบถ้วน 100%,8,130.0,165.0,5,0,11,2,อุปกรณ์เชื่อมตัดเผาแก๊ส > เชื่อมแก๊ส
udo-2642,2642,หัวเชื่อมแก๊ส CHAMP รุ่น 43-2 (AC),CHAMP,gas_equipment,READY_GREEN,READY_FULL_SPECS,พร้อมขึ้นขายทันที สเปกวิศวกรรมครบถ้วน 100%,1,3180.0,3180.0,5,0,8,2,อุปกรณ์เชื่อมตัดเผาแก๊ส > เชื่อมแก๊ส
udo-2643,2643,ชุดด้ามตัดแก๊ส CHAMP รุ่น 49-3F (LPG),CHAMP,gas_equipment,READY_GREEN,READY_FULL_SPECS,พร้อมขึ้นขายทันที สเปกวิศวกรรมครบถ้วน 100%,1,3430.0,3430.0,5,0,3,2,อุปกรณ์เชื่อมตัดเผาแก๊ส > ตัดแก๊ส
udo-2644,2644,ด้ามจับเชื่อม-ตัด-เผา CHAMP รุ่น 43-2 (AC/LPG),CHAMP,gas_equipment,READY_GREEN,READY_FULL_SPECS,พร้อมขึ้นขายทันที สเปกวิศวกรรมครบถ้วน 100%,1,2070.0,2070.0,5,0,2,1,อุปกรณ์เชื่อมตัดเผาแก๊ส > เชื่อม-ตัด-เผา
udo-2645,2645,มิกเซอร์หัวเผา CHAMP รุ่น F-43,CHAMP,gas_equipment,READY_GREEN,READY_FULL_SPECS,พร้อมขึ้นขายทันที สเปกวิศวกรรมครบถ้วน 100%,1,650.0,650.0,5,0,2,2,อุปกรณ์เชื่อมตัดเผาแก๊ส > เผาแก๊ส
udo-2646,2646,มิกเซอร์หัวเชื่อม CHAMP รุ่น E-43,CHAMP,gas_equipment,READY_GREEN,READY_FULL_SPECS,พร้อมขึ้นขายทันที สเปกวิศวกรรมครบถ้วน 100%,1,380.0,380.0,5,0,3,1,อุปกรณ์เชื่อมตัดเผาแก๊ส > เชื่อมแก๊ส
udo-2647,2647,ก้านต่อนมหนูหัวเผา CHAMP รุ่น 2393 ก้านสแตนเลส,CHAMP,gas_equipment,READY_GREEN,READY_FULL_SPECS,พร้อมขึ้นขายทันที สเปกวิศวกรรมครบถ้วน 100%,4,510.0,1500.0,5,0,2,2,อุปกรณ์เชื่อมตัดเผาแก๊ส > เผาแก๊ส
udo-2648,2648,เกจ์ปรับแรงดันไฮเพรสเชอร์ก๊าซอ๊อกซิเย่น CHAMP 203-50M-OX,CHAMP,gas_equipment,READY_GREEN,READY_FULL_SPECS,พร้อมขึ้นขายทันที สเปกวิศวกรรมครบถ้วน 100%,1,2700.0,2700.0,5,0,3,1,อุปกรณ์เชื่อมตัดเผาแก๊ส > เกจ์ปรับแรงดันแก๊ส > อ๊อกซิเย่น (O2)
udo-2649,2649,เกจ์ปรับแรงดันไฮเพรสเชอร์ก๊าซไนโตรเจน CHAMP 987-100M-N2,CHAMP,gas_equipment,READY_GREEN,READY_FULL_SPECS,พร้อมขึ้นขายทันที สเปกวิศวกรรมครบถ้วน 100%,1,4200.0,4200.0,5,0,5,1,อุปกรณ์เชื่อมตัดเผาแก๊ส > เกจ์ปรับแรงดันแก๊ส > ไนโตรเจน (N2)
udo-2650,2650,สายอัดก๊าซทนแรงดันสูง CGA540,CHAMP,gas_cylinders,READY_GREEN,READY_FULL_SPECS,พร้อมขึ้นขายทันที สเปกวิศวกรรมครบถ้วน 100%,2,990.0,1090.0,5,0,3,0,ท่อบรรจุก๊าซ และวาล์ว > วัสดุและอุปกรณ์เสริมอื่นๆ
udo-2651,2651,สายอัดก๊าซทนแรงดันสูง CGA580,CHAMP,gas_cylinders,READY_GREEN,READY_FULL_SPECS,พร้อมขึ้นขายทันที สเปกวิศวกรรมครบถ้วน 100%,1,1090.0,1090.0,5,0,3,0,ท่อบรรจุก๊าซ และวาล์ว > วัสดุและอุปกรณ์เสริมอื่นๆ
udo-2652,2652,วาล์วกันไฟย้อนกลับ HARRIS รุ่น 188R สำหรับเกจ์อ๊อกซิเย่น,HARRIS,gas_equipment,READY_GREEN,READY_FULL_SPECS,พร้อมขึ้นขายทันที สเปกวิศวกรรมครบถ้วน 100%,1,1160.0,1160.0,5,0,2,2,อุปกรณ์เชื่อมตัดเผาแก๊ส > วาล์วกันย้อน (Flashback Arrestor)
udo-2653,2653,วาล์วกันไฟย้อนกลับ HARRIS รุ่น 188L สำหรับเกจ์แก๊ส,HARRIS,gas_equipment,READY_GREEN,READY_FULL_SPECS,พร้อมขึ้นขายทันที สเปกวิศวกรรมครบถ้วน 100%,1,1160.0,1160.0,5,0,2,2,อุปกรณ์เชื่อมตัดเผาแก๊ส > วาล์วกันย้อน (Flashback Arrestor)
udo-2654,2654,ลวดเชื่อมอาร์กอนเหล็ก HYUNDAI ST-1N (ER80S-Ni1),HYUNDAI,welding_wire,READY_GREEN,READY_FULL_SPECS,พร้อมขึ้นขายทันที สเปกวิศวกรรมครบถ้วน 100%,1,1890.0,1890.0,2,0,2,1,กลุ่มลวดเชื่อม > เชื่อมเหล็ก > เชื่อมอาร์กอน (TIG)
udo-2655,2655,ลวดเชื่อมอาร์กอนเหล็ก HYUNDAI ST-72 (ER70S-2),HYUNDAI,welding_wire,READY_GREEN,READY_FULL_SPECS,พร้อมขึ้นขายทันที สเปกวิศวกรรมครบถ้วน 100%,1,980.0,980.0,2,0,3,1,กลุ่มลวดเชื่อม > เชื่อมเหล็ก > เชื่อมอาร์กอน (TIG)
udo-2656,2656,ถุงมือหนังเชื่อมอาร์กอน UDO รุ่น GT-001,UDO,consumables,READY_GREEN,READY_FULL_SPECS,พร้อมขึ้นขายทันที สเปกวิศวกรรมครบถ้วน 100%,2,165.0,1800.0,4,0,4,0,อะไหล่สิ้นเปลือง เครื่องตัดพลาสม่า เครื่องเชื่อม > อุปกรณ์เซฟตี้
udo-2657,2657,ถุงมือหนังเชื่อมอาร์กอน UDO รุ่น GT-002,UDO,consumables,READY_GREEN,READY_FULL_SPECS,พร้อมขึ้นขายทันที สเปกวิศวกรรมครบถ้วน 100%,2,230.0,2480.0,4,0,4,1,อะไหล่สิ้นเปลือง เครื่องตัดพลาสม่า เครื่องเชื่อม > อุปกรณ์เซฟตี้
udo-2658,2658,ถุงมือหนังเชื่อมอาร์กอน UDO รุ่น GT-003,UDO,consumables,READY_GREEN,READY_FULL_SPECS,พร้อมขึ้นขายทันที สเปกวิศวกรรมครบถ้วน 100%,2,240.0,2550.0,4,0,4,0,อะไหล่สิ้นเปลือง เครื่องตัดพลาสม่า เครื่องเชื่อม > อุปกรณ์เซฟตี้
udo-2659,2659,ถุงมือหนังเชื่อมอาร์กอน UDO รุ่น GT-004,UDO,consumables,READY_GREEN,READY_FULL_SPECS,พร้อมขึ้นขายทันที สเปกวิศวกรรมครบถ้วน 100%,2,270.0,2950.0,4,0,4,0,อะไหล่สิ้นเปลือง เครื่องตัดพลาสม่า เครื่องเชื่อม > อุปกรณ์เซฟตี้
udo-2660,2660,ถุงมือเชื่อม UDO รุ่น GM-001,UDO,consumables,READY_GREEN,READY_FULL_SPECS,พร้อมขึ้นขายทันที สเปกวิศวกรรมครบถ้วน 100%,2,120.0,1300.0,4,0,4,0,อะไหล่สิ้นเปลือง เครื่องตัดพลาสม่า เครื่องเชื่อม > อุปกรณ์เซฟตี้
udo-2661,2661,ถุงมือเชื่อม UDO รุ่น GM-002,UDO,consumables,READY_GREEN,READY_FULL_SPECS,พร้อมขึ้นขายทันที สเปกวิศวกรรมครบถ้วน 100%,2,160.0,1730.0,4,0,4,0,อะไหล่สิ้นเปลือง เครื่องตัดพลาสม่า เครื่องเชื่อม > อุปกรณ์เซฟตี้
udo-2662,2662,ถุงมือเชื่อม UDO รุ่น GM-003,UDO,consumables,READY_GREEN,READY_FULL_SPECS,พร้อมขึ้นขายทันที สเปกวิศวกรรมครบถ้วน 100%,2,210.0,2100.0,4,0,4,0,อะไหล่สิ้นเปลือง เครื่องตัดพลาสม่า เครื่องเชื่อม > อุปกรณ์เซฟตี้
udo-2663,2663,ถุงมือเชื่อม UDO รุ่น GM-004,UDO,consumables,READY_GREEN,READY_FULL_SPECS,พร้อมขึ้นขายทันที สเปกวิศวกรรมครบถ้วน 100%,2,380.0,4100.0,4,0,4,0,อะไหล่สิ้นเปลือง เครื่องตัดพลาสม่า เครื่องเชื่อม > อุปกรณ์เซฟตี้
udo-2664,2664,ลวดเชื่อมไฟฟ้าพอกแข็ง POWERWELD HARDFACING 700R,POWERWELD,welding_wire,READY_GREEN,READY_FULL_SPECS,พร้อมขึ้นขายทันที สเปกวิศวกรรมครบถ้วน 100%,4,900.0,3400.0,2,0,1,1,กลุ่มลวดเชื่อม > เชื่อมพอกผิวแข็ง > เชื่อมไฟฟ้า (MMA)
udo-2665,2665,ลวดเชื่อมไฟฟ้าพอกแข็ง POWERWELD ARC 33,POWERWELD,welding_wire,READY_GREEN,READY_FULL_SPECS,พร้อมขึ้นขายทันที สเปกวิศวกรรมครบถ้วน 100%,4,2150.0,7800.0,2,0,3,1,กลุ่มลวดเชื่อม > เชื่อมพอกผิวแข็ง > เชื่อมไฟฟ้า (MMA)
udo-2666,2666,ลวดเชื่อมไฟฟ้า TUBULAR พอกแข็ง TUBUROD 33,POWERWELD,welding_wire,READY_GREEN,READY_FULL_SPECS,พร้อมขึ้นขายทันที สเปกวิศวกรรมครบถ้วน 100%,4,3200.0,12500.0,2,0,2,1,กลุ่มลวดเชื่อม > เชื่อมพอกผิวแข็ง > เชื่อมไฟฟ้า (MMA)
udo-2667,2667,ลวดเชื่อมเงินหุ้มฟลักซ์ 56% SELECTARC BRAZARGENT 5056 COATED,SELECTARC,welding_wire,READY_GREEN,READY_FULL_SPECS,พร้อมขึ้นขายทันที สเปกวิศวกรรมครบถ้วน 100%,2,2000.0,52000.0,2,0,3,1,กลุ่มลวดเชื่อม > เชื่อมทองเหลืองทองแดงและเงิน > เชื่อมแก๊ส (Brazing)
udo-2668,2668,ลวดเชื่อมอาร์กอนทองแดง POWERWELD MC-CuR (ERCu),POWERWELD,welding_wire,READY_GREEN,READY_FULL_SPECS,พร้อมขึ้นขายทันที สเปกวิศวกรรมครบถ้วน 100%,2,2000.0,2100.0,2,0,4,1,กลุ่มลวดเชื่อม > เชื่อมทองเหลืองทองแดงและเงิน > เชื่อมอาร์กอน (TIG)
udo-2669,2669,ลวดเชื่อมไฟฟ้า GOLD 330 (สาระพัดประโยชน์),GOLD PREMIUM,welding_wire,READY_GREEN,READY_FULL_SPECS,พร้อมขึ้นขายทันที สเปกวิศวกรรมครบถ้วน 100%,1,1950.0,1950.0,2,0,1,1,กลุ่มลวดเชื่อม > เชื่อมวัสดุเกรดพิเศษ > เชื่อมไฟฟ้า (MMA)
udo-2670,2670,ลวดเชื่อมไฟฟ้าเหล็กหล่อ GOLD 420,GOLD PREMIUM,welding_wire,READY_GREEN,READY_FULL_SPECS,พร้อมขึ้นขายทันที สเปกวิศวกรรมครบถ้วน 100%,1,3450.0,3450.0,2,0,1,1,กลุ่มลวดเชื่อม > เชื่อมเหล็กหล่อ > เชื่อมไฟฟ้า (MMA)
udo-2671,2671,ชุดหัวเผา CHAMP HE-505 คอมแพ็ค (LPG),CHAMP,gas_equipment,READY_GREEN,READY_FULL_SPECS,พร้อมขึ้นขายทันที สเปกวิศวกรรมครบถ้วน 100%,1,3470.0,3470.0,5,0,5,2,อุปกรณ์เชื่อมตัดเผาแก๊ส > เผาแก๊ส
udo-2672,2672,ด้ามหัวตัดแก๊ส CHAMP รุ่น 49-3F สำหรับแก๊ส LPG,CHAMP,gas_equipment,READY_GREEN,READY_FULL_SPECS,พร้อมขึ้นขายทันที สเปกวิศวกรรมครบถ้วน 100%,1,1990.0,1990.0,5,0,4,2,อุปกรณ์เชื่อมตัดเผาแก๊ส > ตัดแก๊ส
udo-2673,2673,ชุดหัวตัดพลาสม่า P-80 พร้อมสายยาว 7.5 เมตร !!! PROMOTION ราคาพิเศษ !!!,TRAFIMET,consumables,READY_GREEN,READY_FULL_SPECS,พร้อมขึ้นขายทันที สเปกวิศวกรรมครบถ้วน 100%,1,2290.0,2290.0,4,0,3,0,อะไหล่สิ้นเปลือง เครื่องตัดพลาสม่า เครื่องเชื่อม > อะไหล่หัวตัดพลาสม่า (PLASMA) > ปืนตัดพลาสม่าพร้อมสาย (Plasma Torch)
udo-2674,2674,ลวดเชื่อมไฟฟ้าพอกแข็ง POWERWELD HARDFACING TC,POWERWELD,welding_wire,READY_GREEN,READY_FULL_SPECS,พร้อมขึ้นขายทันที สเปกวิศวกรรมครบถ้วน 100%,2,690.0,700.0,2,0,2,1,กลุ่มลวดเชื่อม > เชื่อมพอกผิวแข็ง > เชื่อมไฟฟ้า (MMA)
udo-2675,2675,นมหนูหัวตัดแก๊ส HARRIS 6290 (AC),HARRIS,gas_equipment,READY_GREEN,READY_FULL_SPECS,พร้อมขึ้นขายทันที สเปกวิศวกรรมครบถ้วน 100%,8,240.0,260.0,5,0,2,1,อุปกรณ์เชื่อมตัดเผาแก๊ส > ตัดแก๊ส
udo-2676,2676,ก้านต่อหัวเชื่อม WELDING TUBE CHAMP WT-43,CHAMP,gas_equipment,READY_GREEN,READY_FULL_SPECS,พร้อมขึ้นขายทันที สเปกวิศวกรรมครบถ้วน 100%,1,250.0,250.0,5,0,3,1,อุปกรณ์เชื่อมตัดเผาแก๊ส > เชื่อมแก๊ส
udo-2677,2677,ชุดเชื่อม CHAMP รุ่น 43-2 (LPG),CHAMP,gas_equipment,READY_GREEN,READY_FULL_SPECS,พร้อมขึ้นขายทันที สเปกวิศวกรรมครบถ้วน 100%,1,3180.0,3180.0,5,0,4,1,อุปกรณ์เชื่อมตัดเผาแก๊ส > เชื่อมแก๊ส
udo-2678,2678,ก้านหัวเผา CHAMP รุ่น J-63 (AC),CHAMP,gas_equipment,READY_GREEN,READY_FULL_SPECS,พร้อมขึ้นขายทันที สเปกวิศวกรรมครบถ้วน 100%,1,450.0,450.0,5,0,2,1,อุปกรณ์เชื่อมตัดเผาแก๊ส > เผาแก๊ส
udo-2679,2679,ชุดหัวเผา CHAMP รุ่น 43-J-63 (AC),CHAMP,gas_equipment,READY_GREEN,READY_FULL_SPECS,พร้อมขึ้นขายทันที สเปกวิศวกรรมครบถ้วน 100%,1,2630.0,2630.0,5,0,3,1,อุปกรณ์เชื่อมตัดเผาแก๊ส > เผาแก๊ส
udo-2680,2680,ลวดเชื่อมไฟฟ้าเหล็กทนความร้อนสูง HYUNDAI S-9018.B3 (E9018-B3),HYUNDAI,welding_wire,READY_GREEN,READY_FULL_SPECS,พร้อมขึ้นขายทันที สเปกวิศวกรรมครบถ้วน 100%,2,1450.0,1450.0,3,0,3,1,กลุ่มลวดเชื่อม > เชื่อมเหล็ก > เชื่อมไฟฟ้า (MMA)
udo-2681,2681,ลวดเชื่อมไฟฟ้าเหล็กทนความร้อนสูง HYUNDAI S-8018.B2 (E8018-B2),HYUNDAI,welding_wire,READY_GREEN,READY_FULL_SPECS,พร้อมขึ้นขายทันที สเปกวิศวกรรมครบถ้วน 100%,2,1350.0,1350.0,3,0,3,1,กลุ่มลวดเชื่อม > เชื่อมเหล็ก > เชื่อมไฟฟ้า (MMA)
udo-2682,2682,เกจ์ปรับแรงดันไฮเพรสเชอร์ก๊าซไนโตรเจน HARRIS รุ่น 925ARS-40-N2,HARRIS,gas_equipment,READY_GREEN,READY_FULL_SPECS,พร้อมขึ้นขายทันที สเปกวิศวกรรมครบถ้วน 100%,1,7900.0,7900.0,5,0,5,1,อุปกรณ์เชื่อมตัดเผาแก๊ส > เกจ์ปรับแรงดันแก๊ส > ไนโตรเจน (N2)
udo-2683,2683,"ลวดเชื่อมอาร์กอนสแตนเลส HYUNDAI ST-308H (ER308, ER308H)",HYUNDAI,welding_wire,WARNING_YELLOW,WARNING_NO_SPECS_TABLE,พร้อมขายปกติ แนะนำให้แอดมินเติมตารางสเปกเคมีใน Admin,2,2400.0,2600.0,3,0,3,0,กลุ่มลวดเชื่อม > เชื่อมสแตนเลส > เชื่อมอาร์กอน (TIG)
udo-2684,2684,ลวดเชื่อมฟลักซ์คอร์ไวร์สแตนเลส Powerweld Coremax 308LP,POWERWELD,welding_wire,READY_GREEN,READY_FULL_SPECS,พร้อมขึ้นขายทันที สเปกวิศวกรรมครบถ้วน 100%,1,3750.0,3750.0,2,0,1,1,กลุ่มลวดเชื่อม > เชื่อมสแตนเลส > เชื่อมฟลักซ์คอลล์ (FCW)
udo-2685,2685,ลวดเชื่อมฟลักซ์คอร์ไวร์สแตนเลส Powerweld Coremax 309LP,POWERWELD,welding_wire,READY_GREEN,READY_FULL_SPECS,พร้อมขึ้นขายทันที สเปกวิศวกรรมครบถ้วน 100%,1,4850.0,4850.0,2,0,1,1,กลุ่มลวดเชื่อม > เชื่อมสแตนเลส > เชื่อมฟลักซ์คอลล์ (FCW)
udo-2686,2686,ลวดเชื่อมเลเซอร์แม่พิมพ์ LASER NICHIA CM-3M,NICHIA,welding_wire,WARNING_YELLOW,WARNING_NO_SPECS_TABLE,พร้อมขายปกติ แนะนำให้แอดมินเติมตารางสเปกเคมีใน Admin,3,1760.0,3200.0,2,0,1,0,กลุ่มลวดเชื่อม > เชื่อมวัสดุเกรดพิเศษ > เชื่อมแม่พิมพ์
udo-2687,2687,ลวดเชื่อมเลเซอร์แม่พิมพ์ LASER WIRE NICHIA BKD-61M,NICHIA,welding_wire,WARNING_YELLOW,WARNING_NO_SPECS_TABLE,พร้อมขายปกติ แนะนำให้แอดมินเติมตารางสเปกเคมีใน Admin,4,1400.0,3070.0,2,0,1,0,กลุ่มลวดเชื่อม > เชื่อมวัสดุเกรดพิเศษ > เชื่อมแม่พิมพ์
udo-2688,2688,ลวดเชื่อมเลเซอร์แม่พิมพ์ LASER WIRE NICHIA BKD-11M,NICHIA,welding_wire,WARNING_YELLOW,WARNING_NO_SPECS_TABLE,พร้อมขายปกติ แนะนำให้แอดมินเติมตารางสเปกเคมีใน Admin,3,1850.0,3000.0,2,0,1,0,กลุ่มลวดเชื่อม > เชื่อมวัสดุเกรดพิเศษ > เชื่อมแม่พิมพ์
udo-2689,2689,ลวดเชื่อมเลเซอร์แม่พิมพ์ LASER WIRE NICHIA BKH-13M,NICHIA,welding_wire,WARNING_YELLOW,WARNING_NO_SPECS_TABLE,พร้อมขายปกติ แนะนำให้แอดมินเติมตารางสเปกเคมีใน Admin,3,1330.0,2910.0,2,0,1,0,กลุ่มลวดเชื่อม > เชื่อมวัสดุเกรดพิเศษ > เชื่อมแม่พิมพ์
udo-2690,2690,ลวดเชื่อม Cobalt อาร์กอนสเตลไลท์ Selectarc TIG CO6 Stellite6 (ERCoCr-A),SELECTARC,welding_wire,READY_GREEN,READY_FULL_SPECS,พร้อมขึ้นขายทันที สเปกวิศวกรรมครบถ้วน 100%,2,5900.0,6900.0,2,0,2,1,กลุ่มลวดเชื่อม > เชื่อมวัสดุเกรดพิเศษ > เชื่อมอาร์กอน (TIG)
udo-2691,2691,วาล์วกันไฟย้อนกลับ HARRIS รุ่น 188GGR สำหรับด้ามอ๊อกซิเย่น,HARRIS,gas_equipment,READY_GREEN,READY_FULL_SPECS,พร้อมขึ้นขายทันที สเปกวิศวกรรมครบถ้วน 100%,1,990.0,990.0,5,0,2,2,อุปกรณ์เชื่อมตัดเผาแก๊ส > วาล์วกันย้อน (Flashback Arrestor)
udo-2692,2692,วาล์วกันไฟย้อนกลับ HARRIS รุ่น 188GGL สำหรับด้ามแก๊ส,HARRIS,gas_equipment,READY_GREEN,READY_FULL_SPECS,พร้อมขึ้นขายทันที สเปกวิศวกรรมครบถ้วน 100%,1,990.0,990.0,5,0,2,2,อุปกรณ์เชื่อมตัดเผาแก๊ส > วาล์วกันย้อน (Flashback Arrestor)
udo-2693,2693,ชุดเชื่อม-ตัด-เผา ขนาด 6 คิว แก๊สอะเซทีลีน,CHAMP,gas_equipment,READY_GREEN,READY_FULL_SPECS,พร้อมขึ้นขายทันที สเปกวิศวกรรมครบถ้วน 100%,1,19500.0,19500.0,5,0,1,1,อุปกรณ์เชื่อมตัดเผาแก๊ส > ชุดเชื่อม-ตัดสนาม
udo-2694,2694,ใบตัดเหล็ก/สแตนเลส SUMO FAST CUT ขนาด 4 นิ้ว หนา 1 มม.,SUMO,abrasives,READY_GREEN,READY_FULL_SPECS,พร้อมขึ้นขายทันที สเปกวิศวกรรมครบถ้วน 100%,6,400.0,2800.0,4,0,3,1,"ใบตัดใบเจียร > ใบตัด > เหล็ก, สแตนเลส"
udo-2695,2695,หัวเชื่อมแก๊ส HARRIS รุ่น 43-2J (LPG) 1390N,HARRIS,gas_equipment,READY_GREEN,READY_FULL_SPECS,พร้อมขึ้นขายทันที สเปกวิศวกรรมครบถ้วน 100%,1,5450.0,5450.0,5,0,5,3,อุปกรณ์เชื่อมตัดเผาแก๊ส > เชื่อมแก๊ส
udo-2696,2696,หัวเชื่อมแก๊ส HARRIS รุ่น 43-2F (AC) 23-A-90,HARRIS,gas_equipment,READY_GREEN,READY_FULL_SPECS,พร้อมขึ้นขายทันที สเปกวิศวกรรมครบถ้วน 100%,1,5290.0,5290.0,5,0,4,3,อุปกรณ์เชื่อมตัดเผาแก๊ส > เชื่อมแก๊ส
udo-2697,2697,หัวเชื่อมแก๊ส HARRIS รุ่น 43-2F (AC) 1390,HARRIS,gas_equipment,READY_GREEN,READY_FULL_SPECS,พร้อมขึ้นขายทันที สเปกวิศวกรรมครบถ้วน 100%,1,5090.0,5090.0,5,0,4,3,อุปกรณ์เชื่อมตัดเผาแก๊ส > เชื่อมแก๊ส
udo-2698,2698,ชุดหัวเผา HARRIS รุ่น K-43 พร้อมนมหนูเบอร์ 2290-1H,HARRIS,gas_equipment,READY_GREEN,READY_FULL_SPECS,พร้อมขึ้นขายทันที สเปกวิศวกรรมครบถ้วน 100%,4,7650.0,8850.0,5,0,8,1,อุปกรณ์เชื่อมตัดเผาแก๊ส > เผาแก๊ส
udo-2699,2699,เช็ควาล์วกันย้อน HARRIS รุ่น 88-6CVTR สำหรับด้ามอ๊อกซิเย่น,HARRIS,gas_equipment,READY_GREEN,READY_FULL_SPECS,พร้อมขึ้นขายทันที สเปกวิศวกรรมครบถ้วน 100%,1,390.0,390.0,5,0,3,2,อุปกรณ์เชื่อมตัดเผาแก๊ส > วาล์วกันย้อน (Flashback Arrestor)
udo-2700,2700,เช็ควาล์วกันย้อนต่อด้ามแก๊ส HARRIS รุ่น 88-6CVTL,HARRIS,gas_equipment,READY_GREEN,READY_FULL_SPECS,พร้อมขึ้นขายทันที สเปกวิศวกรรมครบถ้วน 100%,1,390.0,390.0,5,0,3,2,อุปกรณ์เชื่อมตัดเผาแก๊ส > วาล์วกันย้อน (Flashback Arrestor)
udo-2701,2701,วาล์วกันไฟย้อนกลับสำหรับต่อเกจ์อ๊อกซิเย่น HARRIS รุ่น 188SRR,HARRIS,gas_equipment,READY_GREEN,READY_FULL_SPECS,พร้อมขึ้นขายทันที สเปกวิศวกรรมครบถ้วน 100%,1,920.0,920.0,5,0,2,1,อุปกรณ์เชื่อมตัดเผาแก๊ส > วาล์วกันย้อน (Flashback Arrestor)
udo-2702,2702,วาล์วกันไฟย้อนกลับสำหรับต่อเกจ์แก๊ส HARRIS รุ่น 188SRL,HARRIS,gas_equipment,READY_GREEN,READY_FULL_SPECS,พร้อมขึ้นขายทันที สเปกวิศวกรรมครบถ้วน 100%,1,920.0,920.0,5,0,2,1,อุปกรณ์เชื่อมตัดเผาแก๊ส > วาล์วกันย้อน (Flashback Arrestor)
udo-2703,2703,วาล์วกันไฟย้อนกลับสำหรับต่อเกจ์อ๊อกซิเย่น HARRIS รุ่น 188-2R,HARRIS,gas_equipment,READY_GREEN,READY_FULL_SPECS,พร้อมขึ้นขายทันที สเปกวิศวกรรมครบถ้วน 100%,1,2490.0,2490.0,5,0,2,2,อุปกรณ์เชื่อมตัดเผาแก๊ส > วาล์วกันย้อน (Flashback Arrestor)
udo-2704,2704,วาล์วกันไฟย้อนกลับสำหรับต่อเกจ์แก๊ส HARRIS รุ่น 188-2L,HARRIS,gas_equipment,READY_GREEN,READY_FULL_SPECS,พร้อมขึ้นขายทันที สเปกวิศวกรรมครบถ้วน 100%,1,2490.0,2490.0,5,0,2,2,อุปกรณ์เชื่อมตัดเผาแก๊ส > วาล์วกันย้อน (Flashback Arrestor)
udo-2705,2705,เกจ์ปรับแรงดันไฮเพรสเชอร์ก๊าซไนโตรเจน HARRIS รุ่น 987S-100-N2,HARRIS,gas_equipment,READY_GREEN,READY_FULL_SPECS,พร้อมขึ้นขายทันที สเปกวิศวกรรมครบถ้วน 100%,1,17900.0,17900.0,5,0,5,1,อุปกรณ์เชื่อมตัดเผาแก๊ส > เกจ์ปรับแรงดันแก๊ส > ไนโตรเจน (N2)
udo-2706,2706,เกจ์ปรับแรงดันไฮเพรสเชอร์ก๊าซไนโตรเจน HARRIS รุ่น 987AS-170-N2,HARRIS,gas_equipment,READY_GREEN,READY_FULL_SPECS,พร้อมขึ้นขายทันที สเปกวิศวกรรมครบถ้วน 100%,1,17900.0,17900.0,5,0,5,1,อุปกรณ์เชื่อมตัดเผาแก๊ส > เกจ์ปรับแรงดันแก๊ส > ไนโตรเจน (N2)
udo-2707,2707,เกจ์ปรับแรงดันไฮเพรสเชอร์ก๊าซอ๊อกซิเย่น HARRIS รุ่น 925ARS-40-O2,HARRIS,gas_equipment,READY_GREEN,READY_FULL_SPECS,พร้อมขึ้นขายทันที สเปกวิศวกรรมครบถ้วน 100%,1,8850.0,8850.0,5,0,5,1,อุปกรณ์เชื่อมตัดเผาแก๊ส > เกจ์ปรับแรงดันแก๊ส > อ๊อกซิเย่น (O2)
udo-2708,2708,เกจ์ปรับแรงดันก๊าซไนโตรเจน HARRIS รุ่น 801B-10-N2,HARRIS,gas_equipment,READY_GREEN,READY_FULL_SPECS,พร้อมขึ้นขายทันที สเปกวิศวกรรมครบถ้วน 100%,1,2790.0,2790.0,5,0,4,1,อุปกรณ์เชื่อมตัดเผาแก๊ส > เกจ์ปรับแรงดันแก๊ส > ไนโตรเจน (N2)
udo-2709,2709,เกจ์ปรับแรงดันโฟลมิเตอร์ก๊าซคาร์บอนไดร์อ๊อกไซด์ HARRIS รุ่น 801DB-30F-CO2,HARRIS,gas_equipment,READY_GREEN,READY_FULL_SPECS,พร้อมขึ้นขายทันที สเปกวิศวกรรมครบถ้วน 100%,1,4890.0,4890.0,5,0,4,1,อุปกรณ์เชื่อมตัดเผาแก๊ส > เกจ์ปรับแรงดันแก๊ส > คาร์บอนไดร์อ๊อกไซด์ (CO2)
udo-2710,2710,เกจ์ปรับแรงดันโฟลมิเตอร์ก๊าซอาร์กอน HARRIS รุ่น 801DB-30F-AR,HARRIS,gas_equipment,READY_GREEN,READY_FULL_SPECS,พร้อมขึ้นขายทันที สเปกวิศวกรรมครบถ้วน 100%,1,4890.0,4890.0,5,0,4,1,อุปกรณ์เชื่อมตัดเผาแก๊ส > เกจ์ปรับแรงดันแก๊ส > อาร์กอน (AR)
udo-2712,2712,เกจ์ปรับแรงดันก๊าซไนโตรเจน HARRIS รุ่น 25GX-10-N2,HARRIS,gas_equipment,READY_GREEN,READY_FULL_SPECS,พร้อมขึ้นขายทันที สเปกวิศวกรรมครบถ้วน 100%,1,3340.0,3340.0,5,0,4,1,อุปกรณ์เชื่อมตัดเผาแก๊ส > เกจ์ปรับแรงดันแก๊ส > ไนโตรเจน (N2)
udo-2713,2713,เกจ์ปรับแรงดันก๊าซคาร์บอนไดร์อ๊อกไซด์ HARRIS รุ่น 25GX-10-CO2,HARRIS,gas_equipment,READY_GREEN,READY_FULL_SPECS,พร้อมขึ้นขายทันที สเปกวิศวกรรมครบถ้วน 100%,1,3340.0,3340.0,5,0,4,1,อุปกรณ์เชื่อมตัดเผาแก๊ส > เกจ์ปรับแรงดันแก๊ส > คาร์บอนไดร์อ๊อกไซด์ (CO2)
udo-2714,2714,เกจ์ปรับแรงดันก๊าซไนตรัสอ๊อกไซด์ HARRIS รุ่น 25GX-10-N2O,HARRIS,gas_equipment,READY_GREEN,READY_FULL_SPECS,พร้อมขึ้นขายทันที สเปกวิศวกรรมครบถ้วน 100%,1,4090.0,4090.0,5,0,5,1,อุปกรณ์เชื่อมตัดเผาแก๊ส > เกจ์ปรับแรงดันแก๊ส > ไนตรัสอ๊อกไซด์ (N2O)
udo-2715,2715,เกจ์ปรับแรงดันก๊าซฮีเลียม HARRIS รุ่น 25GX-10-He,HARRIS,gas_equipment,READY_GREEN,READY_FULL_SPECS,พร้อมขึ้นขายทันที สเปกวิศวกรรมครบถ้วน 100%,1,3700.0,3700.0,5,0,5,1,อุปกรณ์เชื่อมตัดเผาแก๊ส > เกจ์ปรับแรงดันแก๊ส > ฮีเลียม (He)
udo-2716,2716,เกจ์ปรับแรงดันก๊าซไฮโดรเจน HARRIS รุ่น 25GX-10-H2,HARRIS,gas_equipment,READY_GREEN,READY_FULL_SPECS,พร้อมขึ้นขายทันที สเปกวิศวกรรมครบถ้วน 100%,1,3700.0,3700.0,5,0,4,1,อุปกรณ์เชื่อมตัดเผาแก๊ส > เกจ์ปรับแรงดันแก๊ส > ไฮโดรเจน (H2)
udo-2717,2717,เกจ์ปรับแรงดันก๊าซอาซิทีลีน HARRIS Two-Stage รุ่น 896-1.5-AC,HARRIS,gas_equipment,READY_GREEN,READY_FULL_SPECS,พร้อมขึ้นขายทันที สเปกวิศวกรรมครบถ้วน 100%,1,6850.0,6850.0,5,0,4,1,อุปกรณ์เชื่อมตัดเผาแก๊ส > เกจ์ปรับแรงดันแก๊ส > อาซิทีลีน (AC)
udo-2718,2718,เกจ์ปรับแรงดันก๊าซอ๊อกซิเย่น HARRIS Two-Stage รุ่น 896D-10-OX,HARRIS,gas_equipment,READY_GREEN,READY_FULL_SPECS,พร้อมขึ้นขายทันที สเปกวิศวกรรมครบถ้วน 100%,1,6850.0,6850.0,5,0,4,1,อุปกรณ์เชื่อมตัดเผาแก๊ส > เกจ์ปรับแรงดันแก๊ส > อ๊อกซิเย่น (O2)
udo-2719,2719,เกจ์ปรับแรงดันก๊าซอาร์กอน HARRIS Two-Stage รุ่น 896D-10-AR,HARRIS,gas_equipment,READY_GREEN,READY_FULL_SPECS,พร้อมขึ้นขายทันที สเปกวิศวกรรมครบถ้วน 100%,1,6850.0,6850.0,5,0,4,1,อุปกรณ์เชื่อมตัดเผาแก๊ส > เกจ์ปรับแรงดันแก๊ส > อาร์กอน (AR)
udo-2720,2720,เกจ์ปรับแรงดันก๊าซไนโตรเจน HARRIS Two-Stage รุ่น 896D-10-N2,HARRIS,gas_equipment,READY_GREEN,READY_FULL_SPECS,พร้อมขึ้นขายทันที สเปกวิศวกรรมครบถ้วน 100%,1,6850.0,6850.0,5,0,4,1,อุปกรณ์เชื่อมตัดเผาแก๊ส > เกจ์ปรับแรงดันแก๊ส > ไนโตรเจน (N2)
udo-2721,2721,เกจ์ปรับแรงดัน PIPELINE ก๊าซอะเซทีลีน HARRIS รุ่น 847-1.5-AC,HARRIS,gas_equipment,READY_GREEN,READY_FULL_SPECS,พร้อมขึ้นขายทันที สเปกวิศวกรรมครบถ้วน 100%,1,3860.0,3860.0,5,0,4,1,อุปกรณ์เชื่อมตัดเผาแก๊ส > เกจ์ปรับแรงดันแก๊ส > อาซิทีลีน (AC)
udo-2722,2722,เกจ์ปรับแรงดัน PIPELINE ก๊าซไนโตรเจน HARRIS รุ่น 847-10-N2,HARRIS,gas_equipment,READY_GREEN,READY_FULL_SPECS,พร้อมขึ้นขายทันที สเปกวิศวกรรมครบถ้วน 100%,1,3860.0,3860.0,5,0,4,1,อุปกรณ์เชื่อมตัดเผาแก๊ส > เกจ์ปรับแรงดันแก๊ส > ไนโตรเจน (N2)
udo-2723,2723,เกจ์ปรับแรงดันก๊าซคาร์บอนไดร์อ๊อกไซด์มีฮีตเตอร์ HARRIS รุ่น 711-25L-CO2 (220V),HARRIS,gas_equipment,READY_GREEN,READY_FULL_SPECS,พร้อมขึ้นขายทันที สเปกวิศวกรรมครบถ้วน 100%,1,6590.0,6590.0,5,0,4,1,อุปกรณ์เชื่อมตัดเผาแก๊ส > เกจ์ปรับแรงดันแก๊ส > คาร์บอนไดร์อ๊อกไซด์ (CO2)
udo-2724,2724,TRAFIMET ERGUCUT S65 STAND OFF GUIDE (CV1118),TRAFIMET,consumables,READY_GREEN,READY_FULL_SPECS,พร้อมขึ้นขายทันที สเปกวิศวกรรมครบถ้วน 100%,1,280.0,280.0,4,0,3,2,อะไหล่สิ้นเปลือง เครื่องตัดพลาสม่า เครื่องเชื่อม > อะไหล่หัวตัดพลาสม่า (PLASMA) > อะไหล่อื่นๆ (Accessories)
udo-2725,2725,TRAFIMET ERGUCUT S75 GUIDE CARRIAGE (CV0051),TRAFIMET,consumables,READY_GREEN,READY_FULL_SPECS,พร้อมขึ้นขายทันที สเปกวิศวกรรมครบถ้วน 100%,1,820.0,820.0,4,0,3,2,อะไหล่สิ้นเปลือง เครื่องตัดพลาสม่า เครื่องเชื่อม > อะไหล่หัวตัดพลาสม่า (PLASMA) > อะไหล่อื่นๆ (Accessories)
udo-2726,2726,TRAFIMET ERGUCUT S75 STAND OFF GUIDE 2 CONTACT (CV0026),TRAFIMET,consumables,READY_GREEN,READY_FULL_SPECS,พร้อมขึ้นขายทันที สเปกวิศวกรรมครบถ้วน 100%,1,350.0,350.0,4,0,3,2,อะไหล่สิ้นเปลือง เครื่องตัดพลาสม่า เครื่องเชื่อม > อะไหล่หัวตัดพลาสม่า (PLASMA) > อะไหล่อื่นๆ (Accessories)
udo-2727,2727,ลวดเชื่อมอาร์กอนไทเทเนียม SELECTARC T40 (ERTi-2),SELECTARC,welding_wire,READY_GREEN,READY_FULL_SPECS,พร้อมขึ้นขายทันที สเปกวิศวกรรมครบถ้วน 100%,9,950.0,6800.0,2,0,4,1,กลุ่มลวดเชื่อม > เชื่อมวัสดุเกรดพิเศษ > เชื่อมอาร์กอน (TIG)
udo-2728,2728,ข้อต่อสายเชื่อมยูโรตัวผู้ TRAFIMET TRAK-SK 70 mm.,TRAFIMET,consumables,READY_GREEN,READY_FULL_SPECS,พร้อมขึ้นขายทันที สเปกวิศวกรรมครบถ้วน 100%,1,350.0,350.0,4,0,1,1,อะไหล่สิ้นเปลือง เครื่องตัดพลาสม่า เครื่องเชื่อม > อุปกรณ์และอะไหล่อื่นๆ
udo-2729,2729,ข้อต่อสายเชื่อมยูโรตัวเมีย TRAFIMET TRAK-BK 70 mm.,TRAFIMET,consumables,READY_GREEN,READY_FULL_SPECS,พร้อมขึ้นขายทันที สเปกวิศวกรรมครบถ้วน 100%,1,350.0,350.0,4,0,1,1,อะไหล่สิ้นเปลือง เครื่องตัดพลาสม่า เครื่องเชื่อม > อุปกรณ์และอะไหล่อื่นๆ
udo-2730,2730,ถุงมือหนังสั้น UDO รุ่น GW-001,UDO,consumables,READY_GREEN,READY_FULL_SPECS,พร้อมขึ้นขายทันที สเปกวิศวกรรมครบถ้วน 100%,2,75.0,860.0,4,0,2,0,อะไหล่สิ้นเปลือง เครื่องตัดพลาสม่า เครื่องเชื่อม > อุปกรณ์เซฟตี้
udo-2731,2731,ลวดเชื่อมไฟฟ้า HYUNDAI S-6010.D (E6010),HYUNDAI,welding_wire,READY_GREEN,READY_FULL_SPECS,พร้อมขึ้นขายทันที สเปกวิศวกรรมครบถ้วน 100%,3,2500.0,2600.0,3,0,2,1,กลุ่มลวดเชื่อม > เชื่อมเหล็ก > เชื่อมไฟฟ้า (MMA)
udo-2732,2732,ลวดเชื่อมฟลักซ์คอร์ไวร์พอกแข็ง HYUNDAI SC-600H,HYUNDAI,welding_wire,READY_GREEN,READY_FULL_SPECS,พร้อมขึ้นขายทันที สเปกวิศวกรรมครบถ้วน 100%,1,5570.0,5570.0,2,0,2,1,กลุ่มลวดเชื่อม > เชื่อมพอกผิวแข็ง > เชื่อมฟลักซ์คอลล์ (FCW)
udo-2733,2733,ลวดเชื่อมไฟฟ้าสแตนเลส HYUNDAI S-308H.16 (E308H-16),HYUNDAI,welding_wire,READY_GREEN,READY_FULL_SPECS,พร้อมขึ้นขายทันที สเปกวิศวกรรมครบถ้วน 100%,2,1040.0,1050.0,3,0,2,1,กลุ่มลวดเชื่อม > เชื่อมสแตนเลส > เชื่อมไฟฟ้า (MMA)
udo-2734,2734,ลวดเชื่อมฟลักซ์คอร์ไวร์สแตนเลส HYUNDAI SW-308HBF (E308HT1-1/4),HYUNDAI,welding_wire,READY_GREEN,READY_FULL_SPECS,พร้อมขึ้นขายทันที สเปกวิศวกรรมครบถ้วน 100%,1,7800.0,7800.0,2,0,2,1,กลุ่มลวดเชื่อม > เชื่อมสแตนเลส > เชื่อมฟลักซ์คอลล์ (FCW)
udo-2735,2735,ปลอกแขนหนังงานเชื่อม UDO รุ่น SL-001,UDO,consumables,READY_GREEN,READY_FULL_SPECS,พร้อมขึ้นขายทันที สเปกวิศวกรรมครบถ้วน 100%,1,720.0,720.0,4,0,1,0,อะไหล่สิ้นเปลือง เครื่องตัดพลาสม่า เครื่องเชื่อม > อุปกรณ์เซฟตี้
udo-2736,2736,ลวดเชื่อมเงิน 0% HARRIS แบบแบน (BCuP-2),HARRIS,welding_wire,READY_GREEN,READY_FULL_SPECS,พร้อมขึ้นขายทันที สเปกวิศวกรรมครบถ้วน 100%,5,705.0,750.0,3,0,2,1,กลุ่มลวดเชื่อม > เชื่อมทองเหลืองทองแดงและเงิน > เชื่อมแก๊ส (Brazing)
udo-2737,2737,ชุดด้ามตัดแก๊ส CHAMP รุ่น 49-3 (AC),CHAMP,gas_equipment,READY_GREEN,READY_FULL_SPECS,พร้อมขึ้นขายทันที สเปกวิศวกรรมครบถ้วน 100%,1,3430.0,3430.0,5,0,2,2,อุปกรณ์เชื่อมตัดเผาแก๊ส > ตัดแก๊ส
udo-2738,2738,เกจ์ปรับแรงดัน 2 โฟลมิเตอร์ก๊าซอาร์กอน HARRIS รุ่น 821DB-30F-AR,HARRIS,gas_equipment,READY_GREEN,READY_FULL_SPECS,พร้อมขึ้นขายทันที สเปกวิศวกรรมครบถ้วน 100%,1,9590.0,9590.0,5,0,5,1,อุปกรณ์เชื่อมตัดเผาแก๊ส > เกจ์ปรับแรงดันแก๊ส > อาร์กอน (AR)
udo-2739,2739,ลวดเชื่อม CO2 เหล็กทนแรงดึงสูง HYUNDAI SM-110 (ER110S-G),HYUNDAI,welding_wire,READY_GREEN,READY_FULL_SPECS,พร้อมขึ้นขายทันที สเปกวิศวกรรมครบถ้วน 100%,1,5400.0,5400.0,3,0,2,1,กลุ่มลวดเชื่อม > เชื่อมเหล็ก > เชื่อมซีโอทู (MIG)
udo-2740,2740,แกนพร้อมน๊อตใส่เกจ์เกลียวอ๊อกซิเย่น CGA540,CHAMP,gas_equipment,READY_GREEN,READY_FULL_SPECS,พร้อมขึ้นขายทันที สเปกวิศวกรรมครบถ้วน 100%,1,250.0,250.0,5,0,4,0,อุปกรณ์เชื่อมตัดเผาแก๊ส > อุปกรณ์เสริม
udo-2741,2741,ลวดเชื่อมทองเหลืองไฟฟ้า POWERWELD Cu 112 (ECuSn-C),POWERWELD,welding_wire,READY_GREEN,READY_FULL_SPECS,พร้อมขึ้นขายทันที สเปกวิศวกรรมครบถ้วน 100%,2,1320.0,1350.0,2,2,2,0,กลุ่มลวดเชื่อม > เชื่อมทองเหลืองทองแดงและเงิน > เชื่อมไฟฟ้า (MMA)
udo-2742,2742,ลวดเชื่อมไฟฟ้าพอกแข็ง POWERWELD ARC 43,POWERWELD,welding_wire,READY_GREEN,READY_FULL_SPECS,พร้อมขึ้นขายทันที สเปกวิศวกรรมครบถ้วน 100%,2,3200.0,3200.0,2,0,2,1,กลุ่มลวดเชื่อม > เชื่อมพอกผิวแข็ง > เชื่อมไฟฟ้า (MMA)
udo-2743,2743,ลวดเชื่อมไฟฟ้าสแตนเลส POWERWELD STAINARC 312 (E312-16),POWERWELD,welding_wire,READY_GREEN,READY_FULL_SPECS,พร้อมขึ้นขายทันที สเปกวิศวกรรมครบถ้วน 100%,2,520.0,680.0,3,0,1,1,กลุ่มลวดเชื่อม > เชื่อมสแตนเลส > เชื่อมไฟฟ้า (MMA)
udo-2744,2744,ลวดเชื่อมฟลักซ์คอร์ไวร์ POWERWELD SELFSHIELD COREMAX-71GS (ม้วนละ 1 กก.),POWERWELD,welding_wire,READY_GREEN,READY_FULL_SPECS,พร้อมขึ้นขายทันที สเปกวิศวกรรมครบถ้วน 100%,2,180.0,180.0,2,0,1,1,กลุ่มลวดเชื่อม > เชื่อมเหล็ก > เชื่อมฟลักซ์คอลล์ (FCW)
udo-2745,2745,ลวดเชื่อมเลเซอร์แม่พิมพ์ NICHIA NINAK-M,NICHIA,welding_wire,READY_GREEN,READY_FULL_SPECS,พร้อมขึ้นขายทันที สเปกวิศวกรรมครบถ้วน 100%,3,1900.0,2200.0,2,0,1,1,กลุ่มลวดเชื่อม > เชื่อมวัสดุเกรดพิเศษ > เชื่อมแม่พิมพ์
udo-2746,2746,ลวดเชื่อม CO2 DIY POWERWELD ES-6 (ม้วนละ 1 กก.),POWERWELD,welding_wire,READY_GREEN,READY_FULL_SPECS,พร้อมขึ้นขายทันที สเปกวิศวกรรมครบถ้วน 100%,1,130.0,130.0,2,0,2,1,กลุ่มลวดเชื่อม > เชื่อมเหล็ก > เชื่อมซีโอทู (MIG)
udo-2747,2747,ลวดเชื่อมมิกอลูมิเนียม POWERWELD MC-4043M (ม้วนละ 0.5 กก.),POWERWELD,welding_wire,READY_GREEN,READY_FULL_SPECS,พร้อมขึ้นขายทันที สเปกวิศวกรรมครบถ้วน 100%,1,520.0,520.0,2,0,2,1,กลุ่มลวดเชื่อม > เชื่อมอลูมิเนียม > เชื่อมซีโอทู (MIG)
udo-2748,2748,ลวดเชื่อมมิกอลูมิเนียม POWERWELD MC-4047M (ม้วนละ 0.5 กก.),POWERWELD,welding_wire,READY_GREEN,READY_FULL_SPECS,พร้อมขึ้นขายทันที สเปกวิศวกรรมครบถ้วน 100%,1,590.0,590.0,2,0,2,1,กลุ่มลวดเชื่อม > เชื่อมอลูมิเนียม > เชื่อมซีโอทู (MIG)
udo-2749,2749,ลวดเชื่อมมิกอลูมิเนียม POWERWELD MC-5356M (ม้วนละ 0.5 กก.),POWERWELD,welding_wire,READY_GREEN,READY_FULL_SPECS,พร้อมขึ้นขายทันที สเปกวิศวกรรมครบถ้วน 100%,2,460.0,460.0,2,0,2,1,กลุ่มลวดเชื่อม > เชื่อมอลูมิเนียม > เชื่อมซีโอทู (MIG)
udo-2750,2750,ลวดเชื่อมมิกสแตนเลส POWERWELD MC-307M,POWERWELD,welding_wire,READY_GREEN,READY_FULL_SPECS,พร้อมขึ้นขายทันที สเปกวิศวกรรมครบถ้วน 100%,1,6750.0,6750.0,2,0,2,1,กลุ่มลวดเชื่อม > เชื่อมสแตนเลส > เชื่อมซีโอทู (MIG)
udo-2751,2751,เกจ์ปรับแรงดันไฮเพรสเชอร์ก๊าซไนโตรเจน GASWORK รุ่น 203-50M-N2,GASWORK,gas_equipment,READY_GREEN,READY_FULL_SPECS,พร้อมขึ้นขายทันที สเปกวิศวกรรมครบถ้วน 100%,1,3550.0,3550.0,5,0,5,1,อุปกรณ์เชื่อมตัดเผาแก๊ส > เกจ์ปรับแรงดันแก๊ส > ไนโตรเจน (N2)
udo-2752,2752,เกจ์ปรับแรงดัน 2 โฟลมิเตอร์ก๊าซอาร์กอน GASWORK รุ่น 101-2FL-AR,GASWORK,gas_equipment,READY_GREEN,READY_FULL_SPECS,พร้อมขึ้นขายทันที สเปกวิศวกรรมครบถ้วน 100%,1,3960.0,3960.0,5,0,5,1,อุปกรณ์เชื่อมตัดเผาแก๊ส > เกจ์ปรับแรงดันแก๊ส > อาร์กอน (AR)
udo-2753,2753,เกจ์ปรับแรงดัน 2 โฟลมิเตอร์ก๊าซคาร์บอนไดอ๊อกไซด์ GASWORK รุ่น 101-2FL-CO2,GASWORK,gas_equipment,READY_GREEN,READY_FULL_SPECS,พร้อมขึ้นขายทันที สเปกวิศวกรรมครบถ้วน 100%,1,3960.0,3960.0,5,0,5,1,อุปกรณ์เชื่อมตัดเผาแก๊ส > เกจ์ปรับแรงดันแก๊ส > คาร์บอนไดร์อ๊อกไซด์ (CO2)
udo-2754,2754,เกจ์ปรับแรงดันโฟลเกจ์ก๊าซอาร์กอน GASWORK รุ่น 101-30LM-AR,GASWORK,gas_equipment,READY_GREEN,READY_FULL_SPECS,พร้อมขึ้นขายทันที สเปกวิศวกรรมครบถ้วน 100%,1,2270.0,2270.0,5,0,5,1,อุปกรณ์เชื่อมตัดเผาแก๊ส > เกจ์ปรับแรงดันแก๊ส > อาร์กอน (AR)
udo-2755,2755,เกจ์ปรับแรงดันโฟลเกจ์ก๊าซคาร์บอนไดร์อ๊อกไซด์ GASWORK รุ่น 101-30LM-CO2,GASWORK,gas_equipment,READY_GREEN,READY_FULL_SPECS,พร้อมขึ้นขายทันที สเปกวิศวกรรมครบถ้วน 100%,1,2270.0,2270.0,5,0,5,1,อุปกรณ์เชื่อมตัดเผาแก๊ส > เกจ์ปรับแรงดันแก๊ส > คาร์บอนไดร์อ๊อกไซด์ (CO2)
udo-2756,2756,เกจ์เติมลูกโป่งก๊าซฮีเลียม GASWORK รุ่น 311GB,GASWORK,gas_equipment,READY_GREEN,READY_FULL_SPECS,พร้อมขึ้นขายทันที สเปกวิศวกรรมครบถ้วน 100%,1,1690.0,1690.0,5,0,4,1,อุปกรณ์เชื่อมตัดเผาแก๊ส > เกจ์ปรับแรงดันแก๊ส > ฮีเลียม (He)
udo-2757,2757,ชุดหัวเผา GASWORK รุ่น HE-506 พร้อมนมหนูหัวเผา 3 ขนาด,GASWORK,gas_equipment,READY_GREEN,READY_FULL_SPECS,พร้อมขึ้นขายทันที สเปกวิศวกรรมครบถ้วน 100%,1,1600.0,1600.0,5,0,2,1,อุปกรณ์เชื่อมตัดเผาแก๊ส > เผาแก๊ส
udo-2758,2758,ชุดหัวเผา GASWORK รุ่น HT-507,GASWORK,gas_equipment,READY_GREEN,READY_FULL_SPECS,พร้อมขึ้นขายทันที สเปกวิศวกรรมครบถ้วน 100%,1,2150.0,2150.0,5,0,5,1,อุปกรณ์เชื่อมตัดเผาแก๊ส > เผาแก๊ส
udo-2759,2759,นมหนูหัวเชื่อมแก๊ส GASWORK รุ่น WMP สำหรับแก๊ส LPG,GASWORK,gas_equipment,READY_GREEN,READY_FULL_SPECS,พร้อมขึ้นขายทันที สเปกวิศวกรรมครบถ้วน 100%,7,115.0,140.0,5,0,2,1,อุปกรณ์เชื่อมตัดเผาแก๊ส > เชื่อมแก๊ส
udo-2760,2760,นมหนูหัวเผาแก๊ส GASWORK รุ่น HE,GASWORK,gas_equipment,READY_GREEN,READY_FULL_SPECS,พร้อมขึ้นขายทันที สเปกวิศวกรรมครบถ้วน 100%,2,470.0,530.0,5,0,2,1,อุปกรณ์เชื่อมตัดเผาแก๊ส > เผาแก๊ส
udo-2761,2761,เช็ควาล์วกันย้อนอ๊อกซิเย่น GASWORK สำหรับต่อด้าม 88-3FGR,GASWORK,gas_equipment,READY_GREEN,READY_FULL_SPECS,พร้อมขึ้นขายทันที สเปกวิศวกรรมครบถ้วน 100%,1,190.0,190.0,5,0,2,1,อุปกรณ์เชื่อมตัดเผาแก๊ส > วาล์วกันย้อน (Flashback Arrestor)
udo-2762,2762,เช็ควาล์วกันย้อนแก๊ส GASWORK สำหรับต่อด้าม 88-3FGL,GASWORK,gas_equipment,READY_GREEN,READY_FULL_SPECS,พร้อมขึ้นขายทันที สเปกวิศวกรรมครบถ้วน 100%,1,190.0,190.0,5,0,2,1,อุปกรณ์เชื่อมตัดเผาแก๊ส > วาล์วกันย้อน (Flashback Arrestor)
udo-2763,2763,เช็ควาล์วกันย้อนอ๊อกซิเย่น GASWORK สำหรับต่อเกจ์ 89-3FGR,GASWORK,gas_equipment,READY_GREEN,READY_FULL_SPECS,พร้อมขึ้นขายทันที สเปกวิศวกรรมครบถ้วน 100%,1,210.0,210.0,5,0,2,1,อุปกรณ์เชื่อมตัดเผาแก๊ส > วาล์วกันย้อน (Flashback Arrestor)
udo-2764,2764,เช็ควาล์วกันย้อนแก๊ส GASWORK สำหรับต่อเกจ์ 89-3FGL,GASWORK,gas_equipment,READY_GREEN,READY_FULL_SPECS,พร้อมขึ้นขายทันที สเปกวิศวกรรมครบถ้วน 100%,1,210.0,210.0,5,0,2,1,อุปกรณ์เชื่อมตัดเผาแก๊ส > วาล์วกันย้อน (Flashback Arrestor)
udo-2766,2766,วาล์วกันไฟย้อนกลับอ๊อกซิเย่น GASWORK รุ่น H188-R-ULB สำหรับด้าม,GASWORK,gas_equipment,READY_GREEN,READY_FULL_SPECS,พร้อมขึ้นขายทันที สเปกวิศวกรรมครบถ้วน 100%,1,550.0,550.0,5,0,4,2,อุปกรณ์เชื่อมตัดเผาแก๊ส > วาล์วกันย้อน (Flashback Arrestor)
udo-2767,2767,วาล์วกันไฟย้อนกลับแก๊ส GASWORK รุ่น H188-L-ULB สำหรับด้าม,GASWORK,gas_equipment,READY_GREEN,READY_FULL_SPECS,พร้อมขึ้นขายทันที สเปกวิศวกรรมครบถ้วน 100%,1,550.0,550.0,5,0,4,2,อุปกรณ์เชื่อมตัดเผาแก๊ส > วาล์วกันย้อน (Flashback Arrestor)
udo-2768,2768,วาล์วกันไฟย้อนกลับอ๊อกซิเย่น GASWORK รุ่น H288-R-ULB สำหรับเกจ์,GASWORK,gas_equipment,READY_GREEN,READY_FULL_SPECS,พร้อมขึ้นขายทันที สเปกวิศวกรรมครบถ้วน 100%,1,580.0,580.0,5,0,4,2,อุปกรณ์เชื่อมตัดเผาแก๊ส > วาล์วกันย้อน (Flashback Arrestor)
udo-2769,2769,วาล์วกันไฟย้อนกลับแก๊ส GASWORK รุ่น H288-L-ULB สำหรับเกจ์,GASWORK,gas_equipment,READY_GREEN,READY_FULL_SPECS,พร้อมขึ้นขายทันที สเปกวิศวกรรมครบถ้วน 100%,1,580.0,580.0,5,0,4,2,อุปกรณ์เชื่อมตัดเผาแก๊ส > วาล์วกันย้อน (Flashback Arrestor)
udo-2770,2770,วาล์วกันไฟย้อนกลับอ๊อกซิเย่น GASWORK รุ่น HA188-R สำหรับด้าม,GASWORK,gas_equipment,READY_GREEN,READY_FULL_SPECS,พร้อมขึ้นขายทันที สเปกวิศวกรรมครบถ้วน 100%,1,465.0,465.0,5,0,4,2,อุปกรณ์เชื่อมตัดเผาแก๊ส > วาล์วกันย้อน (Flashback Arrestor)
udo-2771,2771,วาล์วกันไฟย้อนกลับแก๊ส GASWORK รุ่น HA188-L สำหรับด้าม,GASWORK,gas_equipment,READY_GREEN,READY_FULL_SPECS,พร้อมขึ้นขายทันที สเปกวิศวกรรมครบถ้วน 100%,1,465.0,465.0,5,0,4,2,อุปกรณ์เชื่อมตัดเผาแก๊ส > วาล์วกันย้อน (Flashback Arrestor)
udo-2772,2772,วาล์วกันไฟย้อนกลับอ๊อกซิเย่น GASWORK รุ่น HA288-R สำหรับเกจ์,GASWORK,gas_equipment,READY_GREEN,READY_FULL_SPECS,พร้อมขึ้นขายทันที สเปกวิศวกรรมครบถ้วน 100%,1,465.0,465.0,5,0,4,2,อุปกรณ์เชื่อมตัดเผาแก๊ส > วาล์วกันย้อน (Flashback Arrestor)
udo-2773,2773,วาล์วกันไฟย้อนกลับแก๊ส GASWORK รุ่น HA288-L สำหรับเกจ์,GASWORK,gas_equipment,READY_GREEN,READY_FULL_SPECS,พร้อมขึ้นขายทันที สเปกวิศวกรรมครบถ้วน 100%,1,465.0,465.0,5,0,4,2,อุปกรณ์เชื่อมตัดเผาแก๊ส > วาล์วกันย้อน (Flashback Arrestor)
udo-2774,2774,ก้านต่อหัวเชื่อม TIP TUBE HARRIS 8593 (AC/LPG),HARRIS,gas_equipment,READY_GREEN,READY_FULL_SPECS,พร้อมขึ้นขายทันที สเปกวิศวกรรมครบถ้วน 100%,1,740.0,740.0,5,0,1,0,อุปกรณ์เชื่อมตัดเผาแก๊ส > เชื่อมแก๊ส
udo-2775,2775,เครื่องผสมแก๊ส GASWORK รุ่น 300MX,GASWORK,gas_equipment,READY_GREEN,READY_FULL_SPECS,พร้อมขึ้นขายทันที สเปกวิศวกรรมครบถ้วน 100%,1,14500.0,14500.0,5,0,4,1,อุปกรณ์เชื่อมตัดเผาแก๊ส > อุปกรณ์เสริม
udo-2776,2776,นมหนูตัดเซาะร่อง HARRIS 6290-GG,HARRIS,gas_equipment,READY_GREEN,READY_FULL_SPECS,พร้อมขึ้นขายทันที สเปกวิศวกรรมครบถ้วน 100%,4,1650.0,1700.0,5,0,5,1,อุปกรณ์เชื่อมตัดเผาแก๊ส > ตัดแก๊ส
udo-2777,2777,เครื่องผสมแก๊ส GASWORK รุ่น 301MX,GASWORK,gas_equipment,READY_GREEN,READY_FULL_SPECS,พร้อมขึ้นขายทันที สเปกวิศวกรรมครบถ้วน 100%,1,17500.0,17500.0,5,0,4,1,อุปกรณ์เชื่อมตัดเผาแก๊ส > อุปกรณ์เสริม
udo-2778,2778,ลูกล้อชุดตัด GASWORK รุ่น AG-317,GASWORK,gas_equipment,READY_GREEN,READY_FULL_SPECS,พร้อมขึ้นขายทันที สเปกวิศวกรรมครบถ้วน 100%,1,650.0,650.0,5,0,3,1,อุปกรณ์เชื่อมตัดเผาแก๊ส > ตัดแก๊ส
udo-2779,2779,ก้านหัวตัดคู่ GASWORK TWIN TIP ADAPTER รุ่น TH-98,GASWORK,gas_equipment,READY_GREEN,READY_FULL_SPECS,พร้อมขึ้นขายทันที สเปกวิศวกรรมครบถ้วน 100%,1,4500.0,4500.0,5,0,3,1,อุปกรณ์เชื่อมตัดเผาแก๊ส > ตัดแก๊ส
udo-2780,2780,ก้านหัวตัดคู่ GASWORK TWIN TIP ADAPTER รุ่น TH-99,GASWORK,gas_equipment,READY_GREEN,READY_FULL_SPECS,พร้อมขึ้นขายทันที สเปกวิศวกรรมครบถ้วน 100%,1,4900.0,4900.0,5,0,3,1,อุปกรณ์เชื่อมตัดเผาแก๊ส > ตัดแก๊ส
udo-2781,2781,ลวดเชื่อมอาร์กอนเหล็กหล่อ POWERWELD MC-Ni100R (ERNi-Cl),POWERWELD,welding_wire,READY_GREEN,READY_FULL_SPECS,พร้อมขึ้นขายทันที สเปกวิศวกรรมครบถ้วน 100%,1,3100.0,3100.0,2,0,2,1,กลุ่มลวดเชื่อม > เชื่อมเหล็กหล่อ > เชื่อมอาร์กอน (TIG)
udo-2782,2782,ลวดเชื่อมอาร์กอนแมกนีเซียม SELECTARC TIG AZ92A (ERAZ92A),SELECTARC,welding_wire,READY_GREEN,READY_FULL_SPECS,พร้อมขึ้นขายทันที สเปกวิศวกรรมครบถ้วน 100%,4,2500.0,17000.0,2,0,2,1,กลุ่มลวดเชื่อม > เชื่อมวัสดุเกรดพิเศษ > เชื่อมอาร์กอน (TIG)
udo-2783,2783,ลวดเชื่อมอาร์กอนสแตนเลส SELECTARC TIG 21/10MA (253MA),SELECTARC,welding_wire,READY_GREEN,READY_FULL_SPECS,พร้อมขึ้นขายทันที สเปกวิศวกรรมครบถ้วน 100%,1,13000.0,13000.0,2,0,4,1,กลุ่มลวดเชื่อม > เชื่อมวัสดุเกรดพิเศษ > เชื่อมอาร์กอน (TIG)
udo-2784,2784,ลวดเชื่อมไฟฟ้าเหล็กทนแรงดึงสูง HYUNDAI S-8016.G (E8016-G),HYUNDAI,welding_wire,READY_GREEN,READY_FULL_SPECS,พร้อมขึ้นขายทันที สเปกวิศวกรรมครบถ้วน 100%,1,1000.0,1000.0,3,0,2,1,กลุ่มลวดเชื่อม > เชื่อมเหล็ก > เชื่อมไฟฟ้า (MMA)
udo-2785,2785,ลวดเชื่อมอาร์กอนสแตนเลส HYUNDAI SMT-904L (ER385),HYUNDAI,welding_wire,READY_GREEN,READY_FULL_SPECS,พร้อมขึ้นขายทันที สเปกวิศวกรรมครบถ้วน 100%,1,8000.0,8000.0,3,0,3,1,กลุ่มลวดเชื่อม > เชื่อมสแตนเลส > เชื่อมอาร์กอน (TIG)
udo-2786,2786,เกจ์ปรับแรงดันไฮเพรสเชอร์ก๊าซ AIR HARRIS รุ่น 925ARS-40-AIR,HARRIS,gas_equipment,READY_GREEN,READY_FULL_SPECS,พร้อมขึ้นขายทันที สเปกวิศวกรรมครบถ้วน 100%,1,8990.0,8990.0,5,0,5,1,อุปกรณ์เชื่อมตัดเผาแก๊ส > เกจ์ปรับแรงดันแก๊ส > ก๊าซพิเศษอื่นๆ
udo-2787,2787,ด้ามหัวตัดแก๊ส CHAMP รุ่น 49-3 สำหรับแก๊ส AC,CHAMP,gas_equipment,READY_GREEN,READY_FULL_SPECS,พร้อมขึ้นขายทันที สเปกวิศวกรรมครบถ้วน 100%,1,1990.0,1990.0,5,0,1,2,อุปกรณ์เชื่อมตัดเผาแก๊ส > ตัดแก๊ส
udo-2788,2788,หัวเชื่อมแก๊ส HARRIS รุ่น 19-6S (LPG) 1390N,HARRIS,gas_equipment,READY_GREEN,READY_FULL_SPECS,พร้อมขึ้นขายทันที สเปกวิศวกรรมครบถ้วน 100%,1,5290.0,5290.0,5,0,5,1,อุปกรณ์เชื่อมตัดเผาแก๊ส > เชื่อมแก๊ส
udo-2789,2789,ชุดหัวเผา HARRIS รุ่น K-43 พร้อมนมหนูเบอร์ 2290-2H,HARRIS,gas_equipment,READY_GREEN,READY_FULL_SPECS,พร้อมขึ้นขายทันที สเปกวิศวกรรมครบถ้วน 100%,4,7650.0,8850.0,5,0,12,1,อุปกรณ์เชื่อมตัดเผาแก๊ส > เผาแก๊ส
udo-2790,2790,ชุดหัวเผา HARRIS รุ่น K-43 พร้อมนมหนูเบอร์ 2290-3H,HARRIS,gas_equipment,READY_GREEN,READY_FULL_SPECS,พร้อมขึ้นขายทันที สเปกวิศวกรรมครบถ้วน 100%,4,8190.0,9390.0,5,0,11,1,อุปกรณ์เชื่อมตัดเผาแก๊ส > เผาแก๊ส
udo-2791,2791,ชุดหัวเผา HARRIS รุ่น K-43 พร้อมนมหนูเบอร์ 2290-4H,HARRIS,gas_equipment,READY_GREEN,READY_FULL_SPECS,พร้อมขึ้นขายทันที สเปกวิศวกรรมครบถ้วน 100%,4,8690.0,9890.0,5,0,11,1,อุปกรณ์เชื่อมตัดเผาแก๊ส > เผาแก๊ส
udo-2792,2792,ชุดหัวเผา HARRIS รุ่น K-43 พร้อมนมหนูเบอร์ 2290-5H,HARRIS,gas_equipment,READY_GREEN,READY_FULL_SPECS,พร้อมขึ้นขายทันที สเปกวิศวกรรมครบถ้วน 100%,4,9390.0,10550.0,5,0,11,1,อุปกรณ์เชื่อมตัดเผาแก๊ส > เผาแก๊ส
udo-2793,2793,หัวเชื่อมแก๊ส HARRIS รุ่น 19-6 (AC) 1390,HARRIS,gas_equipment,READY_GREEN,READY_FULL_SPECS,พร้อมขึ้นขายทันที สเปกวิศวกรรมครบถ้วน 100%,1,4890.0,4890.0,5,0,5,1,อุปกรณ์เชื่อมตัดเผาแก๊ส > เชื่อมแก๊ส
udo-2794,2794,หัวเชื่อมแก๊ส HARRIS รุ่น 19-6F (AC) 5090,HARRIS,gas_equipment,READY_GREEN,READY_FULL_SPECS,พร้อมขึ้นขายทันที สเปกวิศวกรรมครบถ้วน 100%,1,4690.0,4690.0,5,0,5,1,อุปกรณ์เชื่อมตัดเผาแก๊ส > เชื่อมแก๊ส
udo-2795,2795,เกจ์ปรับแรงดันก๊าซอาร์กอน HARRIS รุ่น 25GX-10-AR,HARRIS,gas_equipment,READY_GREEN,READY_FULL_SPECS,พร้อมขึ้นขายทันที สเปกวิศวกรรมครบถ้วน 100%,1,3340.0,3340.0,5,0,4,1,อุปกรณ์เชื่อมตัดเผาแก๊ส > เกจ์ปรับแรงดันแก๊ส > อาร์กอน (AR)
udo-2796,2796,เกจ์ปรับแรงดันไฮเพรสเชอร์ก๊าซอาร์กอน HARRIS รุ่น 925ARS-40-AR,HARRIS,gas_equipment,READY_GREEN,READY_FULL_SPECS,พร้อมขึ้นขายทันที สเปกวิศวกรรมครบถ้วน 100%,1,8790.0,8790.0,5,0,4,1,อุปกรณ์เชื่อมตัดเผาแก๊ส > เกจ์ปรับแรงดันแก๊ส > อาร์กอน (AR)
udo-2797,2797,เกจ์ปรับแรงดัน PIPELINE ก๊าซอาร์กอน HARRIS รุ่น 847-10-AR,HARRIS,gas_equipment,READY_GREEN,READY_FULL_SPECS,พร้อมขึ้นขายทันที สเปกวิศวกรรมครบถ้วน 100%,1,3860.0,3860.0,5,0,4,1,อุปกรณ์เชื่อมตัดเผาแก๊ส > เกจ์ปรับแรงดันแก๊ส > อาร์กอน (AR)
udo-2798,2798,เกจ์ปรับแรงดัน PIPELINE ก๊าซคาร์บอนไดออกไซด์ HARRIS รุ่น 847-10-CO2,HARRIS,gas_equipment,READY_GREEN,READY_FULL_SPECS,พร้อมขึ้นขายทันที สเปกวิศวกรรมครบถ้วน 100%,1,3860.0,3860.0,5,0,4,1,อุปกรณ์เชื่อมตัดเผาแก๊ส > เกจ์ปรับแรงดันแก๊ส > คาร์บอนไดร์อ๊อกไซด์ (CO2)
udo-2799,2799,เกจ์ปรับแรงดันไฮเพรสเชอร์ก๊าซไฮโดรเจน HARRIS รุ่น 925ARS-40-H2,HARRIS,gas_equipment,READY_GREEN,READY_FULL_SPECS,พร้อมขึ้นขายทันที สเปกวิศวกรรมครบถ้วน 100%,1,8890.0,8890.0,5,0,5,1,อุปกรณ์เชื่อมตัดเผาแก๊ส > เกจ์ปรับแรงดันแก๊ส > ไฮโดรเจน (H2)
udo-2800,2800,เกจ์ปรับแรงดันไฮเพรสเชอร์ก๊าซไฮโดรเจน HARRIS รุ่น 987AS-170-H2,HARRIS,gas_equipment,READY_GREEN,READY_FULL_SPECS,พร้อมขึ้นขายทันที สเปกวิศวกรรมครบถ้วน 100%,1,17900.0,17900.0,5,0,5,1,อุปกรณ์เชื่อมตัดเผาแก๊ส > เกจ์ปรับแรงดันแก๊ส > ไฮโดรเจน (H2)
udo-2801,2801,เกจ์ปรับแรงดันไฮเพรสเชอร์ก๊าซฮีเลียม HARRIS รุ่น 925ARS-40-HE,HARRIS,gas_equipment,READY_GREEN,READY_FULL_SPECS,พร้อมขึ้นขายทันที สเปกวิศวกรรมครบถ้วน 100%,1,8790.0,8790.0,5,0,4,1,อุปกรณ์เชื่อมตัดเผาแก๊ส > เกจ์ปรับแรงดันแก๊ส > ฮีเลียม (He)
udo-2802,2802,เกจ์ปรับแรงดันไฮเพรสเชอร์ก๊าซคาร์บอนไดออกไซด์ HARRIS รุ่น 925ARS-40-CO2,HARRIS,gas_equipment,READY_GREEN,READY_FULL_SPECS,พร้อมขึ้นขายทันที สเปกวิศวกรรมครบถ้วน 100%,1,8150.0,8150.0,5,0,5,1,อุปกรณ์เชื่อมตัดเผาแก๊ส > เกจ์ปรับแรงดันแก๊ส > คาร์บอนไดร์อ๊อกไซด์ (CO2)
udo-2803,2803,เกจ์ปรับแรงดันก๊าซคาร์บอนไดออกไซด์ HARRIS Two-Stage รุ่น 896D-10-CO2,HARRIS,gas_equipment,READY_GREEN,READY_FULL_SPECS,พร้อมขึ้นขายทันที สเปกวิศวกรรมครบถ้วน 100%,1,6850.0,6850.0,5,0,5,1,อุปกรณ์เชื่อมตัดเผาแก๊ส > เกจ์ปรับแรงดันแก๊ส > คาร์บอนไดร์อ๊อกไซด์ (CO2)
udo-2804,2804,เกจ์ปรับแรงดันก๊าซไฮโดรเจน HARRIS Two-Stage รุ่น 896D-10-H2,HARRIS,gas_equipment,READY_GREEN,READY_FULL_SPECS,พร้อมขึ้นขายทันที สเปกวิศวกรรมครบถ้วน 100%,1,7050.0,7050.0,5,0,5,1,อุปกรณ์เชื่อมตัดเผาแก๊ส > เกจ์ปรับแรงดันแก๊ส > ไฮโดรเจน (H2)
udo-2805,2805,เกจ์ปรับแรงดันก๊าซฮีเลียม HARRIS Two-Stage รุ่น 896D-10-HE,HARRIS,gas_equipment,READY_GREEN,READY_FULL_SPECS,พร้อมขึ้นขายทันที สเปกวิศวกรรมครบถ้วน 100%,1,7050.0,7050.0,5,0,4,1,อุปกรณ์เชื่อมตัดเผาแก๊ส > เกจ์ปรับแรงดันแก๊ส > ฮีเลียม (He)
udo-2806,2806,ลวดเชื่อมแก๊สทองเหลืองหุ้มฟลักซ์ CHAMP LOW FUMING BRONZE FC (RBCuZn-C),CHAMP,welding_wire,WARNING_YELLOW,WARNING_NO_SPECS_TABLE,พร้อมขายปกติ แนะนำให้แอดมินเติมตารางสเปกเคมีใน Admin,4,680.0,3250.0,2,0,3,0,กลุ่มลวดเชื่อม > เชื่อมทองเหลืองทองแดงและเงิน > เชื่อมแก๊ส (Brazing)
udo-2807,2807,ลวดเชื่อมไฟฟ้าสแตนเลส DUPLEX SANDVIK S-2209 (E2209-15),POWERWELD,welding_wire,READY_GREEN,READY_FULL_SPECS,พร้อมขึ้นขายทันที สเปกวิศวกรรมครบถ้วน 100%,1,2880.0,2880.0,3,0,2,2,กลุ่มลวดเชื่อม > เชื่อมสแตนเลส > เชื่อมไฟฟ้า (MMA)
udo-2808,2808,ลวดเชื่อมอาร์กอนสแตนเลส DUPLEX ESAB OK Tigrod 2209  (ER2209),ESAB,welding_wire,READY_GREEN,READY_FULL_SPECS,พร้อมขึ้นขายทันที สเปกวิศวกรรมครบถ้วน 100%,1,5400.0,5400.0,3,0,2,1,กลุ่มลวดเชื่อม > เชื่อมสแตนเลส > เชื่อมอาร์กอน (TIG)
udo-2809,2809,ลวดเชื่อมแก๊สหุ้มฟลักซ์ซิลิคอนบรอนซ์ CHAMP BRONZE-Si FC (ERCuSi-A),CHAMP,welding_wire,READY_GREEN,READY_FULL_SPECS,พร้อมขึ้นขายทันที สเปกวิศวกรรมครบถ้วน 100%,4,790.0,3800.0,2,0,3,1,กลุ่มลวดเชื่อม > เชื่อมทองเหลืองทองแดงและเงิน > เชื่อมแก๊ส (Brazing)
udo-2811,2811,ด้ามจับเชื่อม CHAMP รุ่น 43-2 (AC/LPG),CHAMP,gas_equipment,READY_GREEN,READY_FULL_SPECS,พร้อมขึ้นขายทันที สเปกวิศวกรรมครบถ้วน 100%,1,2270.0,2270.0,5,0,1,1,อุปกรณ์เชื่อมตัดเผาแก๊ส > เชื่อมแก๊ส
udo-2812,2812,ด้ามจับตัด CHAMP รุ่น 43-2 (AC/LPG),CHAMP,gas_equipment,READY_GREEN,READY_FULL_SPECS,พร้อมขึ้นขายทันที สเปกวิศวกรรมครบถ้วน 100%,1,2270.0,2270.0,5,0,1,1,อุปกรณ์เชื่อมตัดเผาแก๊ส > ตัดแก๊ส
udo-2813,2813,ด้ามจับเผา CHAMP รุ่น 43-2 (AC/LPG),CHAMP,gas_equipment,READY_GREEN,READY_FULL_SPECS,พร้อมขึ้นขายทันที สเปกวิศวกรรมครบถ้วน 100%,1,2270.0,2270.0,5,0,1,1,อุปกรณ์เชื่อมตัดเผาแก๊ส > เผาแก๊ส
udo-2814,2814,ลวดเชื่อมอาร์กอนสแตนเลส ESAB OK Tigrod 309MoL (ER309LMo),ESAB,welding_wire,READY_GREEN,READY_FULL_SPECS,พร้อมขึ้นขายทันที สเปกวิศวกรรมครบถ้วน 100%,1,4800.0,4800.0,3,0,1,1,กลุ่มลวดเชื่อม > เชื่อมสแตนเลส > เชื่อมอาร์กอน (TIG)
udo-2815,2815,ลวดเชื่อมอาร์กอนทองเหลือง CHAMP Bronze-Al (ERCuAl-A2),CHAMP,welding_wire,READY_GREEN,READY_FULL_SPECS,พร้อมขึ้นขายทันที สเปกวิศวกรรมครบถ้วน 100%,6,870.0,4150.0,2,0,1,1,กลุ่มลวดเชื่อม > เชื่อมทองเหลืองทองแดงและเงิน > เชื่อมอาร์กอน (TIG)
udo-2816,2816,ลวดเชื่อมแก๊สทองเหลืองหุ้มฟลักซ์ CHAMP Bronze-Al FC (ERCuAl-A2),CHAMP,welding_wire,WARNING_YELLOW,WARNING_NO_SPECS_TABLE,พร้อมขายปกติ แนะนำให้แอดมินเติมตารางสเปกเคมีใน Admin,4,790.0,3800.0,2,0,3,0,กลุ่มลวดเชื่อม > เชื่อมทองเหลืองทองแดงและเงิน > เชื่อมแก๊ส (Brazing)
udo-2817,2817,ลวดเชื่อมอาร์กอนทองเหลือง CHAMP Bronze-Si (ERCuSi-A),CHAMP,welding_wire,READY_GREEN,READY_FULL_SPECS,พร้อมขึ้นขายทันที สเปกวิศวกรรมครบถ้วน 100%,6,840.0,4150.0,2,0,1,1,กลุ่มลวดเชื่อม > เชื่อมทองเหลืองทองแดงและเงิน > เชื่อมอาร์กอน (TIG)
udo-2818,2818,เครื่องเชื่อม MIG แบบไม่ใช้แก๊ส Hyundai รุ่น HG-200 ขนาด 200 แอมป์,HYUNDAI,machines,READY_GREEN,READY_FULL_SPECS,พร้อมขึ้นขายทันที สเปกวิศวกรรมครบถ้วน 100%,1,14990.0,14990.0,6,0,6,1,เครื่องเชื่อมและเครื่องตัดพลาสม่า > เครื่องเชื่อมซีโอทู (MIG)
udo-2819,2819,ลวดเชื่อมอาร์กอนนิเกิลอัลลอย VDM Metals FM 82 (ERNiCr-3),VDM METALS,welding_wire,READY_GREEN,READY_FULL_SPECS,พร้อมขึ้นขายทันที สเปกวิศวกรรมครบถ้วน 100%,3,14900.0,16000.0,2,0,2,1,กลุ่มลวดเชื่อม > เชื่อมวัสดุเกรดพิเศษ > เชื่อมอาร์กอน (TIG)
udo-2820,2820,เครื่องเชื่อมไฟฟ้า Hyundai รุ่น HG-200A ขนาด 150 แอมป์,HYUNDAI,machines,READY_GREEN,READY_FULL_SPECS,พร้อมขึ้นขายทันที สเปกวิศวกรรมครบถ้วน 100%,1,4990.0,4990.0,6,0,5,1,เครื่องเชื่อมและเครื่องตัดพลาสม่า > เครื่องเชื่อมไฟฟ้า (MMA)
udo-2821,2821,เครื่องเชื่อมไฟฟ้า Hyundai รุ่น HG-200AH ขนาด 200 แอมป์,HYUNDAI,machines,READY_GREEN,READY_FULL_SPECS,พร้อมขึ้นขายทันที สเปกวิศวกรรมครบถ้วน 100%,1,7990.0,7990.0,6,0,5,1,เครื่องเชื่อมและเครื่องตัดพลาสม่า > เครื่องเชื่อมไฟฟ้า (MMA)
udo-2822,2822,ลวดเชื่อมไฟฟ้าเหล็กทนความร้อนสูง HYUNDAI S-8016.B6 (E8016-B6),HYUNDAI,welding_wire,READY_GREEN,READY_FULL_SPECS,พร้อมขึ้นขายทันที สเปกวิศวกรรมครบถ้วน 100%,1,1150.0,1150.0,3,0,1,2,กลุ่มลวดเชื่อม > เชื่อมเหล็ก > เชื่อมไฟฟ้า (MMA)
udo-2823,2823,ลวดเชื่อมไฟฟ้าเหล็กทนอุณหภูมิต่ำ HYUNDAI S-8018.C1 (E8018-C1),HYUNDAI,welding_wire,READY_GREEN,READY_FULL_SPECS,พร้อมขึ้นขายทันที สเปกวิศวกรรมครบถ้วน 100%,1,1300.0,1300.0,3,0,1,1,กลุ่มลวดเชื่อม > เชื่อมเหล็ก > เชื่อมไฟฟ้า (MMA)
udo-2824,2824,ลวดเชื่อมไฟฟ้าเหล็กทนความร้อนสูง HYUNDAI S-9016.B9 (E9016-B9H4),HYUNDAI,welding_wire,READY_GREEN,READY_FULL_SPECS,พร้อมขึ้นขายทันที สเปกวิศวกรรมครบถ้วน 100%,1,3000.0,3000.0,3,0,1,2,กลุ่มลวดเชื่อม > เชื่อมเหล็ก > เชื่อมไฟฟ้า (MMA)
udo-2825,2825,ลวดเชื่อมอาร์กอนเหล็ก LOW ALLOY KOBE TG-S80B2 (ER80S-B2),KOBE,welding_wire,READY_GREEN,READY_FULL_SPECS,พร้อมขึ้นขายทันที สเปกวิศวกรรมครบถ้วน 100%,1,2450.0,2450.0,2,0,1,2,กลุ่มลวดเชื่อม > เชื่อมเหล็ก > เชื่อมอาร์กอน (TIG)
udo-2826,2826,ลวดเชื่อมอาร์กอนเหล็ก LOW ALLOY KOBE TG-S90B3 (ER90S-B3),KOBE,welding_wire,READY_GREEN,READY_FULL_SPECS,พร้อมขึ้นขายทันที สเปกวิศวกรรมครบถ้วน 100%,1,2550.0,2550.0,2,0,1,2,กลุ่มลวดเชื่อม > เชื่อมเหล็ก > เชื่อมอาร์กอน (TIG)
udo-2827,2827,ลวดเชื่อมไฟฟ้าเหล็กทนความร้อนสูง KOBE CM-A96 (E8016-B2),KOBE,welding_wire,READY_GREEN,READY_FULL_SPECS,พร้อมขึ้นขายทันที สเปกวิศวกรรมครบถ้วน 100%,6,1230.0,10270.0,3,0,2,1,กลุ่มลวดเชื่อม > เชื่อมเหล็ก > เชื่อมไฟฟ้า (MMA)
udo-2828,2828,ลวดเชื่อมไฟฟ้าเหล็กทนความร้อนสูง KOBE CM-A106 (E9016-B3),KOBE,welding_wire,READY_GREEN,READY_FULL_SPECS,พร้อมขึ้นขายทันที สเปกวิศวกรรมครบถ้วน 100%,4,2700.0,9500.0,3,0,2,1,กลุ่มลวดเชื่อม > เชื่อมเหล็ก > เชื่อมไฟฟ้า (MMA)
udo-2829,2829,ลวดเชื่อมอาร์กอนเหล็กทนอุณหภูมิต่ำ KOBE TG-S1N (ER70S-G),KOBE,welding_wire,READY_GREEN,READY_FULL_SPECS,พร้อมขึ้นขายทันที สเปกวิศวกรรมครบถ้วน 100%,1,2850.0,2850.0,2,0,2,2,กลุ่มลวดเชื่อม > เชื่อมเหล็ก > เชื่อมอาร์กอน (TIG)
udo-2830,2830,ด้ามจับหัวเผา HARRIS รุ่น 43-2 (AC/LPG),HARRIS,gas_equipment,READY_GREEN,READY_FULL_SPECS,พร้อมขึ้นขายทันที สเปกวิศวกรรมครบถ้วน 100%,1,4550.0,4550.0,5,0,1,1,อุปกรณ์เชื่อมตัดเผาแก๊ส > เผาแก๊ส
udo-2831,2831,มิกเซอร์หัวเผา HARRIS รุ่น F-43,HARRIS,gas_equipment,READY_GREEN,READY_FULL_SPECS,พร้อมขึ้นขายทันที สเปกวิศวกรรมครบถ้วน 100%,1,1630.0,1630.0,5,0,1,1,อุปกรณ์เชื่อมตัดเผาแก๊ส > เผาแก๊ส
udo-2832,2832,ลวดเชื่อมไฟฟ้า KOBE LB-116 (E11016-G),KOBE,welding_wire,READY_GREEN,READY_FULL_SPECS,พร้อมขึ้นขายทันที สเปกวิศวกรรมครบถ้วน 100%,6,1230.0,10250.0,3,0,1,1,กลุ่มลวดเชื่อม > เชื่อมเหล็ก > เชื่อมไฟฟ้า (MMA)
udo-2833,2833,ลวดเชื่อมอาร์กอนสแตนเลส KOBE TG-S347 (ER347),KOBE,welding_wire,READY_GREEN,READY_FULL_SPECS,พร้อมขึ้นขายทันที สเปกวิศวกรรมครบถ้วน 100%,3,6170.0,6650.0,3,0,2,2,กลุ่มลวดเชื่อม > เชื่อมสแตนเลส > เชื่อมอาร์กอน (TIG)
udo-2834,2834,ลวดเชื่อมไฟฟ้าเหล็กทนความร้อนสูง KOBE CM-A76 (E7016-A1),KOBE,welding_wire,READY_GREEN,READY_FULL_SPECS,พร้อมขึ้นขายทันที สเปกวิศวกรรมครบถ้วน 100%,2,2740.0,9140.0,3,0,2,2,กลุ่มลวดเชื่อม > เชื่อมเหล็ก > เชื่อมไฟฟ้า (MMA)
udo-2835,2835,ลวดเชื่อมอาร์กอนสแตนเลส KOBE TG-S410CB,KOBE,welding_wire,READY_GREEN,READY_FULL_SPECS,พร้อมขึ้นขายทันที สเปกวิศวกรรมครบถ้วน 100%,1,5960.0,5960.0,2,0,2,1,กลุ่มลวดเชื่อม > เชื่อมสแตนเลส > เชื่อมอาร์กอน (TIG)
udo-2836,2836,ลวดเชื่อมไฟฟ้าเหล็กทนอุณหภูมิต่ำ HYUNDAI S-7018.1 (E7018-1),HYUNDAI,welding_wire,READY_GREEN,READY_FULL_SPECS,พร้อมขึ้นขายทันที สเปกวิศวกรรมครบถ้วน 100%,2,980.0,3670.0,3,0,2,1,กลุ่มลวดเชื่อม > เชื่อมเหล็ก > เชื่อมไฟฟ้า (MMA)
udo-2837,2837,ลวดเชื่อมฟลักซ์คอร์ไวร์พอกแข็ง HYUNDAI Supershield CrCW,HYUNDAI,welding_wire,READY_GREEN,READY_FULL_SPECS,พร้อมขึ้นขายทันที สเปกวิศวกรรมครบถ้วน 100%,2,6950.0,6950.0,2,0,1,1,กลุ่มลวดเชื่อม > เชื่อมพอกผิวแข็ง > เชื่อมฟลักซ์คอลล์ (FCW)
udo-2838,2838,นมหนูหัวเผา HARRIS 2290-2H,HARRIS,gas_equipment,READY_GREEN,READY_FULL_SPECS,พร้อมขึ้นขายทันที สเปกวิศวกรรมครบถ้วน 100%,1,1450.0,1450.0,5,0,2,1,อุปกรณ์เชื่อมตัดเผาแก๊ส > เผาแก๊ส
udo-2839,2839,นมหนูหัวเผา HARRIS 2290-3H,HARRIS,gas_equipment,READY_GREEN,READY_FULL_SPECS,พร้อมขึ้นขายทันที สเปกวิศวกรรมครบถ้วน 100%,1,2090.0,2090.0,5,0,2,1,อุปกรณ์เชื่อมตัดเผาแก๊ส > เผาแก๊ส
udo-2840,2840,นมหนูหัวเผา HARRIS 2290-4H,HARRIS,gas_equipment,READY_GREEN,READY_FULL_SPECS,พร้อมขึ้นขายทันที สเปกวิศวกรรมครบถ้วน 100%,1,2670.0,2670.0,5,0,2,1,อุปกรณ์เชื่อมตัดเผาแก๊ส > เผาแก๊ส
udo-2841,2841,นมหนูหัวเผา HARRIS 2290-5H,HARRIS,gas_equipment,READY_GREEN,READY_FULL_SPECS,พร้อมขึ้นขายทันที สเปกวิศวกรรมครบถ้วน 100%,1,3450.0,3450.0,5,0,2,1,อุปกรณ์เชื่อมตัดเผาแก๊ส > เผาแก๊ส
udo-2842,2842,ก้านต่อหัวเผาแก๊ส HARRIS K-43 Tip Tube 2393,HARRIS,gas_equipment,READY_GREEN,READY_FULL_SPECS,พร้อมขึ้นขายทันที สเปกวิศวกรรมครบถ้วน 100%,4,1180.0,2530.0,5,0,1,1,อุปกรณ์เชื่อมตัดเผาแก๊ส > เผาแก๊ส
udo-2843,2843,เกจ์ปรับแรงดันก๊าซคาร์บอนไดร์อ๊อกไซด์ WELDSTAR WSC-58-CO2,WELDSTAR,gas_equipment,READY_GREEN,READY_FULL_SPECS,พร้อมขึ้นขายทันที สเปกวิศวกรรมครบถ้วน 100%,1,600.0,600.0,5,0,1,1,อุปกรณ์เชื่อมตัดเผาแก๊ส > เกจ์ปรับแรงดันแก๊ส > คาร์บอนไดร์อ๊อกไซด์ (CO2)
udo-2844,2844,ชุดตัดแก๊สหัวตรง 180 องศา HARRIS 62-5BF-180 (LPG),HARRIS,gas_equipment,READY_GREEN,READY_FULL_SPECS,พร้อมขึ้นขายทันที สเปกวิศวกรรมครบถ้วน 100%,1,7700.0,7700.0,5,0,2,1,อุปกรณ์เชื่อมตัดเผาแก๊ส > ตัดแก๊ส
udo-2845,2845,ลวดเชื่อมเงิน 2% SELECTARC PHOSBRAZ AG20,SELECTARC,welding_wire,READY_GREEN,READY_FULL_SPECS,พร้อมขึ้นขายทันที สเปกวิศวกรรมครบถ้วน 100%,1,3900.0,3900.0,2,0,1,1,กลุ่มลวดเชื่อม > เชื่อมทองเหลืองทองแดงและเงิน > เชื่อมแก๊ส (Brazing)
udo-2846,2846,ลวดเชื่อมไฟฟ้า BLUEMETAL BLUEARC 16 (E7016),POWERWELD,welding_wire,READY_GREEN,READY_FULL_SPECS,พร้อมขึ้นขายทันที สเปกวิศวกรรมครบถ้วน 100%,3,1360.0,1560.0,3,0,2,1,กลุ่มลวดเชื่อม > เชื่อมเหล็ก > เชื่อมไฟฟ้า (MMA)
udo-2847,2847,นมหนูหัวเผา HARRIS 2290-1H,HARRIS,gas_equipment,READY_GREEN,READY_FULL_SPECS,พร้อมขึ้นขายทันที สเปกวิศวกรรมครบถ้วน 100%,1,1450.0,1450.0,5,0,2,1,อุปกรณ์เชื่อมตัดเผาแก๊ส > เผาแก๊ส
udo-2849,2849,เกจ์ปรับแรงดันไฮเพรสเชอร์ก๊าซอ๊อกซิเย่น HARRIS รุ่น 987S-100-OX,HARRIS,gas_equipment,READY_GREEN,READY_FULL_SPECS,พร้อมขึ้นขายทันที สเปกวิศวกรรมครบถ้วน 100%,1,17900.0,17900.0,5,0,5,1,อุปกรณ์เชื่อมตัดเผาแก๊ส > เกจ์ปรับแรงดันแก๊ส > อ๊อกซิเย่น (O2)
udo-2850,2850,นมหนูหัวเชื่อมแก๊ส HARRIS 23-A-90 (AC),HARRIS,gas_equipment,READY_GREEN,READY_FULL_SPECS,พร้อมขึ้นขายทันที สเปกวิศวกรรมครบถ้วน 100%,7,430.0,670.0,5,0,2,1,อุปกรณ์เชื่อมตัดเผาแก๊ส > เชื่อมแก๊ส
udo-2851,2851,ข้อต่อหัวเผา TIP ADAPTER HARRIS 2357-3,HARRIS,gas_equipment,READY_GREEN,READY_FULL_SPECS,พร้อมขึ้นขายทันที สเปกวิศวกรรมครบถ้วน 100%,1,420.0,420.0,5,0,1,1,อุปกรณ์เชื่อมตัดเผาแก๊ส > เผาแก๊ส
udo-2852,2852,เกจ์ปรับแรงดันไฮเพรสเชอร์ก๊าซอ๊อกซิเย่น HARRIS รุ่น 987AS-170-OX,HARRIS,gas_equipment,READY_GREEN,READY_FULL_SPECS,พร้อมขึ้นขายทันที สเปกวิศวกรรมครบถ้วน 100%,1,17900.0,17900.0,5,0,5,1,อุปกรณ์เชื่อมตัดเผาแก๊ส > เกจ์ปรับแรงดันแก๊ส > อ๊อกซิเย่น (O2)
udo-2853,2853,เกจ์ปรับแรงดันไฮเพรสเชอร์ก๊าซคาร์บอนไดออกไซด์ HARRIS รุ่น 987AS-170-CO2,HARRIS,gas_equipment,READY_GREEN,READY_FULL_SPECS,พร้อมขึ้นขายทันที สเปกวิศวกรรมครบถ้วน 100%,1,17900.0,17900.0,5,0,5,1,อุปกรณ์เชื่อมตัดเผาแก๊ส > เกจ์ปรับแรงดันแก๊ส > คาร์บอนไดร์อ๊อกไซด์ (CO2)
udo-2854,2854,เกจ์ปรับแรงดันไฮเพรสเชอร์ก๊าซคาร์บอนไดออกไซด์ HARRIS รุ่น 987S-100-CO2,HARRIS,gas_equipment,READY_GREEN,READY_FULL_SPECS,พร้อมขึ้นขายทันที สเปกวิศวกรรมครบถ้วน 100%,1,17900.0,17900.0,5,0,5,1,อุปกรณ์เชื่อมตัดเผาแก๊ส > เกจ์ปรับแรงดันแก๊ส > คาร์บอนไดร์อ๊อกไซด์ (CO2)
udo-2855,2855,ชุดเชื่อม-ตัด-เผา HARRIS 43/49-SAC,HARRIS,gas_equipment,READY_GREEN,READY_FULL_SPECS,พร้อมขึ้นขายทันที สเปกวิศวกรรมครบถ้วน 100%,1,18100.0,18100.0,5,0,3,1,อุปกรณ์เชื่อมตัดเผาแก๊ส > เชื่อม-ตัด-เผา
udo-2856,2856,มิกเซอร์ HARRIS E-43,HARRIS,gas_equipment,READY_GREEN,READY_FULL_SPECS,พร้อมขึ้นขายทันที สเปกวิศวกรรมครบถ้วน 100%,1,920.0,920.0,5,0,1,1,อุปกรณ์เชื่อมตัดเผาแก๊ส > เชื่อมแก๊ส
udo-2857,2857,หน้ากากเชื่อม ออโต้ปรับแสงอัตโนมัติ OPTECH SUN9F,OPTECH,consumables,READY_GREEN,READY_FULL_SPECS,พร้อมขึ้นขายทันที สเปกวิศวกรรมครบถ้วน 100%,1,980.0,980.0,4,0,3,0,อะไหล่สิ้นเปลือง เครื่องตัดพลาสม่า เครื่องเชื่อม > อุปกรณ์เซฟตี้
udo-2858,2858,ลวดเชื่อมฟลักซ์คอร์ไวร์ HYUNDAI Supercored 71H (E71T-1C),HYUNDAI,welding_wire,READY_GREEN,READY_FULL_SPECS,พร้อมขึ้นขายทันที สเปกวิศวกรรมครบถ้วน 100%,1,1200.0,1200.0,3,0,1,2,กลุ่มลวดเชื่อม > เชื่อมเหล็ก > เชื่อมฟลักซ์คอลล์ (FCW)
udo-2859,2859,นมหนูหัวเชื่อมแก๊ส HARRIS 1390 (AC),HARRIS,gas_equipment,READY_GREEN,READY_FULL_SPECS,พร้อมขึ้นขายทันที สเปกวิศวกรรมครบถ้วน 100%,6,275.0,360.0,5,0,3,1,อุปกรณ์เชื่อมตัดเผาแก๊ส > เชื่อมแก๊ส
udo-2860,2860,นมหนูหัวเชื่อมแก๊ส HARRIS 1390N (LPG),HARRIS,gas_equipment,READY_GREEN,READY_FULL_SPECS,พร้อมขึ้นขายทันที สเปกวิศวกรรมครบถ้วน 100%,10,190.0,340.0,5,0,2,1,อุปกรณ์เชื่อมตัดเผาแก๊ส > เชื่อมแก๊ส
udo-2861,2861,ลวดเชื่อมมิกสแตนเลสฟลักซ์คอร์ 308L (แบบไม่ใช้แก๊ส) POWERWELD COREMAX SF308LN (ม้วนละ 1 กก.),POWERWELD,welding_wire,READY_GREEN,READY_FULL_SPECS,พร้อมขึ้นขายทันที สเปกวิศวกรรมครบถ้วน 100%,2,860.0,890.0,2,0,1,1,กลุ่มลวดเชื่อม > เชื่อมสแตนเลส > เชื่อมฟลักซ์คอลล์ (FCW)
udo-2862,2862,ลวดเชื่อมมิกสแตนเลสฟลักซ์คอร์ 308L (แบบไม่ใช้แก๊ส) POWERWELD COREMAX SF308LN (ม้วนละ 5 กก.),POWERWELD,welding_wire,READY_GREEN,READY_FULL_SPECS,พร้อมขึ้นขายทันที สเปกวิศวกรรมครบถ้วน 100%,2,3200.0,3450.0,2,0,2,1,กลุ่มลวดเชื่อม > เชื่อมสแตนเลส > เชื่อมฟลักซ์คอลล์ (FCW)
udo-2863,2863,ลวดเชื่อมอลูมิเนียมแก๊สไส้ฟลักซ์ SELECTARC HARASIL NC12 TBW (AlSi12),SELECTARC,welding_wire,READY_GREEN,READY_FULL_SPECS,พร้อมขึ้นขายทันที สเปกวิศวกรรมครบถ้วน 100%,6,48.0,5900.0,2,0,2,1,กลุ่มลวดเชื่อม > เชื่อมอลูมิเนียม > เชื่อมแก๊ส (Brazing)
udo-2864,2864,ลวดเชื่อมอาร์กอนเหล็กทนแรงดึงสูง KOBE TG-S62 (ER80S-G),KOBE,welding_wire,READY_GREEN,READY_FULL_SPECS,พร้อมขึ้นขายทันที สเปกวิศวกรรมครบถ้วน 100%,1,2070.0,2070.0,2,0,1,1,กลุ่มลวดเชื่อม > เชื่อมเหล็ก > เชื่อมอาร์กอน (TIG)
udo-2865,2865,ลวดเชื่อมอาร์กอนสแตนเลส KOBE TG-S410 (ER410),KOBE,welding_wire,READY_GREEN,READY_FULL_SPECS,พร้อมขึ้นขายทันที สเปกวิศวกรรมครบถ้วน 100%,1,3420.0,3420.0,3,0,1,1,กลุ่มลวดเชื่อม > เชื่อมสแตนเลส > เชื่อมอาร์กอน (TIG)
udo-2866,2866,ลวดเชื่อมไฟฟ้าเหล็กทนความร้อนสูง KOBE CM-B98 (E8018-B2),KOBE,welding_wire,READY_GREEN,READY_FULL_SPECS,พร้อมขึ้นขายทันที สเปกวิศวกรรมครบถ้วน 100%,4,2370.0,9230.0,3,0,1,1,กลุ่มลวดเชื่อม > เชื่อมเหล็ก > เชื่อมไฟฟ้า (MMA)
udo-2867,2867,ลวดเชื่อมไฟฟ้าสแตนเลส SELECTARC INOX 29/9 (E312-16),SELECTARC,welding_wire,READY_GREEN,READY_FULL_SPECS,พร้อมขึ้นขายทันที สเปกวิศวกรรมครบถ้วน 100%,6,320.0,5800.0,3,0,2,1,กลุ่มลวดเชื่อม > เชื่อมสแตนเลส > เชื่อมไฟฟ้า (MMA)
udo-2868,2868,ลวดเชื่อมไฟฟ้าเหล็กทนอุณหภูมิต่ำ HYUNDAI S-7018.1H (E7018-1H4R),HYUNDAI,welding_wire,READY_GREEN,READY_FULL_SPECS,พร้อมขึ้นขายทันที สเปกวิศวกรรมครบถ้วน 100%,2,1100.0,4000.0,3,0,3,1,กลุ่มลวดเชื่อม > เชื่อมเหล็ก > เชื่อมไฟฟ้า (MMA)
udo-2869,2869,ลวดเชื่อมฟลักซ์คอร์ไวร์พอกแข็ง HYUNDAI SC-350H,HYUNDAI,welding_wire,READY_GREEN,READY_FULL_SPECS,พร้อมขึ้นขายทันที สเปกวิศวกรรมครบถ้วน 100%,1,4570.0,4570.0,2,0,1,1,กลุ่มลวดเชื่อม > เชื่อมพอกผิวแข็ง > เชื่อมฟลักซ์คอลล์ (FCW)
udo-2870,2870,ลวดเชื่อมไฟฟ้าเหล็กทนความร้อนสูง HYUNDAI S-7016.A1 (E7016-A1),HYUNDAI,welding_wire,READY_GREEN,READY_FULL_SPECS,พร้อมขึ้นขายทันที สเปกวิศวกรรมครบถ้วน 100%,2,980.0,3540.0,3,0,3,1,กลุ่มลวดเชื่อม > เชื่อมเหล็ก > เชื่อมไฟฟ้า (MMA)
udo-2871,2871,ลวดเชื่อมไฟฟ้าพอกแข็ง POWERWELD HARDFACING 350R,POWERWELD,welding_wire,READY_GREEN,READY_FULL_SPECS,พร้อมขึ้นขายทันที สเปกวิศวกรรมครบถ้วน 100%,2,750.0,2700.0,2,0,2,1,กลุ่มลวดเชื่อม > เชื่อมพอกผิวแข็ง > เชื่อมไฟฟ้า (MMA)
udo-2872,2872,ชุดตัดแก๊สหัวตรง 180 องศา CHAMP 62-3BF-180 (LPG),CHAMP,gas_equipment,READY_GREEN,READY_FULL_SPECS,พร้อมขึ้นขายทันที สเปกวิศวกรรมครบถ้วน 100%,1,2180.0,2180.0,5,0,2,0,อุปกรณ์เชื่อมตัดเผาแก๊ส > ตัดแก๊ส
udo-2873,2873,หัวเชื่อมแก๊ส CHAMP รุ่น 19-6H (LPG),CHAMP,gas_equipment,READY_GREEN,READY_FULL_SPECS,พร้อมขึ้นขายทันที สเปกวิศวกรรมครบถ้วน 100%,2,1090.0,1340.0,5,0,7,0,อุปกรณ์เชื่อมตัดเผาแก๊ส > เชื่อมแก๊ส
udo-2874,2874,ลวดเชื่อมไฟฟ้าสแตนเลส SELECTARC INOX 253MA-AC,SELECTARC,welding_wire,READY_GREEN,READY_FULL_SPECS,พร้อมขึ้นขายทันที สเปกวิศวกรรมครบถ้วน 100%,2,6500.0,7000.0,2,0,2,1,กลุ่มลวดเชื่อม > เชื่อมสแตนเลส > เชื่อมไฟฟ้า (MMA)
udo-2875,2875,ลวดเชื่อมไฟฟ้าพอกแข็ง POWERWELD ARC 9,POWERWELD,welding_wire,READY_GREEN,READY_FULL_SPECS,พร้อมขึ้นขายทันที สเปกวิศวกรรมครบถ้วน 100%,2,1800.0,1800.0,2,0,1,1,กลุ่มลวดเชื่อม > เชื่อมพอกผิวแข็ง > เชื่อมไฟฟ้า (MMA)
udo-2876,2876,ลวดเชื่อมไฟฟ้าแมงกานีส POWERWELD Mn-Ni,POWERWELD,welding_wire,READY_GREEN,READY_FULL_SPECS,พร้อมขึ้นขายทันที สเปกวิศวกรรมครบถ้วน 100%,2,1600.0,1600.0,2,0,1,1,กลุ่มลวดเชื่อม > เชื่อมพอกผิวแข็ง > เชื่อมไฟฟ้า (MMA)
udo-2877,2877,ลวดเชื่อมอาร์กอนแม่พิมพ์ TIG NICHIA NTX-50R,NICHIA,welding_wire,READY_GREEN,READY_FULL_SPECS,พร้อมขึ้นขายทันที สเปกวิศวกรรมครบถ้วน 100%,4,620.0,750.0,2,0,2,1,กลุ่มลวดเชื่อม > เชื่อมวัสดุเกรดพิเศษ > เชื่อมแม่พิมพ์
udo-2878,2878,ลวดเชื่อมมิกสแตนเลส POWERWELD MC-310M (ER310),POWERWELD,welding_wire,READY_GREEN,READY_FULL_SPECS,พร้อมขึ้นขายทันที สเปกวิศวกรรมครบถ้วน 100%,1,15000.0,15000.0,3,0,2,1,กลุ่มลวดเชื่อม > เชื่อมสแตนเลส > เชื่อมซีโอทู (MIG)
udo-2879,2879,ลวดเชื่อมฟลักซ์คอร์ไวร์ HYUNDAI SC-91B3 (E91T1-B3C),HYUNDAI,welding_wire,READY_GREEN,READY_FULL_SPECS,พร้อมขึ้นขายทันที สเปกวิศวกรรมครบถ้วน 100%,1,6140.0,6140.0,3,0,2,1,กลุ่มลวดเชื่อม > เชื่อมเหล็ก > เชื่อมฟลักซ์คอลล์ (FCW)
udo-2880,2880,ลวดเชื่อมฟลักซ์คอร์ไวร์ HYUNDAI SC-81B2 (E81T1-B2C),HYUNDAI,welding_wire,READY_GREEN,READY_FULL_SPECS,พร้อมขึ้นขายทันที สเปกวิศวกรรมครบถ้วน 100%,1,5880.0,5880.0,3,0,1,1,กลุ่มลวดเชื่อม > เชื่อมเหล็ก > เชื่อมฟลักซ์คอลล์ (FCW)
udo-2881,2881,ลวดเชื่อมไฟฟ้า INCONEL HYUNDAI SR-182 (ENiCrFe-3),HYUNDAI,welding_wire,READY_GREEN,READY_FULL_SPECS,พร้อมขึ้นขายทันที สเปกวิศวกรรมครบถ้วน 100%,1,5250.0,5250.0,3,0,2,1,กลุ่มลวดเชื่อม > เชื่อมวัสดุเกรดพิเศษ > เชื่อมไฟฟ้า (MMA)
udo-2882,2882,สเปรย์พ่นเคลือบกัลวาไนซ์ NABAKEM ZINCOT N-50,NABAKEM,chemicals,READY_GREEN,READY_FULL_SPECS,พร้อมขึ้นขายทันที สเปกวิศวกรรมครบถ้วน 100%,2,380.0,5300.0,5,0,2,0,วัสดุอุปกรณ์เคมีภัณฑ์สำหรับงานเชื่อม > น้ำยาทำความสะอาดและเคลือบผิว
udo-2883,2883,ใบตัด 14 นิ้ว สีเขียว NKK ตัดเหล็กและสแตนเลส (AWA36P),NKK,abrasives,READY_GREEN,READY_FULL_SPECS,พร้อมขึ้นขายทันที สเปกวิศวกรรมครบถ้วน 100%,2,65.0,1200.0,5,0,1,1,"ใบตัดใบเจียร > ใบตัด > เหล็ก, สแตนเลส"
udo-2884,2884,ใบตัด 16 นิ้ว สีเขียว NKK ตัดเหล็กและสแตนเลส (AWA36P),NKK,abrasives,READY_GREEN,READY_FULL_SPECS,พร้อมขึ้นขายทันที สเปกวิศวกรรมครบถ้วน 100%,2,110.0,2600.0,5,0,1,1,"ใบตัดใบเจียร > ใบตัด > เหล็ก, สแตนเลส"
udo-2885,2885,ลวดเชื่อมมิกทองเหลือง NICHIA NCS-M (ERCuSi-A),NICHIA,welding_wire,READY_GREEN,READY_FULL_SPECS,พร้อมขึ้นขายทันที สเปกวิศวกรรมครบถ้วน 100%,2,15290.0,17000.0,2,0,2,1,กลุ่มลวดเชื่อม > เชื่อมทองเหลืองทองแดงและเงิน > เชื่อมซีโอทู (MIG)
udo-2886,2886,ลวดเชื่อมอาร์กอนแม่พิมพ์ TIG NICHIA BK-660R,NICHIA,welding_wire,READY_GREEN,READY_FULL_SPECS,พร้อมขึ้นขายทันที สเปกวิศวกรรมครบถ้วน 100%,4,4500.0,5300.0,2,0,1,1,กลุ่มลวดเชื่อม > เชื่อมวัสดุเกรดพิเศษ > เชื่อมแม่พิมพ์
udo-2887,2887,ลวดเชื่อมทองเหลืองไฟฟ้า SELECTARC Cu 114 (ECuSn-A),SELECTARC,welding_wire,READY_GREEN,READY_FULL_SPECS,พร้อมขึ้นขายทันที สเปกวิศวกรรมครบถ้วน 100%,1,6500.0,6500.0,2,0,2,1,กลุ่มลวดเชื่อม > เชื่อมทองเหลืองทองแดงและเงิน > เชื่อมไฟฟ้า (MMA)
udo-2888,2888,ลวดเชื่อมมิกเหล็กหล่อ POWERWELD MC-Ni55M,POWERWELD,welding_wire,READY_GREEN,READY_FULL_SPECS,พร้อมขึ้นขายทันที สเปกวิศวกรรมครบถ้วน 100%,1,24000.0,24000.0,2,0,2,1,กลุ่มลวดเชื่อม > เชื่อมเหล็กหล่อ > เชื่อมซีโอทู (MIG)
udo-2889,2889,ลวดเชื่อมฟลักซ์คอลล์ไวร์ HYUNDAI SUPERCORED 81-K2 (E81T1-K2C),HYUNDAI,welding_wire,READY_GREEN,READY_FULL_SPECS,พร้อมขึ้นขายทันที สเปกวิศวกรรมครบถ้วน 100%,1,3700.0,3700.0,3,0,2,1,กลุ่มลวดเชื่อม > เชื่อมเหล็ก > เชื่อมฟลักซ์คอลล์ (FCW)
udo-2890,2890,ลวดเชื่อมไฟฟ้าเหล็กทนแรงดึงสูง HYUNDAI S-8018.G (E8018-G),HYUNDAI,welding_wire,READY_GREEN,READY_FULL_SPECS,พร้อมขึ้นขายทันที สเปกวิศวกรรมครบถ้วน 100%,1,1100.0,1100.0,3,0,2,1,กลุ่มลวดเชื่อม > เชื่อมเหล็ก > เชื่อมไฟฟ้า (MMA)
udo-2891,2891,ลวดเชื่อมอลูมิเนียมไฟฟ้า POWERWELD AlSi12 (E4047),POWERWELD,welding_wire,READY_GREEN,READY_FULL_SPECS,พร้อมขึ้นขายทันที สเปกวิศวกรรมครบถ้วน 100%,2,800.0,850.0,3,0,1,2,กลุ่มลวดเชื่อม > เชื่อมอลูมิเนียม > เชื่อมไฟฟ้า (MMA)
udo-2892,2892,ลวดเชื่อมอาร์กอนเหล็ก KOBE TG-SM (ER80S-G),KOBE,welding_wire,READY_GREEN,READY_FULL_SPECS,พร้อมขึ้นขายทันที สเปกวิศวกรรมครบถ้วน 100%,1,1650.0,1650.0,2,0,2,1,กลุ่มลวดเชื่อม > เชื่อมเหล็ก > เชื่อมอาร์กอน (TIG)
udo-2893,2893,ลวดเชื่อมฟลักซ์คอร์ไวร์พอกแข็ง HYUNDAI SC-700H,HYUNDAI,welding_wire,READY_GREEN,READY_FULL_SPECS,พร้อมขึ้นขายทันที สเปกวิศวกรรมครบถ้วน 100%,1,5900.0,5900.0,2,0,1,1,กลุ่มลวดเชื่อม > เชื่อมพอกผิวแข็ง > เชื่อมฟลักซ์คอลล์ (FCW)
udo-2894,2894,ลวดเชื่อมอาร์กอนสแตนเลส HYUNDAI ST-309MoL (ER309LMo),HYUNDAI,welding_wire,READY_GREEN,READY_FULL_SPECS,พร้อมขึ้นขายทันที สเปกวิศวกรรมครบถ้วน 100%,1,5700.0,5700.0,3,0,1,1,กลุ่มลวดเชื่อม > เชื่อมสแตนเลส > เชื่อมอาร์กอน (TIG)
udo-2895,2895,ลวดเชื่อมฟลักซ์คอลล์ไวร์ HYUNDAI SC-81Ni2 (E81T1-Ni2C),HYUNDAI,welding_wire,READY_GREEN,READY_FULL_SPECS,พร้อมขึ้นขายทันที สเปกวิศวกรรมครบถ้วน 100%,1,5400.0,5400.0,3,0,1,1,กลุ่มลวดเชื่อม > เชื่อมเหล็ก > เชื่อมฟลักซ์คอลล์ (FCW)
udo-2896,2896,ลวดเชื่อมฟลักซ์คอร์ไวร์ HYUNDAI SC-91B9 (E91T1-B9C),HYUNDAI,welding_wire,READY_GREEN,READY_FULL_SPECS,พร้อมขึ้นขายทันที สเปกวิศวกรรมครบถ้วน 100%,1,7500.0,7500.0,3,0,1,2,กลุ่มลวดเชื่อม > เชื่อมเหล็ก > เชื่อมฟลักซ์คอลล์ (FCW)
udo-2897,2897,ลวดเชื่อมไฟฟ้าสแตนเลส KOBE NC-37 (E347-16),KOBE,welding_wire,READY_GREEN,READY_FULL_SPECS,พร้อมขึ้นขายทันที สเปกวิศวกรรมครบถ้วน 100%,4,2370.0,22900.0,3,0,2,1,กลุ่มลวดเชื่อม > เชื่อมสแตนเลส > เชื่อมไฟฟ้า (MMA)
udo-2898,2898,ลวดเชื่อมอาร์กอนนิกเกิ้ล HYUNDAI ST-60 (ERNi-1),HYUNDAI,welding_wire,READY_GREEN,READY_FULL_SPECS,พร้อมขึ้นขายทันที สเปกวิศวกรรมครบถ้วน 100%,1,18500.0,18500.0,2,0,1,1,กลุ่มลวดเชื่อม > เชื่อมวัสดุเกรดพิเศษ > เชื่อมอาร์กอน (TIG)
udo-2899,2899,ลวดเชื่อมอาร์กอน Hastalloy C-22 HYUNDAI SMT-22 (ERNiCrMo-10),HYUNDAI,welding_wire,READY_GREEN,READY_FULL_SPECS,พร้อมขึ้นขายทันที สเปกวิศวกรรมครบถ้วน 100%,1,21000.0,21000.0,2,0,1,1,กลุ่มลวดเชื่อม > เชื่อมวัสดุเกรดพิเศษ > เชื่อมอาร์กอน (TIG)
udo-2900,2900,"Adapter ข้อต่อแปลงต่อสายชาร์จน้ำยา 1/4"" สำหรับเกจ์ไนโตรเจน",CHAMP,gas_equipment,READY_GREEN,READY_FULL_SPECS,พร้อมขึ้นขายทันที สเปกวิศวกรรมครบถ้วน 100%,1,120.0,120.0,5,0,2,0,อุปกรณ์เชื่อมตัดเผาแก๊ส > อุปกรณ์เสริม
udo-2901,2901,หัวเชื่อมแก๊สแบบ 2 หัว GASWORK รุ่น WSS-195 Twin Tip (LPG),GASWORK,gas_equipment,READY_GREEN,READY_FULL_SPECS,พร้อมขึ้นขายทันที สเปกวิศวกรรมครบถ้วน 100%,1,2500.0,2500.0,5,0,2,0,อุปกรณ์เชื่อมตัดเผาแก๊ส > เชื่อมแก๊ส
udo-2902,2902,ด้ามจับหัวเชื่อม GASWORK รุ่น 43-2ST (AC/LPG),GASWORK,gas_equipment,READY_GREEN,READY_FULL_SPECS,พร้อมขึ้นขายทันที สเปกวิศวกรรมครบถ้วน 100%,1,2990.0,2990.0,5,0,4,1,อุปกรณ์เชื่อมตัดเผาแก๊ส > เชื่อมแก๊ส
udo-2903,2903,ด้ามจับหัวเชื่อม HARRIS รุ่น 43-2 (AC/LPG),HARRIS,gas_equipment,READY_GREEN,READY_FULL_SPECS,พร้อมขึ้นขายทันที สเปกวิศวกรรมครบถ้วน 100%,1,4550.0,4550.0,5,0,1,4,อุปกรณ์เชื่อมตัดเผาแก๊ส > เชื่อมแก๊ส
udo-2904,2904,ด้ามจับหัวเผา GASWORK รุ่น 43-2ST (AC/LPG),GASWORK,gas_equipment,READY_GREEN,READY_FULL_SPECS,พร้อมขึ้นขายทันที สเปกวิศวกรรมครบถ้วน 100%,1,2990.0,2990.0,5,0,4,0,อุปกรณ์เชื่อมตัดเผาแก๊ส > เผาแก๊ส
udo-2905,2905,มิกเซอร์ GASWORK E-43,GASWORK,gas_equipment,READY_GREEN,READY_FULL_SPECS,พร้อมขึ้นขายทันที สเปกวิศวกรรมครบถ้วน 100%,1,690.0,690.0,5,0,1,0,อุปกรณ์เชื่อมตัดเผาแก๊ส > เชื่อมแก๊ส
udo-2906,2906,มิกเซอร์ GASWORK E2-43,GASWORK,gas_equipment,READY_GREEN,READY_FULL_SPECS,พร้อมขึ้นขายทันที สเปกวิศวกรรมครบถ้วน 100%,1,1070.0,1070.0,5,0,2,0,อุปกรณ์เชื่อมตัดเผาแก๊ส > เชื่อมแก๊ส
udo-2907,2907,มิกเซอร์ GASWORK E-43B,GASWORK,gas_equipment,READY_GREEN,READY_FULL_SPECS,พร้อมขึ้นขายทันที สเปกวิศวกรรมครบถ้วน 100%,1,1310.0,1310.0,5,0,2,0,อุปกรณ์เชื่อมตัดเผาแก๊ส > เผาแก๊ส
udo-2908,2908,ชุดหัวเผา AC GASWORK รุ่น HE-600 พร้อมหัวเผาเบอร์ 4,GASWORK,gas_equipment,READY_GREEN,READY_FULL_SPECS,พร้อมขึ้นขายทันที สเปกวิศวกรรมครบถ้วน 100%,1,7000.0,7000.0,5,0,4,1,อุปกรณ์เชื่อมตัดเผาแก๊ส > เผาแก๊ส
udo-2909,2909,นมหนูหัวเชื่อมแก๊ส GASWORK 23-A-90 (AC),GASWORK,gas_equipment,READY_GREEN,READY_FULL_SPECS,พร้อมขึ้นขายทันที สเปกวิศวกรรมครบถ้วน 100%,13,285.0,1110.0,5,0,14,1,อุปกรณ์เชื่อมตัดเผาแก๊ส > เชื่อมแก๊ส
udo-2910,2910,นมหนูหัวเชื่อมแก๊ส GASWORK 1390N (LPG),GASWORK,gas_equipment,READY_GREEN,READY_FULL_SPECS,พร้อมขึ้นขายทันที สเปกวิศวกรรมครบถ้วน 100%,12,130.0,135.0,5,0,3,0,อุปกรณ์เชื่อมตัดเผาแก๊ส > เชื่อมแก๊ส
udo-2911,2911,นมหนูหัวเชื่อมแก๊ส GASWORK 1390 (AC),GASWORK,gas_equipment,READY_GREEN,READY_FULL_SPECS,พร้อมขึ้นขายทันที สเปกวิศวกรรมครบถ้วน 100%,12,130.0,135.0,5,0,3,0,อุปกรณ์เชื่อมตัดเผาแก๊ส > เชื่อมแก๊ส
udo-2912,2912,นมหนูหัวเชื่อมแก๊ส GASWORK 5090 (AC),GASWORK,gas_equipment,READY_GREEN,READY_FULL_SPECS,พร้อมขึ้นขายทันที สเปกวิศวกรรมครบถ้วน 100%,6,250.0,315.0,5,0,8,0,อุปกรณ์เชื่อมตัดเผาแก๊ส > เชื่อมแก๊ส
udo-2913,2913,ด้ามจับหัวเชื่อม GASWORK รุ่น 19-6 (AC/LPG),GASWORK,gas_equipment,READY_GREEN,READY_FULL_SPECS,พร้อมขึ้นขายทันที สเปกวิศวกรรมครบถ้วน 100%,1,2040.0,2040.0,5,0,1,1,อุปกรณ์เชื่อมตัดเผาแก๊ส > เชื่อมแก๊ส
udo-2914,2914,นมหนูหัวเผา GASWORK รุ่น J-63 (AC) เบอร์ 1,GASWORK,gas_equipment,READY_GREEN,READY_FULL_SPECS,พร้อมขึ้นขายทันที สเปกวิศวกรรมครบถ้วน 100%,1,1450.0,1450.0,5,0,6,1,อุปกรณ์เชื่อมตัดเผาแก๊ส > เผาแก๊ส
udo-2915,2915,มิกเซอร์ GASWORK H-19-2S,GASWORK,gas_equipment,READY_GREEN,READY_FULL_SPECS,พร้อมขึ้นขายทันที สเปกวิศวกรรมครบถ้วน 100%,1,650.0,650.0,5,0,1,0,อุปกรณ์เชื่อมตัดเผาแก๊ส > เชื่อมแก๊ส
udo-2916,2916,มิกเซอร์ GASWORK H-19-2E,GASWORK,gas_equipment,READY_GREEN,READY_FULL_SPECS,พร้อมขึ้นขายทันที สเปกวิศวกรรมครบถ้วน 100%,1,650.0,650.0,5,0,1,0,อุปกรณ์เชื่อมตัดเผาแก๊ส > เชื่อมแก๊ส
udo-2917,2917,หัวเชื่อมแก๊ส GASWORK 43-2N (LPG) 1390N,GASWORK,gas_equipment,READY_GREEN,READY_FULL_SPECS,พร้อมขึ้นขายทันที สเปกวิศวกรรมครบถ้วน 100%,1,4550.0,4550.0,5,0,5,1,อุปกรณ์เชื่อมตัดเผาแก๊ส > เชื่อมแก๊ส
udo-2918,2918,หัวเชื่อมแก๊ส GASWORK 43-2W (LPG) WMP,GASWORK,gas_equipment,READY_GREEN,READY_FULL_SPECS,พร้อมขึ้นขายทันที สเปกวิศวกรรมครบถ้วน 100%,1,4790.0,4790.0,5,0,5,1,อุปกรณ์เชื่อมตัดเผาแก๊ส > เชื่อมแก๊ส
udo-2919,2919,หัวเชื่อมแก๊ส GASWORK 43-2 (AC) 1390,GASWORK,gas_equipment,READY_GREEN,READY_FULL_SPECS,พร้อมขึ้นขายทันที สเปกวิศวกรรมครบถ้วน 100%,1,4550.0,4550.0,5,0,5,1,อุปกรณ์เชื่อมตัดเผาแก๊ส > เชื่อมแก๊ส
udo-2920,2920,หัวเชื่อมแก๊ส GASWORK 43-2A (AC) 23-A-90,GASWORK,gas_equipment,READY_GREEN,READY_FULL_SPECS,พร้อมขึ้นขายทันที สเปกวิศวกรรมครบถ้วน 100%,1,4650.0,4650.0,5,0,4,1,อุปกรณ์เชื่อมตัดเผาแก๊ส > เชื่อมแก๊ส
udo-2921,2921,หัวเชื่อมแก๊ส GASWORK 19-6N (LPG) 1390N,GASWORK,gas_equipment,READY_GREEN,READY_FULL_SPECS,พร้อมขึ้นขายทันที สเปกวิศวกรรมครบถ้วน 100%,1,2990.0,2990.0,5,0,5,1,อุปกรณ์เชื่อมตัดเผาแก๊ส > เชื่อมแก๊ส
udo-2922,2922,หัวเชื่อมแก๊ส GASWORK 19-6 (AC) 1390,GASWORK,gas_equipment,READY_GREEN,READY_FULL_SPECS,พร้อมขึ้นขายทันที สเปกวิศวกรรมครบถ้วน 100%,1,2990.0,2990.0,5,0,5,1,อุปกรณ์เชื่อมตัดเผาแก๊ส > เชื่อมแก๊ส
udo-2923,2923,หัวเชื่อมแก๊ส GASWORK 19-6A (AC) 5090,GASWORK,gas_equipment,READY_GREEN,READY_FULL_SPECS,พร้อมขึ้นขายทันที สเปกวิศวกรรมครบถ้วน 100%,1,3050.0,3050.0,5,0,6,1,อุปกรณ์เชื่อมตัดเผาแก๊ส > เชื่อมแก๊ส
udo-2924,2924,ก้านต่อหัวเชื่อม TIP TUBE GASWORK A88,GASWORK,gas_equipment,READY_GREEN,READY_FULL_SPECS,พร้อมขึ้นขายทันที สเปกวิศวกรรมครบถ้วน 100%,1,590.0,590.0,5,0,2,0,อุปกรณ์เชื่อมตัดเผาแก๊ส > เชื่อมแก๊ส
udo-2925,2925,ก้านต่อหัวเชื่อม TIP TUBE GASWORK รุ่น 8593,GASWORK,gas_equipment,READY_GREEN,READY_FULL_SPECS,พร้อมขึ้นขายทันที สเปกวิศวกรรมครบถ้วน 100%,1,590.0,590.0,5,0,1,0,อุปกรณ์เชื่อมตัดเผาแก๊ส > เชื่อมแก๊ส
udo-2926,2926,ก้านต่อหัวเชื่อม TIP TUBE GASWORK รุ่น D-50-C,GASWORK,gas_equipment,READY_GREEN,READY_FULL_SPECS,พร้อมขึ้นขายทันที สเปกวิศวกรรมครบถ้วน 100%,1,510.0,510.0,5,0,1,0,อุปกรณ์เชื่อมตัดเผาแก๊ส > เชื่อมแก๊ส
udo-2927,2927,อุปกรณ์ประหยัดแก๊ส (Gas Saver) GASWORK รุ่น GS-150-P สำหรับแก๊ส LPG,GASWORK,gas_equipment,READY_GREEN,READY_FULL_SPECS,พร้อมขึ้นขายทันที สเปกวิศวกรรมครบถ้วน 100%,1,3400.0,3400.0,5,0,3,1,อุปกรณ์เชื่อมตัดเผาแก๊ส > อุปกรณ์เสริม
udo-2928,2928,อุปกรณ์ประหยัดแก๊ส (Gas Saver) GASWORK รุ่น GS-150-A สำหรับแก๊ส AC,GASWORK,gas_equipment,READY_GREEN,READY_FULL_SPECS,พร้อมขึ้นขายทันที สเปกวิศวกรรมครบถ้วน 100%,1,3400.0,3400.0,5,0,3,1,อุปกรณ์เชื่อมตัดเผาแก๊ส > อุปกรณ์เสริม
udo-2929,2929,ชุดหัวเผา AC GASWORK รุ่น HE-600 พร้อมหัวเผาเบอร์ 3,GASWORK,gas_equipment,READY_GREEN,READY_FULL_SPECS,พร้อมขึ้นขายทันที สเปกวิศวกรรมครบถ้วน 100%,1,6100.0,6100.0,5,0,4,1,อุปกรณ์เชื่อมตัดเผาแก๊ส > เผาแก๊ส
udo-2930,2930,ชุดหัวเผา AC GASWORK รุ่น HE-600 พร้อมหัวเผาเบอร์ 5,GASWORK,gas_equipment,READY_GREEN,READY_FULL_SPECS,พร้อมขึ้นขายทันที สเปกวิศวกรรมครบถ้วน 100%,1,7200.0,7200.0,5,0,5,1,อุปกรณ์เชื่อมตัดเผาแก๊ส > เผาแก๊ส
udo-2931,2931,นมหนูหัวเผา GASWORK รุ่น J-63 (AC) เบอร์ 2,GASWORK,gas_equipment,READY_GREEN,READY_FULL_SPECS,พร้อมขึ้นขายทันที สเปกวิศวกรรมครบถ้วน 100%,1,1600.0,1600.0,5,0,5,1,อุปกรณ์เชื่อมตัดเผาแก๊ส > เผาแก๊ส
udo-2932,2932,นมหนูหัวเผา GASWORK รุ่น J-63 (AC) เบอร์ 3,GASWORK,gas_equipment,READY_GREEN,READY_FULL_SPECS,พร้อมขึ้นขายทันที สเปกวิศวกรรมครบถ้วน 100%,1,2100.0,2100.0,5,0,5,1,อุปกรณ์เชื่อมตัดเผาแก๊ส > เผาแก๊ส
udo-2933,2933,นมหนูหัวเผา GASWORK รุ่น J-63 (AC) เบอร์ 4,GASWORK,gas_equipment,READY_GREEN,READY_FULL_SPECS,พร้อมขึ้นขายทันที สเปกวิศวกรรมครบถ้วน 100%,1,2900.0,2900.0,5,0,6,1,อุปกรณ์เชื่อมตัดเผาแก๊ส > เผาแก๊ส
udo-2934,2934,นมหนูหัวเผา GASWORK รุ่น J-63 (AC) เบอร์ 5,GASWORK,gas_equipment,READY_GREEN,READY_FULL_SPECS,พร้อมขึ้นขายทันที สเปกวิศวกรรมครบถ้วน 100%,1,3600.0,3600.0,5,0,4,1,อุปกรณ์เชื่อมตัดเผาแก๊ส > เผาแก๊ส
udo-2935,2935,ชุดหัวเผา AC GASWORK รุ่น HE-600 พร้อมหัวเผาเบอร์ 1,GASWORK,gas_equipment,READY_GREEN,READY_FULL_SPECS,พร้อมขึ้นขายทันที สเปกวิศวกรรมครบถ้วน 100%,1,5300.0,5300.0,5,0,4,1,อุปกรณ์เชื่อมตัดเผาแก๊ส > เผาแก๊ส
udo-2936,2936,ชุดหัวเผา AC GASWORK รุ่น HE-600 พร้อมหัวเผาเบอร์ 2,GASWORK,gas_equipment,READY_GREEN,READY_FULL_SPECS,พร้อมขึ้นขายทันที สเปกวิศวกรรมครบถ้วน 100%,1,5400.0,5400.0,5,0,4,1,อุปกรณ์เชื่อมตัดเผาแก๊ส > เผาแก๊ส
udo-2937,2937,ลวดเชื่อมไฟฟ้าพอกแข็ง KOBE HF-800K,KOBE,welding_wire,READY_GREEN,READY_FULL_SPECS,พร้อมขึ้นขายทันที สเปกวิศวกรรมครบถ้วน 100%,2,8610.0,9600.0,2,0,2,1,กลุ่มลวดเชื่อม > เชื่อมพอกผิวแข็ง > เชื่อมไฟฟ้า (MMA)
udo-2938,2938,ลวดเชื่อมไฟฟ้าเหล็กทนอุณหภูมิต่ำ KOBE LB-52NS (E7016-G),KOBE,welding_wire,READY_GREEN,READY_FULL_SPECS,พร้อมขึ้นขายทันที สเปกวิศวกรรมครบถ้วน 100%,3,3000.0,3650.0,3,0,1,1,กลุ่มลวดเชื่อม > เชื่อมเหล็ก > เชื่อมไฟฟ้า (MMA)
udo-2939,2939,ถ้วยเซรามิกด้ามเชื่อม WP-17 WP-18 WP-26 GAS LENS XL ALUMINA NOZZLE,CHAMP,consumables,READY_GREEN,READY_FULL_SPECS,พร้อมขึ้นขายทันที สเปกวิศวกรรมครบถ้วน 100%,3,100.0,100.0,4,0,1,1,อะไหล่สิ้นเปลือง เครื่องตัดพลาสม่า เครื่องเชื่อม > อะไหล่หัวเชื่อมอาร์กอน (TIG) > ถ้วยเซรามิค (Alumina Nozzle)
udo-2940,2940,สลิปนอก COLLET BODY GAS LENS XL ด้ามเชื่อม WP-17 WP-18 WP-26,CHAMP,consumables,READY_GREEN,READY_FULL_SPECS,พร้อมขึ้นขายทันที สเปกวิศวกรรมครบถ้วน 100%,2,200.0,200.0,4,0,3,1,อะไหล่สิ้นเปลือง เครื่องตัดพลาสม่า เครื่องเชื่อม > อะไหล่หัวเชื่อมอาร์กอน (TIG) > สลิปนอก (Collet Body)
udo-2941,2941,อินซูเรเตอร์ WP-17 WP-18 WP-26 GAS LENS XL INSULATOR,CHAMP,consumables,READY_GREEN,READY_FULL_SPECS,พร้อมขึ้นขายทันที สเปกวิศวกรรมครบถ้วน 100%,1,140.0,140.0,4,0,1,1,อะไหล่สิ้นเปลือง เครื่องตัดพลาสม่า เครื่องเชื่อม > อะไหล่หัวเชื่อมอาร์กอน (TIG) > อะไหล่อื่นๆ (Accessories)
udo-2942,2942,ถ้วยเซรามิกด้ามเชื่อม WP-17 WP-18 WP-26 GAS LENS ALUMINA NOZZLE,CHAMP,consumables,READY_GREEN,READY_FULL_SPECS,พร้อมขึ้นขายทันที สเปกวิศวกรรมครบถ้วน 100%,5,90.0,90.0,4,0,2,1,อะไหล่สิ้นเปลือง เครื่องตัดพลาสม่า เครื่องเชื่อม > อะไหล่หัวเชื่อมอาร์กอน (TIG) > ถ้วยเซรามิค (Alumina Nozzle)
udo-2943,2943,สลิปนอก COLLET BODY GAS LENS ด้ามเชื่อม WP-17 WP-18 WP-26,CHAMP,consumables,READY_GREEN,READY_FULL_SPECS,พร้อมขึ้นขายทันที สเปกวิศวกรรมครบถ้วน 100%,3,100.0,100.0,4,0,1,1,อะไหล่สิ้นเปลือง เครื่องตัดพลาสม่า เครื่องเชื่อม > อะไหล่หัวเชื่อมอาร์กอน (TIG) > สลิปนอก (Collet Body)
udo-2944,2944,อินซูเรเตอร์ WP-17 WP-18 WP-26 GAS LENS INSULATOR,CHAMP,consumables,READY_GREEN,READY_FULL_SPECS,พร้อมขึ้นขายทันที สเปกวิศวกรรมครบถ้วน 100%,1,120.0,120.0,4,0,1,1,อะไหล่สิ้นเปลือง เครื่องตัดพลาสม่า เครื่องเชื่อม > อะไหล่หัวเชื่อมอาร์กอน (TIG) > อะไหล่อื่นๆ (Accessories)
udo-2945,2945,ชุดตัด HARRIS 62-5BFL (LPG) หัวตรง 180 องศา ยาว 1000 มม.,HARRIS,gas_equipment,READY_GREEN,READY_FULL_SPECS,พร้อมขึ้นขายทันที สเปกวิศวกรรมครบถ้วน 100%,1,13490.0,13490.0,5,0,1,1,อุปกรณ์เชื่อมตัดเผาแก๊ส > ตัดแก๊ส
udo-2946,2946,วาล์วกันไฟย้อนกลับ HARRIS รุ่น 188SHTL สำหรับด้ามแก๊ส,HARRIS,gas_equipment,READY_GREEN,READY_FULL_SPECS,พร้อมขึ้นขายทันที สเปกวิศวกรรมครบถ้วน 100%,1,1150.0,1150.0,5,0,1,0,อุปกรณ์เชื่อมตัดเผาแก๊ส > วาล์วกันย้อน (Flashback Arrestor)
udo-2947,2947,วาล์วกันไฟย้อนกลับ HARRIS รุ่น 188SHTR สำหรับด้ามอ๊อกซิเย่น,HARRIS,gas_equipment,READY_GREEN,READY_FULL_SPECS,พร้อมขึ้นขายทันที สเปกวิศวกรรมครบถ้วน 100%,1,1150.0,1150.0,5,0,1,0,อุปกรณ์เชื่อมตัดเผาแก๊ส > วาล์วกันย้อน (Flashback Arrestor)
udo-2948,2948,ลวดเชื่อมมิก CO2 YAWATA YM-70S,YAWATA,welding_wire,READY_GREEN,READY_FULL_SPECS,พร้อมขึ้นขายทันที สเปกวิศวกรรมครบถ้วน 100%,3,790.0,810.0,2,0,1,1,กลุ่มลวดเชื่อม > เชื่อมเหล็ก > เชื่อมซีโอทู (MIG)
udo-2949,2949,ลวดเชื่อมฟลักซ์คอร์ไวร์ YAWATA 71T1 (E71T-1),YAWATA,welding_wire,WARNING_YELLOW,WARNING_NO_SPECS_TABLE,พร้อมขายปกติ แนะนำให้แอดมินเติมตารางสเปกเคมีใน Admin,3,770.0,830.0,3,0,1,0,กลุ่มลวดเชื่อม > เชื่อมเหล็ก > เชื่อมฟลักซ์คอลล์ (FCW)
udo-2950,2950,ลวดเชื่อมอาร์กอนสแตนเลสไส้ฟลักซ์ KOBE TG-X308L (R308LT1-5),KOBE,welding_wire,READY_GREEN,READY_FULL_SPECS,พร้อมขึ้นขายทันที สเปกวิศวกรรมครบถ้วน 100%,2,4800.0,21500.0,2,0,1,1,กลุ่มลวดเชื่อม > เชื่อมสแตนเลส > เชื่อมอาร์กอน (TIG)
udo-2951,2951,คีมจับสายดิน CHAMP 300A (American Type),CHAMP,consumables,READY_GREEN,READY_FULL_SPECS,พร้อมขึ้นขายทันที สเปกวิศวกรรมครบถ้วน 100%,2,100.0,1020.0,4,0,1,0,อะไหล่สิ้นเปลือง เครื่องตัดพลาสม่า เครื่องเชื่อม > อุปกรณ์และอะไหล่อื่นๆ
udo-2952,2952,คีมจับสายดิน CHAMP 500A (American Type),CHAMP,consumables,READY_GREEN,READY_FULL_SPECS,พร้อมขึ้นขายทันที สเปกวิศวกรรมครบถ้วน 100%,2,120.0,1200.0,4,0,1,0,อะไหล่สิ้นเปลือง เครื่องตัดพลาสม่า เครื่องเชื่อม > อุปกรณ์และอะไหล่อื่นๆ
udo-2953,2953,ลวดเชื่อมไฟฟ้าพอกแข็ง YAWATA H-800,YAWATA,welding_wire,READY_GREEN,READY_FULL_SPECS,พร้อมขึ้นขายทันที สเปกวิศวกรรมครบถ้วน 100%,2,3350.0,3350.0,2,0,1,1,กลุ่มลวดเชื่อม > เชื่อมพอกผิวแข็ง > เชื่อมไฟฟ้า (MMA)
udo-2954,2954,ลวดเชื่อมไฟฟ้า KOBE 76 (E7016),KOBE,welding_wire,QUARANTINE_RED,QUARANTINE_PRICE_ZERO,กักกัน: ราคาสินค้าเป็น 0 บาท หรือไม่มีตัวเลือกราคา,0,0.0,0.0,3,0,1,0,กลุ่มลวดเชื่อม > เชื่อมเหล็ก > เชื่อมไฟฟ้า (MMA)
udo-2955,2955,ลวดเชื่อมอาร์กอนนิเกิลอัลลอย KISWEL KW-T82 (ERNiCr-3),KISWEL,welding_wire,READY_GREEN,READY_FULL_SPECS,พร้อมขึ้นขายทันที สเปกวิศวกรรมครบถ้วน 100%,2,3500.0,11900.0,2,0,1,1,กลุ่มลวดเชื่อม > เชื่อมวัสดุเกรดพิเศษ > เชื่อมอาร์กอน (TIG)
udo-2956,2956,ลวดเชื่อมอาร์กอนคอปเปอร์-นิกเกิล KISWEL KW-TCuNi (ERCuNi),KISWEL,welding_wire,READY_GREEN,READY_FULL_SPECS,พร้อมขึ้นขายทันที สเปกวิศวกรรมครบถ้วน 100%,2,3400.0,10500.0,2,0,1,1,กลุ่มลวดเชื่อม > เชื่อมวัสดุเกรดพิเศษ > เชื่อมอาร์กอน (TIG)
udo-2959,2959,ลวดเชื่อมอาร์กอนสแตนเลส KISWEL T-310 (ER310),KISWEL,welding_wire,READY_GREEN,READY_FULL_SPECS,พร้อมขึ้นขายทันที สเปกวิศวกรรมครบถ้วน 100%,1,4200.0,4200.0,3,0,1,1,กลุ่มลวดเชื่อม > เชื่อมสแตนเลส > เชื่อมอาร์กอน (TIG)
udo-2960,2960,ลวดเชื่อมอาร์กอนสแตนเลส DUPLEX KISWEL T-2209 (ER2209),KISWEL,welding_wire,READY_GREEN,READY_FULL_SPECS,พร้อมขึ้นขายทันที สเปกวิศวกรรมครบถ้วน 100%,1,4100.0,4100.0,3,0,1,1,กลุ่มลวดเชื่อม > เชื่อมสแตนเลส > เชื่อมอาร์กอน (TIG)
udo-2961,2961,ลวดเชื่อมไฟฟ้าเหล็กทนอุณหภูมิต่ำ KISWEL K-8018C3 (E8018-C3),KISWEL,welding_wire,READY_GREEN,READY_FULL_SPECS,พร้อมขึ้นขายทันที สเปกวิศวกรรมครบถ้วน 100%,1,1500.0,1500.0,3,0,2,1,กลุ่มลวดเชื่อม > เชื่อมเหล็ก > เชื่อมไฟฟ้า (MMA)
udo-2963,2963,ชุดตัดต่อด้าม HARRIS 43-2/49-3 (AC) ทองแดง,HARRIS,gas_equipment,READY_GREEN,READY_FULL_SPECS,พร้อมขึ้นขายทันที สเปกวิศวกรรมครบถ้วน 100%,1,9590.0,9590.0,5,0,1,1,อุปกรณ์เชื่อมตัดเผาแก๊ส > ตัดแก๊ส
udo-2964,2964,ลวดเชื่อมมิกทองแดง POWERWELD MC-CuM (ERCu),POWERWELD,welding_wire,READY_GREEN,READY_FULL_SPECS,พร้อมขึ้นขายทันที สเปกวิศวกรรมครบถ้วน 100%,1,16900.0,16900.0,2,0,1,1,กลุ่มลวดเชื่อม > เชื่อมทองเหลืองทองแดงและเงิน > เชื่อมซีโอทู (MIG)
udo-2965,2965,ลวดเชื่อมฟลักซ์คอลล์ไวร์พอกแข็ง POWERWELD COREMAX H33-0,POWERWELD,welding_wire,READY_GREEN,READY_FULL_SPECS,พร้อมขึ้นขายทันที สเปกวิศวกรรมครบถ้วน 100%,1,7450.0,7450.0,2,0,1,2,กลุ่มลวดเชื่อม > เชื่อมพอกผิวแข็ง > เชื่อมฟลักซ์คอลล์ (FCW)
udo-2966,2966,ลวดเชื่อมเงินหุ้มฟลักซ์ 40% SELECTARC BRAZARGENT 5040 COATED,SELECTARC,welding_wire,READY_GREEN,READY_FULL_SPECS,พร้อมขึ้นขายทันที สเปกวิศวกรรมครบถ้วน 100%,2,1500.0,35000.0,2,0,1,1,กลุ่มลวดเชื่อม > เชื่อมทองเหลืองทองแดงและเงิน > เชื่อมแก๊ส (Brazing)
udo-2967,2967,ลวดเชื่อมมิกอลูมิเนียม POWERWELD MC-5356M (ม้วนละ 2 กก.),POWERWELD,welding_wire,READY_GREEN,READY_FULL_SPECS,พร้อมขึ้นขายทันที สเปกวิศวกรรมครบถ้วน 100%,2,830.0,880.0,2,0,1,1,กลุ่มลวดเชื่อม > เชื่อมอลูมิเนียม > เชื่อมซีโอทู (MIG)
udo-2968,2968,ลวดเชื่อมมิกอลูมิเนียม POWERWELD MC-5356M (ม้วนละ 7 กก.),POWERWELD,welding_wire,READY_GREEN,READY_FULL_SPECS,พร้อมขึ้นขายทันที สเปกวิศวกรรมครบถ้วน 100%,2,2850.0,2950.0,2,0,1,1,กลุ่มลวดเชื่อม > เชื่อมอลูมิเนียม > เชื่อมซีโอทู (MIG)
udo-2969,2969,ลวดเชื่อมมิกอลูมิเนียม POWERWELD MC-5183M (ER5183) (ม้วนละ 7 กก.),POWERWELD,welding_wire,READY_GREEN,READY_FULL_SPECS,พร้อมขึ้นขายทันที สเปกวิศวกรรมครบถ้วน 100%,1,3290.0,3290.0,3,0,1,1,กลุ่มลวดเชื่อม > เชื่อมอลูมิเนียม > เชื่อมซีโอทู (MIG)
udo-2970,2970,ลวดเชื่อมมิกอลูมิเนียม POWERWELD MC-4043M (ม้วนละ 7 กก.),POWERWELD,welding_wire,READY_GREEN,READY_FULL_SPECS,พร้อมขึ้นขายทันที สเปกวิศวกรรมครบถ้วน 100%,2,2850.0,2950.0,2,0,1,1,กลุ่มลวดเชื่อม > เชื่อมอลูมิเนียม > เชื่อมซีโอทู (MIG)
udo-2971,2971,ลวดเชื่อมมิกอลูมิเนียม POWERWELD MC-4043M (ม้วนละ 2 กก.),POWERWELD,welding_wire,READY_GREEN,READY_FULL_SPECS,พร้อมขึ้นขายทันที สเปกวิศวกรรมครบถ้วน 100%,2,830.0,880.0,2,0,1,1,กลุ่มลวดเชื่อม > เชื่อมอลูมิเนียม > เชื่อมซีโอทู (MIG)
udo-2972,2972,ด้ามต่อหัวตัดแก๊ส HARRIS 49-3 สำหรับแก๊ส AC,HARRIS,gas_equipment,READY_GREEN,READY_FULL_SPECS,พร้อมขึ้นขายทันที สเปกวิศวกรรมครบถ้วน 100%,1,6090.0,6090.0,5,0,1,1,อุปกรณ์เชื่อมตัดเผาแก๊ส > ตัดแก๊ส
udo-2973,2973,ชุดเชื่อมแก๊สอัตโนมัติ HARRIS 50-9F (AC) 5090,HARRIS,gas_equipment,READY_GREEN,READY_FULL_SPECS,พร้อมขึ้นขายทันที สเปกวิศวกรรมครบถ้วน 100%,1,7900.0,7900.0,5,0,1,2,อุปกรณ์เชื่อมตัดเผาแก๊ส > เชื่อมแก๊ส
udo-2974,2974,ชุดเชื่อมแก๊สอัตโนมัติ HARRIS 50-9J (AC) 1390,HARRIS,gas_equipment,READY_GREEN,READY_FULL_SPECS,พร้อมขึ้นขายทันที สเปกวิศวกรรมครบถ้วน 100%,1,8000.0,8000.0,5,0,1,2,อุปกรณ์เชื่อมตัดเผาแก๊ส > เชื่อมแก๊ส
udo-2975,2975,ชุดเชื่อมแก๊สอัตโนมัติ HARRIS 50-10S (LPG) 1390N,HARRIS,gas_equipment,READY_GREEN,READY_FULL_SPECS,พร้อมขึ้นขายทันที สเปกวิศวกรรมครบถ้วน 100%,1,8540.0,8540.0,5,0,1,2,อุปกรณ์เชื่อมตัดเผาแก๊ส > เชื่อมแก๊ส
udo-2976,2976,ลวดเชื่อมอาร์กอนสแตนเลส KISWEL T-308L (ER308L),KISWEL,welding_wire,READY_GREEN,READY_FULL_SPECS,พร้อมขึ้นขายทันที สเปกวิศวกรรมครบถ้วน 100%,2,1650.0,1700.0,3,0,1,1,กลุ่มลวดเชื่อม > เชื่อมสแตนเลส > เชื่อมอาร์กอน (TIG)
udo-2977,2977,ลวดเชื่อมอาร์กอนสแตนเลส KISWEL T-309L (ER309L),KISWEL,welding_wire,READY_GREEN,READY_FULL_SPECS,พร้อมขึ้นขายทันที สเปกวิศวกรรมครบถ้วน 100%,1,2250.0,2250.0,3,0,1,1,กลุ่มลวดเชื่อม > เชื่อมสแตนเลส > เชื่อมอาร์กอน (TIG)
udo-2978,2978,ลวดเชื่อมอาร์กอนสแตนเลส KISWEL T-316L (ER316L),KISWEL,welding_wire,READY_GREEN,READY_FULL_SPECS,พร้อมขึ้นขายทันที สเปกวิศวกรรมครบถ้วน 100%,1,2390.0,2390.0,3,0,1,1,กลุ่มลวดเชื่อม > เชื่อมสแตนเลส > เชื่อมอาร์กอน (TIG)
udo-2979,2979,ลวดเชื่อมสแตนเลสไฟฟ้า KISWEL KST-308L (E308L-16),KISWEL,welding_wire,READY_GREEN,READY_FULL_SPECS,พร้อมขึ้นขายทันที สเปกวิศวกรรมครบถ้วน 100%,2,1425.0,1450.0,3,0,2,1,กลุ่มลวดเชื่อม > เชื่อมสแตนเลส > เชื่อมไฟฟ้า (MMA)
udo-2980,2980,ลวดเชื่อมฟลักซ์คอร์ไวร์สแตนเลส KISWEL K-308LT (E308LT1-1/4),KISWEL,welding_wire,READY_GREEN,READY_FULL_SPECS,พร้อมขึ้นขายทันที สเปกวิศวกรรมครบถ้วน 100%,1,4800.0,4800.0,2,0,1,1,กลุ่มลวดเชื่อม > เชื่อมสแตนเลส > เชื่อมฟลักซ์คอลล์ (FCW)
udo-2982,2982,ลวดเชื่อมอาร์กอนเหล็ก LOW ALLOY KISWEL T-80SB2 (ER80S-B2),KISWEL,welding_wire,READY_GREEN,READY_FULL_SPECS,พร้อมขึ้นขายทันที สเปกวิศวกรรมครบถ้วน 100%,1,1100.0,1100.0,2,0,1,1,กลุ่มลวดเชื่อม > เชื่อมเหล็ก > เชื่อมอาร์กอน (TIG)
udo-2983,2983,ลวดเชื่อมอาร์กอนเหล็ก LOW ALLOY KISWEL T-90SB3 (ER90S-B3),KISWEL,welding_wire,READY_GREEN,READY_FULL_SPECS,พร้อมขึ้นขายทันที สเปกวิศวกรรมครบถ้วน 100%,1,1700.0,1700.0,2,0,1,1,กลุ่มลวดเชื่อม > เชื่อมเหล็ก > เชื่อมอาร์กอน (TIG)
udo-2984,2984,ลวดเชื่อมฟลักซ์คอร์ไวร์สแตนเลส KISWEL K-309LT (E309LT1-1/4),KISWEL,welding_wire,READY_GREEN,READY_FULL_SPECS,พร้อมขึ้นขายทันที สเปกวิศวกรรมครบถ้วน 100%,1,5550.0,5550.0,2,0,1,1,กลุ่มลวดเชื่อม > เชื่อมสแตนเลส > เชื่อมฟลักซ์คอลล์ (FCW)
udo-2985,2985,ลวดเชื่อมฟลักซ์คอร์ไวร์พอกแข็ง HYUNDAI Supershield CrC,HYUNDAI,welding_wire,READY_GREEN,READY_FULL_SPECS,พร้อมขึ้นขายทันที สเปกวิศวกรรมครบถ้วน 100%,2,7300.0,7300.0,2,0,1,2,กลุ่มลวดเชื่อม > เชื่อมพอกผิวแข็ง > เชื่อมฟลักซ์คอลล์ (FCW)
udo-2986,2986,ลวดเชื่อมทังสเตน WL20 (หัวน้ำเงิน) GASWORK (EWLa-2),GASWORK,welding_wire,READY_GREEN,READY_FULL_SPECS,พร้อมขึ้นขายทันที สเปกวิศวกรรมครบถ้วน 100%,2,700.0,1450.0,2,0,2,1,กลุ่มลวดเชื่อม > เชื่อมทังสเตน
udo-2987,2987,ลวดเชื่อมทังสเตน WC20 (หัวเทา) GASWORK (EWCe-2),GASWORK,welding_wire,READY_GREEN,READY_FULL_SPECS,พร้อมขึ้นขายทันที สเปกวิศวกรรมครบถ้วน 100%,2,700.0,1450.0,2,0,2,1,กลุ่มลวดเชื่อม > เชื่อมทังสเตน
udo-2988,2988,ชุดตัด HARRIS 62-5FL (LPG) หัว 90 องศา ยาว 1000 มม.,HARRIS,gas_equipment,READY_GREEN,READY_FULL_SPECS,พร้อมขึ้นขายทันที สเปกวิศวกรรมครบถ้วน 100%,1,12500.0,12500.0,5,0,1,1,อุปกรณ์เชื่อมตัดเผาแก๊ส > ตัดแก๊ส
udo-2989,2989,ลวดเชื่อมฟลักซ์คอร์ไวร์ HYUNDAI SF-71 eco (E71T-1),HYUNDAI,welding_wire,WARNING_YELLOW,WARNING_NO_SPECS_TABLE,พร้อมขายปกติ แนะนำให้แอดมินเติมตารางสเปกเคมีใน Admin,1,810.0,810.0,3,0,1,0,กลุ่มลวดเชื่อม > เชื่อมเหล็ก > เชื่อมฟลักซ์คอลล์ (FCW)
udo-2990,2990,ลวดเชื่อมอาร์กอนสแตนเลส POWERWELD MC-410R (ER410),POWERWELD,welding_wire,READY_GREEN,READY_FULL_SPECS,พร้อมขึ้นขายทันที สเปกวิศวกรรมครบถ้วน 100%,1,2400.0,2400.0,3,0,1,1,กลุ่มลวดเชื่อม > เชื่อมสแตนเลส > เชื่อมอาร์กอน (TIG)
udo-2991,2991,ลวดเชื่อมไฟฟ้าเหล็กทนความร้อนสูง KOBE CM-B108 (E9018-B3),KOBE,welding_wire,READY_GREEN,READY_FULL_SPECS,พร้อมขึ้นขายทันที สเปกวิศวกรรมครบถ้วน 100%,4,2870.0,11100.0,3,0,1,1,กลุ่มลวดเชื่อม > เชื่อมเหล็ก > เชื่อมไฟฟ้า (MMA)
udo-2992,2992,ลวดเชื่อมสแตนเลสไฟฟ้า Stanvac STANVINOX 308L (E308L-16),STANVAC,welding_wire,READY_GREEN,READY_FULL_SPECS,พร้อมขึ้นขายทันที สเปกวิศวกรรมครบถ้วน 100%,5,235.0,340.0,3,0,4,1,กลุ่มลวดเชื่อม > เชื่อมสแตนเลส > เชื่อมไฟฟ้า (MMA)
udo-2993,2993,ลวดเชื่อมอาร์กอนสแตนเลส Stanvac STANVINOX TIG 308LSi (ER308LSI),STANVAC,welding_wire,READY_GREEN,READY_FULL_SPECS,พร้อมขึ้นขายทันที สเปกวิศวกรรมครบถ้วน 100%,7,960.0,1500.0,3,0,3,1,กลุ่มลวดเชื่อม > เชื่อมสแตนเลส > เชื่อมอาร์กอน (TIG)
udo-2994,2994,ลวดเชื่อมอาร์กอนสแตนเลส Stanvac STANVINOX TIG 316LSi (ER316LSI),STANVAC,welding_wire,READY_GREEN,READY_FULL_SPECS,พร้อมขึ้นขายทันที สเปกวิศวกรรมครบถ้วน 100%,1,1500.0,1500.0,3,0,3,1,กลุ่มลวดเชื่อม > เชื่อมสแตนเลส > เชื่อมอาร์กอน (TIG)
udo-2995,2995,ลวดเชื่อมอาร์กอนสแตนเลส Stanvac STANVINOX TIG 347Si (ER347Si),STANVAC,welding_wire,READY_GREEN,READY_FULL_SPECS,พร้อมขึ้นขายทันที สเปกวิศวกรรมครบถ้วน 100%,1,2400.0,2400.0,3,0,3,1,กลุ่มลวดเชื่อม > เชื่อมสแตนเลส > เชื่อมอาร์กอน (TIG)
udo-2996,2996,ลวดเชื่อมมิกสแตนเลส Stanvac STAVINOX MIG 308LSi (ER308LSi),STANVAC,welding_wire,READY_GREEN,READY_FULL_SPECS,พร้อมขึ้นขายทันที สเปกวิศวกรรมครบถ้วน 100%,3,2680.0,2700.0,3,0,3,1,กลุ่มลวดเชื่อม > เชื่อมสแตนเลส > เชื่อมซีโอทู (MIG)
udo-2997,2997,ลวดเชื่อมมิกสแตนเลส ม้วนละ 5 กก. Stanvac STAVINOX MIG 308LSi (ER308LSi),STANVAC,welding_wire,READY_GREEN,READY_FULL_SPECS,พร้อมขึ้นขายทันที สเปกวิศวกรรมครบถ้วน 100%,1,1250.0,1250.0,3,0,2,1,กลุ่มลวดเชื่อม > เชื่อมสแตนเลส > เชื่อมซีโอทู (MIG)
udo-2998,2998,ลวดเชื่อมมิกสแตนเลส ม้วนละ 1 กก. Stanvac STAVINOX MIG 308LSi (ER308LSi),STANVAC,welding_wire,READY_GREEN,READY_FULL_SPECS,พร้อมขึ้นขายทันที สเปกวิศวกรรมครบถ้วน 100%,3,330.0,390.0,3,0,2,1,กลุ่มลวดเชื่อม > เชื่อมสแตนเลส > เชื่อมซีโอทู (MIG)
udo-2999,2999,"แผ่นเจียรเหล็กบาง NKK (AC60) 4""X3 mm. (หนากว่าเดิม)",NKK,abrasives,READY_GREEN,READY_FULL_SPECS,พร้อมขึ้นขายทันที สเปกวิศวกรรมครบถ้วน 100%,3,700.0,4800.0,5,0,2,1,ใบตัดใบเจียร > ใบเจียร > เหล็ก
udo-3000,3000,"แผ่นเจียรเหล็กหนา NKK (AWA24) 7""X6 mm. (รุ่นใหม่ คมกว่าเดิม)",NKK,abrasives,READY_GREEN,READY_FULL_SPECS,พร้อมขึ้นขายทันที สเปกวิศวกรรมครบถ้วน 100%,2,1000.0,1800.0,5,0,2,1,ใบตัดใบเจียร > ใบเจียร > เหล็ก
udo-3001,3001,ข้อต่อสายเชื่อม Inverter CHAMP ขนาด 35-50 (สีแดง),CHAMP,consumables,READY_GREEN,READY_FULL_SPECS,พร้อมขึ้นขายทันที สเปกวิศวกรรมครบถ้วน 100%,1,130.0,130.0,4,0,2,0,อะไหล่สิ้นเปลือง เครื่องตัดพลาสม่า เครื่องเชื่อม > อุปกรณ์และอะไหล่อื่นๆ
udo-3002,3002,ข้อต่อสายเชื่อม Inverter CHAMP ขนาด 35-50 (สีดำ),CHAMP,consumables,READY_GREEN,READY_FULL_SPECS,พร้อมขึ้นขายทันที สเปกวิศวกรรมครบถ้วน 100%,1,130.0,130.0,4,0,2,0,อะไหล่สิ้นเปลือง เครื่องตัดพลาสม่า เครื่องเชื่อม > อุปกรณ์และอะไหล่อื่นๆ
udo-3003,3003,ข้อต่อตู้เชื่อมแบบเกลียว CHAMP ขนาด 35-50 (สีแดง),CHAMP,consumables,READY_GREEN,READY_FULL_SPECS,พร้อมขึ้นขายทันที สเปกวิศวกรรมครบถ้วน 100%,1,130.0,130.0,4,0,1,0,อะไหล่สิ้นเปลือง เครื่องตัดพลาสม่า เครื่องเชื่อม > อุปกรณ์และอะไหล่อื่นๆ
udo-3004,3004,ข้อต่อตู้เชื่อมแบบเกลียว CHAMP ขนาด 35-50 (สีดำ),CHAMP,consumables,READY_GREEN,READY_FULL_SPECS,พร้อมขึ้นขายทันที สเปกวิศวกรรมครบถ้วน 100%,1,130.0,130.0,4,0,1,0,อะไหล่สิ้นเปลือง เครื่องตัดพลาสม่า เครื่องเชื่อม > อุปกรณ์และอะไหล่อื่นๆ
udo-3005,3005,ข้อต่อสายเชื่อม Inverter CHAMP ขนาด 10-25 (สีแดง),CHAMP,consumables,READY_GREEN,READY_FULL_SPECS,พร้อมขึ้นขายทันที สเปกวิศวกรรมครบถ้วน 100%,1,90.0,90.0,4,0,1,0,อะไหล่สิ้นเปลือง เครื่องตัดพลาสม่า เครื่องเชื่อม > อุปกรณ์และอะไหล่อื่นๆ
udo-3006,3006,ข้อต่อสายเชื่อม Inverter CHAMP ขนาด 10-25 (สีดำ),CHAMP,consumables,READY_GREEN,READY_FULL_SPECS,พร้อมขึ้นขายทันที สเปกวิศวกรรมครบถ้วน 100%,1,90.0,90.0,4,0,1,0,อะไหล่สิ้นเปลือง เครื่องตัดพลาสม่า เครื่องเชื่อม > อุปกรณ์และอะไหล่อื่นๆ
udo-3007,3007,ข้อต่อตู้เชื่อมแบบเกลียว CHAMP ขนาด 10-25 (สีแดง),CHAMP,consumables,READY_GREEN,READY_FULL_SPECS,พร้อมขึ้นขายทันที สเปกวิศวกรรมครบถ้วน 100%,1,90.0,90.0,4,0,1,0,อะไหล่สิ้นเปลือง เครื่องตัดพลาสม่า เครื่องเชื่อม > อุปกรณ์และอะไหล่อื่นๆ
udo-3008,3008,ข้อต่อตู้เชื่อมแบบเกลียว CHAMP ขนาด 10-25 (สีดำ),CHAMP,consumables,READY_GREEN,READY_FULL_SPECS,พร้อมขึ้นขายทันที สเปกวิศวกรรมครบถ้วน 100%,1,90.0,90.0,4,0,1,0,อะไหล่สิ้นเปลือง เครื่องตัดพลาสม่า เครื่องเชื่อม > อุปกรณ์และอะไหล่อื่นๆ
udo-3009,3009,ด้ามเชื่อมอาร์กอน WP-9F,TRAFIMET,consumables,READY_GREEN,READY_FULL_SPECS,พร้อมขึ้นขายทันที สเปกวิศวกรรมครบถ้วน 100%,1,650.0,650.0,4,0,2,1,อะไหล่สิ้นเปลือง เครื่องตัดพลาสม่า เครื่องเชื่อม > อะไหล่หัวเชื่อมอาร์กอน (TIG) > ด้ามเชื่อม (Torch)
udo-3010,3010,"แผ่นเจียรเหล็กบางสีเขียว NKK (AC60) 4""X2.2 mm.",NKK,abrasives,READY_GREEN,READY_FULL_SPECS,พร้อมขึ้นขายทันที สเปกวิศวกรรมครบถ้วน 100%,2,400.0,2800.0,5,0,3,0,ใบตัดใบเจียร > ใบเจียร > เหล็ก
udo-3011,3011,ลวดเชื่อมอาร์กอนสแตนเลส POWERWELD MC316LR (ER316L),POWERWELD,welding_wire,READY_GREEN,READY_FULL_SPECS,พร้อมขึ้นขายทันที สเปกวิศวกรรมครบถ้วน 100%,1,2200.0,2200.0,3,0,1,1,กลุ่มลวดเชื่อม > เชื่อมสแตนเลส > เชื่อมอาร์กอน (TIG)
udo-3012,3012,ลวดเชื่อมไฟฟ้าพอกแข็ง YAWATA H-650,YAWATA,welding_wire,READY_GREEN,READY_FULL_SPECS,พร้อมขึ้นขายทันที สเปกวิศวกรรมครบถ้วน 100%,2,3430.0,3430.0,2,0,1,1,กลุ่มลวดเชื่อม > เชื่อมพอกผิวแข็ง > เชื่อมไฟฟ้า (MMA)
udo-3013,3013,ลวดเชื่อมอาร์กอนสแตนเลส KOBE TG-S310 (ER310),KOBE,welding_wire,READY_GREEN,READY_FULL_SPECS,พร้อมขึ้นขายทันที สเปกวิศวกรรมครบถ้วน 100%,1,7490.0,7490.0,3,0,1,1,กลุ่มลวดเชื่อม > เชื่อมสแตนเลส > เชื่อมอาร์กอน (TIG)
udo-3014,3014,สว่านกระแทกไร้สาย 20V แรงบิด 60Nm EMTOP รุ่น ECIDL20602,EMTOP,tools,READY_GREEN,READY_FULL_SPECS,พร้อมขึ้นขายทันที สเปกวิศวกรรมครบถ้วน 100%,1,2950.0,2950.0,5,0,1,0,เครื่องมือช่าง > เครื่องมือไฟฟ้าไร้สาย (Power Tools Cordless)
udo-3015,3015,สว่านไร้สาย 20V แรงบิด 60Nm EMTOP รุ่น ECDL20602,EMTOP,tools,READY_GREEN,READY_FULL_SPECS,พร้อมขึ้นขายทันที สเปกวิศวกรรมครบถ้วน 100%,1,2850.0,2850.0,5,0,1,0,เครื่องมือช่าง > เครื่องมือไฟฟ้าไร้สาย (Power Tools Cordless)
udo-3016,3016,เครื่องเจียรขนาด 4 นิ้ว (750W) EMTOP รุ่น EAGR07542,EMTOP,tools,READY_GREEN,READY_FULL_SPECS,พร้อมขึ้นขายทันที สเปกวิศวกรรมครบถ้วน 100%,1,1000.0,1000.0,5,0,1,0,เครื่องมือช่าง > เครื่องมือช่างไฟฟ้า (Power Tools)
udo-3017,3017,เครื่องเจียรขนาด 4 นิ้ว (900W) EMTOP รุ่น EAGR09042,EMTOP,tools,READY_GREEN,READY_FULL_SPECS,พร้อมขึ้นขายทันที สเปกวิศวกรรมครบถ้วน 100%,1,1050.0,1050.0,5,0,1,0,เครื่องมือช่าง > เครื่องมือช่างไฟฟ้า (Power Tools)
udo-3018,3018,สว่านไร้สาย 20V แรงบิด 45Nm EMTOP รุ่น ECDL6200118,EMTOP,tools,READY_GREEN,READY_FULL_SPECS,พร้อมขึ้นขายทันที สเปกวิศวกรรมครบถ้วน 100%,1,1750.0,1750.0,5,0,1,0,เครื่องมือช่าง > เครื่องมือไฟฟ้าไร้สาย (Power Tools Cordless)
udo-3019,3019,สว่านไร้สาย 20V แรงบิด 45Nm EMTOP รุ่น ECDL200528,EMTOP,tools,READY_GREEN,READY_FULL_SPECS,พร้อมขึ้นขายทันที สเปกวิศวกรรมครบถ้วน 100%,1,2450.0,2450.0,5,0,1,0,เครื่องมือช่าง > เครื่องมือไฟฟ้าไร้สาย (Power Tools Cordless)
udo-3020,3020,สว่านกระแทกไร้สาย 20V แรงบิด 45Nm EMTOP รุ่น ECDL6200128,EMTOP,tools,READY_GREEN,READY_FULL_SPECS,พร้อมขึ้นขายทันที สเปกวิศวกรรมครบถ้วน 100%,1,2800.0,2800.0,5,0,1,0,เครื่องมือช่าง > เครื่องมือไฟฟ้าไร้สาย (Power Tools Cordless)
udo-3021,3021,บล็อกไร้สาย 20V แรงบิด 300Nm EMTOP รุ่น ECDLIW20221,EMTOP,tools,READY_GREEN,READY_FULL_SPECS,พร้อมขึ้นขายทันที สเปกวิศวกรรมครบถ้วน 100%,1,3450.0,3450.0,5,0,1,0,เครื่องมือช่าง > เครื่องมือไฟฟ้าไร้สาย (Power Tools Cordless)
udo-3022,3022,สว่านโรตารี่ไร้สาย 20V แรงกระแทก 2.0J EMTOP รุ่น ELRH202081,EMTOP,tools,READY_GREEN,READY_FULL_SPECS,พร้อมขึ้นขายทันที สเปกวิศวกรรมครบถ้วน 100%,1,4000.0,4000.0,5,0,1,0,เครื่องมือช่าง > เครื่องมือไฟฟ้าไร้สาย (Power Tools Cordless)
udo-3023,3023,สว่านโรตารี่ไร้สาย 20V แรงกระแทก 2.5J EMTOP รุ่น ELRH202286,EMTOP,tools,READY_GREEN,READY_FULL_SPECS,พร้อมขึ้นขายทันที สเปกวิศวกรรมครบถ้วน 100%,1,5600.0,5600.0,5,0,1,0,เครื่องมือช่าง > เครื่องมือไฟฟ้าไร้สาย (Power Tools Cordless)
udo-3024,3024,สว่านโรตารี่ไร้สาย 20V แรงกระแทก 4.5J EMTOP รุ่น ELRH202882,EMTOP,tools,READY_GREEN,READY_FULL_SPECS,พร้อมขึ้นขายทันที สเปกวิศวกรรมครบถ้วน 100%,1,6400.0,6400.0,5,0,1,0,เครื่องมือช่าง > เครื่องมือไฟฟ้าไร้สาย (Power Tools Cordless)
udo-3025,3025,สว่านไร้สาย 12V แรงบิด 20Nm EMTOP รุ่น ECDL12510,EMTOP,tools,READY_GREEN,READY_FULL_SPECS,พร้อมขึ้นขายทันที สเปกวิศวกรรมครบถ้วน 100%,1,850.0,850.0,5,0,1,0,เครื่องมือช่าง > เครื่องมือไฟฟ้าไร้สาย (Power Tools Cordless)
udo-3026,3026,สว่านไร้สาย 12V แรงบิด 45Nm EMTOP รุ่น ECDL12620,EMTOP,tools,READY_GREEN,READY_FULL_SPECS,พร้อมขึ้นขายทันที สเปกวิศวกรรมครบถ้วน 100%,1,1450.0,1450.0,5,0,1,0,เครื่องมือช่าง > เครื่องมือไฟฟ้าไร้สาย (Power Tools Cordless)
udo-3027,3027,ไขควงกระแทกไร้สาย 20V แรงบิด 170Nm EMTOP รุ่น ECDLIR20221,EMTOP,tools,READY_GREEN,READY_FULL_SPECS,พร้อมขึ้นขายทันที สเปกวิศวกรรมครบถ้วน 100%,1,3450.0,3450.0,5,0,1,0,เครื่องมือช่าง > เครื่องมือไฟฟ้าไร้สาย (Power Tools Cordless)
udo-3028,3028,ชุดคอมโบ สว่าน+บล็อก ไร้สาย 20V แรงบิด 45Nm และ 300Nm EMTOP รุ่น ECKL20072,EMTOP,tools,READY_GREEN,READY_FULL_SPECS,พร้อมขึ้นขายทันที สเปกวิศวกรรมครบถ้วน 100%,1,3950.0,3950.0,5,0,1,0,เครื่องมือช่าง > เครื่องมือไฟฟ้าไร้สาย (Power Tools Cordless)
udo-3029,3029,เลื่อยวงเดือนไร้สาย 7 นิ้ว (185 mm) EMTOP รุ่น ELCS18511,EMTOP,tools,READY_GREEN,READY_FULL_SPECS,พร้อมขึ้นขายทันที สเปกวิศวกรรมครบถ้วน 100%,1,4150.0,4150.0,5,0,1,0,เครื่องมือช่าง > เครื่องมือไฟฟ้าไร้สาย (Power Tools Cordless)
udo-3030,3030,เลื่อยวงเดือน 7 นิ้ว (1400W) EMTOP รุ่น ECSW1852,EMTOP,tools,READY_GREEN,READY_FULL_SPECS,พร้อมขึ้นขายทันที สเปกวิศวกรรมครบถ้วน 100%,1,2100.0,2100.0,5,0,1,0,เครื่องมือช่าง > เครื่องมือช่างไฟฟ้า (Power Tools)
udo-3031,3031,เลื่อยจิ๊กซอ (570W) EMTOP รุ่น EJSW5701,EMTOP,tools,READY_GREEN,READY_FULL_SPECS,พร้อมขึ้นขายทันที สเปกวิศวกรรมครบถ้วน 100%,1,1150.0,1150.0,5,0,1,0,เครื่องมือช่าง > เครื่องมือช่างไฟฟ้า (Power Tools)
udo-3032,3032,กระจกใส กันสะเก็ด CHAMP ขนาด 108x50 mm.,CHAMP,consumables,READY_GREEN,READY_FULL_SPECS,พร้อมขึ้นขายทันที สเปกวิศวกรรมครบถ้วน 100%,3,4.0,1950.0,4,0,1,0,อะไหล่สิ้นเปลือง เครื่องตัดพลาสม่า เครื่องเชื่อม > อุปกรณ์เซฟตี้
udo-3033,3033,แท่นตัดไฟเบอร์ 14 นิ้ว EMTOP รุ่น ECFS35528,EMTOP,tools,READY_GREEN,READY_FULL_SPECS,พร้อมขึ้นขายทันที สเปกวิศวกรรมครบถ้วน 100%,1,3950.0,3950.0,5,0,1,0,เครื่องมือช่าง > เครื่องมือช่างไฟฟ้า (Power Tools)
udo-3034,3034,เครื่องเจียรตั้งโต๊ะ 6 นิ้ว EMTOP รุ่น EBGR61501,EMTOP,tools,READY_GREEN,READY_FULL_SPECS,พร้อมขึ้นขายทันที สเปกวิศวกรรมครบถ้วน 100%,1,1250.0,1250.0,5,0,1,0,เครื่องมือช่าง > เครื่องมือช่างไฟฟ้า (Power Tools)
udo-3035,3035,แปรงทองเหลือง EMTOP รุ่น EWBH25001,EMTOP,tools,READY_GREEN,READY_FULL_SPECS,พร้อมขึ้นขายทันที สเปกวิศวกรรมครบถ้วน 100%,1,50.0,50.0,5,0,1,0,เครื่องมือช่าง > เครื่องมือ (Hand Tools)
udo-3036,3036,ถุงมือเชื่อม UDO รุ่น GM-001L ยาว 16 นิ้ว,UDO,consumables,READY_GREEN,READY_FULL_SPECS,พร้อมขึ้นขายทันที สเปกวิศวกรรมครบถ้วน 100%,1,140.0,140.0,4,0,4,0,อะไหล่สิ้นเปลือง เครื่องตัดพลาสม่า เครื่องเชื่อม > อุปกรณ์เซฟตี้
udo-3037,3037,ถุงมือเชื่อม UDO รุ่น GM-002L ยาว 16 นิ้ว,UDO,consumables,READY_GREEN,READY_FULL_SPECS,พร้อมขึ้นขายทันที สเปกวิศวกรรมครบถ้วน 100%,1,180.0,180.0,4,0,4,0,อะไหล่สิ้นเปลือง เครื่องตัดพลาสม่า เครื่องเชื่อม > อุปกรณ์เซฟตี้
udo-3038,3038,พวงมาลัยพร้อมแกน 2 หุน ต่อตรงถังแก๊ส LPG,CHAMP,gas_equipment,READY_GREEN,READY_FULL_SPECS,พร้อมขึ้นขายทันที สเปกวิศวกรรมครบถ้วน 100%,1,160.0,160.0,5,0,1,0,อุปกรณ์เชื่อมตัดเผาแก๊ส > อุปกรณ์เสริม
udo-3039,3039,ลวดเชื่อมมิกทองเหลือง ม้วนละ 5 กก. CHAMP Brozne-Si (ERCuSi-A),CHAMP,welding_wire,READY_GREEN,READY_FULL_SPECS,พร้อมขึ้นขายทันที สเปกวิศวกรรมครบถ้วน 100%,3,4750.0,4850.0,2,0,1,1,กลุ่มลวดเชื่อม > เชื่อมทองเหลืองทองแดงและเงิน > เชื่อมซีโอทู (MIG)
udo-3040,3040,ลวดเชื่อมไฟฟ้าพอกแข็ง POWERWELD HARDFACING ARC 65T,POWERWELD,welding_wire,READY_GREEN,READY_FULL_SPECS,พร้อมขึ้นขายทันที สเปกวิศวกรรมครบถ้วน 100%,2,6000.0,6000.0,2,0,1,1,กลุ่มลวดเชื่อม > เชื่อมพอกผิวแข็ง > เชื่อมไฟฟ้า (MMA)
udo-3041,3041,ลวดเชื่อมไฟฟ้าสแตนเลส GEMINI 307A (E307-16),GEMINI,welding_wire,READY_GREEN,READY_FULL_SPECS,พร้อมขึ้นขายทันที สเปกวิศวกรรมครบถ้วน 100%,2,7890.0,7890.0,3,0,2,1,กลุ่มลวดเชื่อม > เชื่อมสแตนเลส > เชื่อมไฟฟ้า (MMA)
udo-3042,3042,ชุดตัด IOXYGEN 62-3BFL-1500 (LPG) หัวตรง 180 องศา ยาว 1500 มม.,IOXYGEN,gas_equipment,READY_GREEN,READY_FULL_SPECS,พร้อมขึ้นขายทันที สเปกวิศวกรรมครบถ้วน 100%,1,8400.0,8400.0,5,0,2,1,อุปกรณ์เชื่อมตัดเผาแก๊ส > ตัดแก๊ส
udo-3043,3043,ชุดตัด IOXYGEN 62-3FL-1500 (LPG) หัว 90 องศา ยาว 1500 มม.,IOXYGEN,gas_equipment,READY_GREEN,READY_FULL_SPECS,พร้อมขึ้นขายทันที สเปกวิศวกรรมครบถ้วน 100%,1,8400.0,8400.0,5,0,5,1,อุปกรณ์เชื่อมตัดเผาแก๊ส > ตัดแก๊ส
udo-3045,3045,เกจ์ปรับแรงดันก๊าซอาร์กอน GASWORK รุ่น 101-25FL-AR,GASWORK,gas_equipment,READY_GREEN,READY_FULL_SPECS,พร้อมขึ้นขายทันที สเปกวิศวกรรมครบถ้วน 100%,1,2450.0,2450.0,5,0,4,1,อุปกรณ์เชื่อมตัดเผาแก๊ส > เกจ์ปรับแรงดันแก๊ส > อาร์กอน (AR)
udo-3046,3046,เกจ์ปรับแรงดันก๊าซอาร์กอน GASWORK รุ่น 100-25FL-AR,GASWORK,gas_equipment,READY_GREEN,READY_FULL_SPECS,พร้อมขึ้นขายทันที สเปกวิศวกรรมครบถ้วน 100%,1,2300.0,2300.0,5,0,5,1,อุปกรณ์เชื่อมตัดเผาแก๊ส > เกจ์ปรับแรงดันแก๊ส > อาร์กอน (AR)
udo-3048,3048,เกจ์ปรับแรงดันไฮเพรสเชอร์ก๊าซอ๊อกซิเย่น GASWORK รุ่น 203-50M-OX,GASWORK,gas_equipment,READY_GREEN,READY_FULL_SPECS,พร้อมขึ้นขายทันที สเปกวิศวกรรมครบถ้วน 100%,1,3550.0,3550.0,5,0,2,1,อุปกรณ์เชื่อมตัดเผาแก๊ส > เกจ์ปรับแรงดันแก๊ส > อ๊อกซิเย่น (O2)
udo-3049,3049,เกจ์ปรับแรงดันโฟลเกจ์ก๊าซอาร์กอน GASWORK รุ่น 101-50LM-AR,GASWORK,gas_equipment,READY_GREEN,READY_FULL_SPECS,พร้อมขึ้นขายทันที สเปกวิศวกรรมครบถ้วน 100%,1,2390.0,2390.0,5,0,1,1,อุปกรณ์เชื่อมตัดเผาแก๊ส > เกจ์ปรับแรงดันแก๊ส > อาร์กอน (AR)
udo-3050,3050,เกจ์ปรับแรงดันโฟลเกจ์ก๊าซคาร์บอนไดร์อ๊อกไซด์ GASWORK รุ่น 101-50LM-CO2,GASWORK,gas_equipment,READY_GREEN,READY_FULL_SPECS,พร้อมขึ้นขายทันที สเปกวิศวกรรมครบถ้วน 100%,1,2390.0,2390.0,5,0,1,1,อุปกรณ์เชื่อมตัดเผาแก๊ส > เกจ์ปรับแรงดันแก๊ส > คาร์บอนไดร์อ๊อกไซด์ (CO2)
udo-3051,3051,ลวดเชื่อมอาร์กอนสแตนเลส STANVAC STANVINOX TIG 420 (ER420),STANVAC,welding_wire,READY_GREEN,READY_FULL_SPECS,พร้อมขึ้นขายทันที สเปกวิศวกรรมครบถ้วน 100%,1,2850.0,2850.0,3,0,1,1,กลุ่มลวดเชื่อม > เชื่อมสแตนเลส > เชื่อมอาร์กอน (TIG)
udo-3052,3052,ลวดเชื่อมมิกสแตนเลส Stanvac STAVINOX MIG 309LSi (ER309LSi),STANVAC,welding_wire,READY_GREEN,READY_FULL_SPECS,พร้อมขึ้นขายทันที สเปกวิศวกรรมครบถ้วน 100%,1,3990.0,3990.0,3,0,1,1,กลุ่มลวดเชื่อม > เชื่อมสแตนเลส > เชื่อมซีโอทู (MIG)
udo-3053,3053,ลวดเชื่อมมิกสแตนเลส Stanvac STAVINOX MIG 316LSi (ER316LSi),STANVAC,welding_wire,READY_GREEN,READY_FULL_SPECS,พร้อมขึ้นขายทันที สเปกวิศวกรรมครบถ้วน 100%,1,4290.0,4290.0,3,0,1,1,กลุ่มลวดเชื่อม > เชื่อมสแตนเลส > เชื่อมซีโอทู (MIG)
udo-3054,3054,ลวดเชื่อมยาวาต้า สแตนเลสไฟฟ้า YAWATA 316L-16 (E316L-16),YAWATA,welding_wire,WARNING_YELLOW,WARNING_NO_SPECS_TABLE,พร้อมขายปกติ แนะนำให้แอดมินเติมตารางสเปกเคมีใน Admin,3,400.0,410.0,3,0,2,0,กลุ่มลวดเชื่อม > เชื่อมสแตนเลส > เชื่อมไฟฟ้า (MMA)
udo-3055,3055,ลวดเชื่อมเงินหุ้มฟลักซ์ 56% GASWORK BRAZARGENT 5056 COATED (BAg-7),GASWORK,welding_wire,WARNING_YELLOW,WARNING_NO_SPECS_TABLE,พร้อมขายปกติ แนะนำให้แอดมินเติมตารางสเปกเคมีใน Admin,4,1500.0,40000.0,3,0,1,0,กลุ่มลวดเชื่อม > เชื่อมทองเหลืองทองแดงและเงิน > เชื่อมแก๊ส (Brazing)
udo-3056,3056,ลวดเชื่อมเงินหุ้มฟลักซ์ 45% GASWORK BRAZARGENT 5045 COATED (BAg-36),GASWORK,welding_wire,WARNING_YELLOW,WARNING_NO_SPECS_TABLE,พร้อมขายปกติ แนะนำให้แอดมินเติมตารางสเปกเคมีใน Admin,4,1250.0,32000.0,3,0,1,0,กลุ่มลวดเชื่อม > เชื่อมทองเหลืองทองแดงและเงิน > เชื่อมแก๊ส (Brazing)
udo-3057,3057,ลวดเชื่อมเงินหุ้มฟลักซ์ 40% GASWORK BRAZARGENT 5040 COATED (ฺBAg-28),GASWORK,welding_wire,WARNING_YELLOW,WARNING_NO_SPECS_TABLE,พร้อมขายปกติ แนะนำให้แอดมินเติมตารางสเปกเคมีใน Admin,4,1100.0,29000.0,2,0,1,0,กลุ่มลวดเชื่อม > เชื่อมทองเหลืองทองแดงและเงิน > เชื่อมแก๊ส (Brazing)
udo-3058,3058,ลวดเชื่อมเงิน 5% GASWORK PHOSBRAZ AG50 (BCuP-3),GASWORK,welding_wire,READY_GREEN,READY_FULL_SPECS,พร้อมขึ้นขายทันที สเปกวิศวกรรมครบถ้วน 100%,1,2700.0,2700.0,3,0,1,1,กลุ่มลวดเชื่อม > เชื่อมทองเหลืองทองแดงและเงิน > เชื่อมแก๊ส (Brazing)
udo-3059,3059,ลวดเชื่อมเงิน 45% GASWORK BRAZARGENT 5045 (BAg-36),GASWORK,welding_wire,WARNING_YELLOW,WARNING_NO_SPECS_TABLE,พร้อมขายปกติ แนะนำให้แอดมินเติมตารางสเปกเคมีใน Admin,4,900.0,42000.0,3,0,1,0,กลุ่มลวดเชื่อม > เชื่อมทองเหลืองทองแดงและเงิน > เชื่อมแก๊ส (Brazing)
udo-3060,3060,ลวดเชื่อมเงิน 56% GASWORK BRAZARGENT 5056 (BAg-7),GASWORK,welding_wire,WARNING_YELLOW,WARNING_NO_SPECS_TABLE,พร้อมขายปกติ แนะนำให้แอดมินเติมตารางสเปกเคมีใน Admin,4,1200.0,51000.0,3,0,1,0,กลุ่มลวดเชื่อม > เชื่อมทองเหลืองทองแดงและเงิน > เชื่อมแก๊ส (Brazing)
udo-3061,3061,ลวดเชื่อมไฟฟ้าสแตนเลส SUPERON SUPER OPTIMAL 308L (E308L-16),SUPERON,welding_wire,READY_GREEN,READY_FULL_SPECS,พร้อมขึ้นขายทันที สเปกวิศวกรรมครบถ้วน 100%,3,235.0,240.0,3,0,2,1,กลุ่มลวดเชื่อม > เชื่อมสแตนเลส > เชื่อมไฟฟ้า (MMA)
udo-3062,3062,ลวดเชื่อมไฟฟ้าสแตนเลส SUPERON SUPER OPTIMAL 309L (E309L-16),SUPERON,welding_wire,READY_GREEN,READY_FULL_SPECS,พร้อมขึ้นขายทันที สเปกวิศวกรรมครบถ้วน 100%,3,330.0,335.0,3,0,3,1,กลุ่มลวดเชื่อม > เชื่อมสแตนเลส > เชื่อมไฟฟ้า (MMA)
udo-3063,3063,ลวดเชื่อมอาร์กอนสแตนเลส SUPERON SUPER TIG 308LSi (ER308LSi),SUPERON,welding_wire,READY_GREEN,READY_FULL_SPECS,พร้อมขึ้นขายทันที สเปกวิศวกรรมครบถ้วน 100%,5,965.0,1450.0,3,0,2,1,กลุ่มลวดเชื่อม > เชื่อมสแตนเลส > เชื่อมอาร์กอน (TIG)
udo-3064,3064,ลวดเชื่อมอาร์กอนสแตนเลส SUPERON SUPER TIG 309L (ER309L),SUPERON,welding_wire,READY_GREEN,READY_FULL_SPECS,พร้อมขึ้นขายทันที สเปกวิศวกรรมครบถ้วน 100%,4,1430.0,1470.0,3,0,2,1,กลุ่มลวดเชื่อม > เชื่อมสแตนเลส > เชื่อมอาร์กอน (TIG)
udo-3065,3065,ลวดเชื่อมอาร์กอนสแตนเลส SUPERON SUPER TIG 310 (ER310),SUPERON,welding_wire,READY_GREEN,READY_FULL_SPECS,พร้อมขึ้นขายทันที สเปกวิศวกรรมครบถ้วน 100%,4,2780.0,2800.0,3,0,2,1,กลุ่มลวดเชื่อม > เชื่อมสแตนเลส > เชื่อมอาร์กอน (TIG)
udo-3066,3066,ลวดเชื่อมอาร์กอนสแตนเลส SUPERON SUPER TIG 316L (ER316L),SUPERON,welding_wire,READY_GREEN,READY_FULL_SPECS,พร้อมขึ้นขายทันที สเปกวิศวกรรมครบถ้วน 100%,4,1660.0,1680.0,3,0,2,1,กลุ่มลวดเชื่อม > เชื่อมสแตนเลส > เชื่อมอาร์กอน (TIG)
udo-3067,3067,ลวดเชื่อมอาร์กอนสแตนเลส SUPERON SUPER TIG 347SI (ER347SI),SUPERON,welding_wire,READY_GREEN,READY_FULL_SPECS,พร้อมขึ้นขายทันที สเปกวิศวกรรมครบถ้วน 100%,1,2400.0,2400.0,3,0,2,1,กลุ่มลวดเชื่อม > เชื่อมสแตนเลส > เชื่อมอาร์กอน (TIG)
udo-3068,3068,ลวดเชื่อมอาร์กอนสแตนเลส SUPERON SUPER TIG 347H (ER347H),SUPERON,welding_wire,READY_GREEN,READY_FULL_SPECS,พร้อมขึ้นขายทันที สเปกวิศวกรรมครบถ้วน 100%,1,3200.0,3200.0,3,0,2,1,กลุ่มลวดเชื่อม > เชื่อมสแตนเลส > เชื่อมอาร์กอน (TIG)
udo-3069,3069,เกจ์ปรับแรงดันก๊าซบริสุทธิ์ HARRIS High Purity รุ่น HPI 904,HARRIS,gas_equipment,READY_GREEN,READY_FULL_SPECS,พร้อมขึ้นขายทันที สเปกวิศวกรรมครบถ้วน 100%,7,10500.0,11900.0,5,0,4,2,อุปกรณ์เชื่อมตัดเผาแก๊ส > เกจ์ปรับแรงดันแก๊ส > ก๊าซพิเศษอื่นๆ
udo-3070,3070,ลวดเชื่อมมิกแสตนเลส SUPERON SUPER MIG 307Si (ER307Si),SUPERON,welding_wire,WARNING_YELLOW,WARNING_NO_SPECS_TABLE,พร้อมขายปกติ แนะนำให้แอดมินเติมตารางสเปกเคมีใน Admin,1,4800.0,4800.0,3,0,2,0,กลุ่มลวดเชื่อม > เชื่อมสแตนเลส > เชื่อมซีโอทู (MIG)
udo-3071,3071,ลวดเชื่อมมิกแสตนเลส SUPERON SUPER MIG 309LSi (ER309LSi),SUPERON,welding_wire,WARNING_YELLOW,WARNING_NO_SPECS_TABLE,พร้อมขายปกติ แนะนำให้แอดมินเติมตารางสเปกเคมีใน Admin,1,3990.0,3990.0,3,0,2,0,กลุ่มลวดเชื่อม > เชื่อมสแตนเลส > เชื่อมซีโอทู (MIG)
udo-3072,3072,ลวดเชื่อมมิกแสตนเลส SUPERON SUPER MIG 316LSi (ER316LSi),SUPERON,welding_wire,READY_GREEN,READY_FULL_SPECS,พร้อมขึ้นขายทันที สเปกวิศวกรรมครบถ้วน 100%,2,4290.0,4290.0,3,0,2,1,กลุ่มลวดเชื่อม > เชื่อมสแตนเลส > เชื่อมซีโอทู (MIG)
udo-3073,3073,เกจ์ปรับแรงดันก๊าซบริสุทธิ์ HARRIS High Purity รุ่น HPI 741,HARRIS,gas_equipment,READY_GREEN,READY_FULL_SPECS,พร้อมขึ้นขายทันที สเปกวิศวกรรมครบถ้วน 100%,6,23500.0,26500.0,5,0,4,2,อุปกรณ์เชื่อมตัดเผาแก๊ส > เกจ์ปรับแรงดันแก๊ส > ก๊าซพิเศษอื่นๆ
udo-3074,3074,ลวดเชื่อมไฟฟ้ายาวาต้า YAWATA S-13 (E6013),YAWATA,welding_wire,READY_GREEN,READY_FULL_SPECS,พร้อมขึ้นขายทันที สเปกวิศวกรรมครบถ้วน 100%,2,1410.0,1450.0,4,0,5,1,กลุ่มลวดเชื่อม > เชื่อมเหล็ก > เชื่อมไฟฟ้า (MMA)
udo-3075,3075,เกจ์ปรับแรงดันก๊าซอ๊อกซิเย่น HARRIS Two-Stage รุ่น 896D-15-OX,HARRIS,gas_equipment,READY_GREEN,READY_FULL_SPECS,พร้อมขึ้นขายทันที สเปกวิศวกรรมครบถ้วน 100%,1,7850.0,7850.0,5,0,2,1,อุปกรณ์เชื่อมตัดเผาแก๊ส > เกจ์ปรับแรงดันแก๊ส > อ๊อกซิเย่น (O2)
udo-3076,3076,เกจ์ปรับแรงดันก๊าซไนโตรเจน HARRIS Two-Stage รุ่น 896D-15-N2,HARRIS,gas_equipment,READY_GREEN,READY_FULL_SPECS,พร้อมขึ้นขายทันที สเปกวิศวกรรมครบถ้วน 100%,1,7490.0,7490.0,5,0,4,1,อุปกรณ์เชื่อมตัดเผาแก๊ส > เกจ์ปรับแรงดันแก๊ส > ไนโตรเจน (N2)
udo-3077,3077,เกจ์ปรับแรงดันก๊าซอาร์กอน HARRIS Two-Stage รุ่น 896D-15-AR,HARRIS,gas_equipment,READY_GREEN,READY_FULL_SPECS,พร้อมขึ้นขายทันที สเปกวิศวกรรมครบถ้วน 100%,1,7490.0,7490.0,5,0,4,1,อุปกรณ์เชื่อมตัดเผาแก๊ส > เกจ์ปรับแรงดันแก๊ส > อาร์กอน (AR)
udo-3078,3078,เกจ์ปรับแรงดันก๊าซคาร์บอนไดออกไซด์ HARRIS Two-Stage รุ่น 896D-15-CO2,HARRIS,gas_equipment,READY_GREEN,READY_FULL_SPECS,พร้อมขึ้นขายทันที สเปกวิศวกรรมครบถ้วน 100%,1,7490.0,7490.0,5,0,4,1,อุปกรณ์เชื่อมตัดเผาแก๊ส > เกจ์ปรับแรงดันแก๊ส > คาร์บอนไดร์อ๊อกไซด์ (CO2)
udo-3079,3079,ชุดตัดแก๊สหัวตรง 180 องศา HARRIS 62-5B-180 (AC),HARRIS,gas_equipment,READY_GREEN,READY_FULL_SPECS,พร้อมขึ้นขายทันที สเปกวิศวกรรมครบถ้วน 100%,1,8390.0,8390.0,5,0,1,1,อุปกรณ์เชื่อมตัดเผาแก๊ส > ตัดแก๊ส
udo-3080,3080,ใบตัดเหล็ก/สแตนเลส YAWATA (AWA460QBF) ขนาด 4 นิ้ว หนา 1.1 มม.,YAWATA,abrasives,READY_GREEN,READY_FULL_SPECS,พร้อมขึ้นขายทันที สเปกวิศวกรรมครบถ้วน 100%,2,275.0,1800.0,5,0,1,1,"ใบตัดใบเจียร > ใบตัด > เหล็ก, สแตนเลส"
udo-3081,3081,ลวดเชื่อมมิกแสตนเลส SUPERON SUPER MIG 308LSi (ER308LSi),SUPERON,welding_wire,READY_GREEN,READY_FULL_SPECS,พร้อมขึ้นขายทันที สเปกวิศวกรรมครบถ้วน 100%,4,2680.0,2691.0,3,0,1,1,กลุ่มลวดเชื่อม > เชื่อมสแตนเลส > เชื่อมซีโอทู (MIG)
udo-3082,3082,ลวดเชื่อมมิกสแตนเลส ม้วนละ 5 กก. SUPERON SUPER MIG 308LSi (ER308LSi),SUPERON,welding_wire,READY_GREEN,READY_FULL_SPECS,พร้อมขึ้นขายทันที สเปกวิศวกรรมครบถ้วน 100%,1,1250.0,1250.0,3,0,1,1,กลุ่มลวดเชื่อม > เชื่อมสแตนเลส > เชื่อมซีโอทู (MIG)
udo-3083,3083,ลวดเชื่อมมิกสแตนเลส ม้วนละ 1 กก. SUPERON SUPER MIG 308LSi (ER308LSi),SUPERON,welding_wire,READY_GREEN,READY_FULL_SPECS,พร้อมขึ้นขายทันที สเปกวิศวกรรมครบถ้วน 100%,1,270.0,270.0,3,0,1,1,กลุ่มลวดเชื่อม > เชื่อมสแตนเลส > เชื่อมซีโอทู (MIG)
udo-3084,3084,ลวดเชื่อมอาร์กอนสแตนเลส หลอดละ 1 กก. SUPERON SUPER TIG 308LSi (ER308LSI),SUPERON,welding_wire,READY_GREEN,READY_FULL_SPECS,พร้อมขึ้นขายทันที สเปกวิศวกรรมครบถ้วน 100%,4,300.0,320.0,3,0,2,1,กลุ่มลวดเชื่อม > เชื่อมสแตนเลส > เชื่อมอาร์กอน (TIG)
udo-3085,3085,ท่อบรรจุก๊าซ อะเซทีลีนขนาด 1.5 คิว 10 ลิตร,CHAMP,gas_cylinders,READY_GREEN,READY_FULL_SPECS,พร้อมขึ้นขายทันที สเปกวิศวกรรมครบถ้วน 100%,2,3000.0,3500.0,5,0,1,1,ท่อบรรจุก๊าซ และวาล์ว > อะเซทีลีน (AC)
udo-3086,3086,รถเข็นชุดเชื่อมสนาม AC ขนาด 1.5 คิว,CHAMP,gas_cylinders,READY_GREEN,READY_FULL_SPECS,พร้อมขึ้นขายทันที สเปกวิศวกรรมครบถ้วน 100%,1,750.0,750.0,5,0,1,1,ท่อบรรจุก๊าซ และวาล์ว > รถเข็นท่อบรรจุก๊าซ
udo-3087,3087,ชุดเชื่อมสนามแก๊สอะเซทิลีน AC ขนาด 1.5 คิว (UDO),WELDSTAR,gas_equipment,READY_GREEN,READY_FULL_SPECS,พร้อมขึ้นขายทันที สเปกวิศวกรรมครบถ้วน 100%,1,6900.0,6900.0,5,0,1,0,อุปกรณ์เชื่อมตัดเผาแก๊ส > ชุดเชื่อม-ตัดสนาม
udo-3088,3088,ชุดตัดสนามแก๊สอะเซทิลีน AC ขนาด 1.5 คิว (UDO),UDO,gas_equipment,READY_GREEN,READY_FULL_SPECS,พร้อมขึ้นขายทันที สเปกวิศวกรรมครบถ้วน 100%,1,8500.0,8500.0,5,0,1,0,อุปกรณ์เชื่อมตัดเผาแก๊ส > ชุดเชื่อม-ตัดสนาม
udo-3089,3089,ลวดเชื่อมมิกแสตนเลส SUPERON SUPER MIG 310 (ER310),SUPERON,welding_wire,READY_GREEN,READY_FULL_SPECS,พร้อมขึ้นขายทันที สเปกวิศวกรรมครบถ้วน 100%,1,10800.0,10800.0,3,0,1,1,กลุ่มลวดเชื่อม > เชื่อมสแตนเลส > เชื่อมซีโอทู (MIG)
udo-3090,3090,ลวดเชื่อมมิกแสตนเลส SUPERON SUPER MIG 312 (ER312),SUPERON,welding_wire,READY_GREEN,READY_FULL_SPECS,พร้อมขึ้นขายทันที สเปกวิศวกรรมครบถ้วน 100%,1,12000.0,12000.0,3,0,1,1,กลุ่มลวดเชื่อม > เชื่อมสแตนเลส > เชื่อมซีโอทู (MIG)
udo-3091,3091,ลวดเชื่อมอาร์กอนสแตนเลส SUPERON SUPER TIG 420 (ER420),SUPERON,welding_wire,READY_GREEN,READY_FULL_SPECS,พร้อมขึ้นขายทันที สเปกวิศวกรรมครบถ้วน 100%,1,2850.0,2850.0,3,0,1,1,กลุ่มลวดเชื่อม > เชื่อมสแตนเลส > เชื่อมอาร์กอน (TIG)
udo-3092,3092,ลวดเชื่อมอาร์กอนสแตนเลส SUPERON SUPER TIG 312 (ER312),SUPERON,welding_wire,READY_GREEN,READY_FULL_SPECS,พร้อมขึ้นขายทันที สเปกวิศวกรรมครบถ้วน 100%,2,1000.0,4000.0,3,0,1,1,กลุ่มลวดเชื่อม > เชื่อมสแตนเลส > เชื่อมอาร์กอน (TIG)
udo-3093,3093,ลวดเชื่อมอาร์กอนสแตนเลส SUPERON SUPER TIG 321 (ER321),SUPERON,welding_wire,READY_GREEN,READY_FULL_SPECS,พร้อมขึ้นขายทันที สเปกวิศวกรรมครบถ้วน 100%,1,2700.0,2700.0,3,0,1,1,กลุ่มลวดเชื่อม > เชื่อมสแตนเลส > เชื่อมอาร์กอน (TIG)
udo-3094,3094,เกจ์ปรับแรงดันก๊าซบริสุทธิ์ HARRIS High Purity รุ่น HPI 742,HARRIS,gas_equipment,READY_GREEN,READY_INQUIRY_ITEM,สินค้าอุตสาหกรรมพร้อมขายในระบบขอใบเสนอราคา (B2B Request a Quote),1,0.0,0.0,5,0,1,0,อุปกรณ์เชื่อมตัดเผาแก๊ส > เกจ์ปรับแรงดันแก๊ส > ก๊าซพิเศษอื่นๆ
udo-3095,3095,เกจ์ปรับแรงดันก๊าซบริสุทธิ์ HARRIS High Purity รุ่น HPI 924,HARRIS,gas_equipment,READY_GREEN,READY_INQUIRY_ITEM,สินค้าอุตสาหกรรมพร้อมขายในระบบขอใบเสนอราคา (B2B Request a Quote),1,0.0,0.0,5,0,1,0,อุปกรณ์เชื่อมตัดเผาแก๊ส > เกจ์ปรับแรงดันแก๊ส > ก๊าซพิเศษอื่นๆ
udo-3096,3096,ลวดเชื่อมไฟฟ้าสแตนเลส SUPERON SUPER OPTIMAL 316L (E316L-16),SUPERON,welding_wire,READY_GREEN,READY_FULL_SPECS,พร้อมขึ้นขายทันที สเปกวิศวกรรมครบถ้วน 100%,2,330.0,335.0,3,0,1,1,กลุ่มลวดเชื่อม > เชื่อมสแตนเลส > เชื่อมไฟฟ้า (MMA)
udo-3097,3097,ลวดเชื่อมอาร์กอนนิเกิลอัลลอย VDM Metals FM 625 (ERNiCrMo-3),VDM METALS,welding_wire,READY_GREEN,READY_FULL_SPECS,พร้อมขึ้นขายทันที สเปกวิศวกรรมครบถ้วน 100%,3,17000.0,19000.0,2,0,2,1,กลุ่มลวดเชื่อม > เชื่อมวัสดุเกรดพิเศษ > เชื่อมอาร์กอน (TIG)
udo-3098,3098,ลวดเชื่อมอาร์กอนนิเกิลอัลลอย VDM Metals FM C-276 (ERNiCrMo-4),VDM METALS,welding_wire,READY_GREEN,READY_FULL_SPECS,พร้อมขึ้นขายทันที สเปกวิศวกรรมครบถ้วน 100%,1,19800.0,19800.0,2,0,2,1,กลุ่มลวดเชื่อม > เชื่อมวัสดุเกรดพิเศษ > เชื่อมอาร์กอน (TIG)
udo-3099,3099,ลวดเชื่อมอาร์กอนนิเกิลอัลลอย VDM Metals FM 622 (ERNiCrMo-10),VDM METALS,welding_wire,READY_GREEN,READY_FULL_SPECS,พร้อมขึ้นขายทันที สเปกวิศวกรรมครบถ้วน 100%,1,23000.0,23000.0,2,0,2,1,กลุ่มลวดเชื่อม > เชื่อมวัสดุเกรดพิเศษ > เชื่อมอาร์กอน (TIG)
udo-3100,3100,ลวดเชื่อมมิก (MIG) นิเกิลอัลลอย VDM Metals FM 82 (ERNiCr-3),VDM METALS,welding_wire,READY_GREEN,READY_FULL_SPECS,พร้อมขึ้นขายทันที สเปกวิศวกรรมครบถ้วน 100%,1,45000.0,45000.0,2,0,3,1,กลุ่มลวดเชื่อม > เชื่อมวัสดุเกรดพิเศษ > เชื่อมซีโอทู (MIG)
udo-3101,3101,ลวดเชื่อมมิก (MIG) นิเกิลอัลลอย VDM Metals FM 625 (ERNiCrMo-3),VDM METALS,welding_wire,READY_GREEN,READY_FULL_SPECS,พร้อมขึ้นขายทันที สเปกวิศวกรรมครบถ้วน 100%,1,51000.0,51000.0,2,0,3,1,กลุ่มลวดเชื่อม > เชื่อมวัสดุเกรดพิเศษ > เชื่อมซีโอทู (MIG)
udo-3102,3102,ลวดเชื่อมแก๊สอลูมิเนียมไส้ฟลักซ์ POWERARC AL-112,POWERARC,welding_wire,READY_GREEN,READY_FULL_SPECS,พร้อมขึ้นขายทันที สเปกวิศวกรรมครบถ้วน 100%,1,2500.0,2500.0,2,0,2,1,กลุ่มลวดเชื่อม > เชื่อมอลูมิเนียม > เชื่อมแก๊ส (Brazing)
udo-3103,3103,ลวดเชื่อมเลเซอร์แม่พิมพ์ LASER WIRE NICHIA BKD-61M (แบบเส้น),NICHIA,welding_wire,WARNING_YELLOW,WARNING_NO_SPECS_TABLE,พร้อมขายปกติ แนะนำให้แอดมินเติมตารางสเปกเคมีใน Admin,3,80.0,120.0,2,0,1,0,กลุ่มลวดเชื่อม > เชื่อมวัสดุเกรดพิเศษ > เชื่อมแม่พิมพ์
udo-3104,3104,ลวดเชื่อมเลเซอร์แม่พิมพ์ NICHIA NAK80-M (แบบเส้น),NICHIA,welding_wire,WARNING_YELLOW,WARNING_NO_SPECS_TABLE,พร้อมขายปกติ แนะนำให้แอดมินเติมตารางสเปกเคมีใน Admin,3,90.0,130.0,2,0,1,0,กลุ่มลวดเชื่อม > เชื่อมวัสดุเกรดพิเศษ > เชื่อมแม่พิมพ์
udo-3105,3105,ลวดเชื่อมเลเซอร์แม่พิมพ์ LASER NICHIA CM-3M (แบบเส้น),NICHIA,welding_wire,WARNING_YELLOW,WARNING_NO_SPECS_TABLE,พร้อมขายปกติ แนะนำให้แอดมินเติมตารางสเปกเคมีใน Admin,3,90.0,130.0,2,0,1,0,กลุ่มลวดเชื่อม > เชื่อมวัสดุเกรดพิเศษ > เชื่อมแม่พิมพ์
udo-3106,3106,ลวดเชื่อมเลเซอร์แม่พิมพ์ LASER WIRE NICHIA BKD-11M (แบบเส้น),NICHIA,welding_wire,WARNING_YELLOW,WARNING_NO_SPECS_TABLE,พร้อมขายปกติ แนะนำให้แอดมินเติมตารางสเปกเคมีใน Admin,3,80.0,120.0,2,0,1,0,กลุ่มลวดเชื่อม > เชื่อมวัสดุเกรดพิเศษ > เชื่อมแม่พิมพ์
udo-3107,3107,ลวดเชื่อมเลเซอร์แม่พิมพ์ LASER NICHIA BK-660M (แบบเส้น),NICHIA,welding_wire,WARNING_YELLOW,WARNING_NO_SPECS_TABLE,พร้อมขายปกติ แนะนำให้แอดมินเติมตารางสเปกเคมีใน Admin,3,80.0,120.0,2,0,1,0,กลุ่มลวดเชื่อม > เชื่อมวัสดุเกรดพิเศษ > เชื่อมแม่พิมพ์
udo-3108,3108,ลวดเชื่อมเลเซอร์แม่พิมพ์ LASER NICHIA HE-500M,NICHIA,welding_wire,QUARANTINE_RED,QUARANTINE_PRICE_ZERO,กักกัน: ราคาสินค้าเป็น 0 บาท หรือไม่มีตัวเลือกราคา,2,0.0,0.0,2,0,1,0,กลุ่มลวดเชื่อม > เชื่อมวัสดุเกรดพิเศษ > เชื่อมแม่พิมพ์
udo-3109,3109,ลวดเชื่อมเลเซอร์อลูมิเนียม LASER NICHIA AL-4043M,NICHIA,welding_wire,QUARANTINE_RED,QUARANTINE_PRICE_ZERO,กักกัน: ราคาสินค้าเป็น 0 บาท หรือไม่มีตัวเลือกราคา,1,0.0,0.0,2,0,1,0,กลุ่มลวดเชื่อม > เชื่อมวัสดุเกรดพิเศษ > เชื่อมแม่พิมพ์
udo-3110,3110,ลวดเชื่อมเลเซอร์แม่พิมพ์ BERYLLIUM NICHIA BEW-M,NICHIA,welding_wire,QUARANTINE_RED,QUARANTINE_PRICE_ZERO,กักกัน: ราคาสินค้าเป็น 0 บาท หรือไม่มีตัวเลือกราคา,2,0.0,0.0,2,0,1,0,กลุ่มลวดเชื่อม > เชื่อมวัสดุเกรดพิเศษ > เชื่อมแม่พิมพ์
udo-3111,3111,ลวดเชื่อมสแตนเลสไฟฟ้า POWERARC STAINARC 308L (E308L-16) ขนาด 200 กรัม/แพ็ค,POWERARC,welding_wire,WARNING_YELLOW,WARNING_NO_SPECS_TABLE,พร้อมขายปกติ แนะนำให้แอดมินเติมตารางสเปกเคมีใน Admin,2,210.0,300.0,3,0,2,0,กลุ่มลวดเชื่อม > เชื่อมสแตนเลส > เชื่อมไฟฟ้า (MMA)
udo-3112,3112,ลวดเชื่อมไฟฟ้า POWERARC S-12 (E6013) ขนาด 200 กรัม/แพ็ค,POWERARC,welding_wire,WARNING_YELLOW,WARNING_NO_SPECS_TABLE,พร้อมขายปกติ แนะนำให้แอดมินเติมตารางสเปกเคมีใน Admin,2,83.0,85.0,3,0,2,0,กลุ่มลวดเชื่อม > เชื่อมเหล็ก > เชื่อมไฟฟ้า (MMA)
udo-3113,3113,ลวดเชื่อมอาร์กอนเหล็ก POWERARC TG50-6 (ER70S-6),POWERARC,welding_wire,READY_GREEN,READY_FULL_SPECS,พร้อมขึ้นขายทันที สเปกวิศวกรรมครบถ้วน 100%,4,500.0,550.0,2,0,2,1,กลุ่มลวดเชื่อม > เชื่อมเหล็ก > เชื่อมอาร์กอน (TIG)
udo-3114,3114,ลวดเชื่อมไฟฟ้าแมงกานีส POWERARC MnNi (EN14700 : E Fe9),POWERARC,welding_wire,READY_GREEN,READY_FULL_SPECS,พร้อมขึ้นขายทันที สเปกวิศวกรรมครบถ้วน 100%,2,1600.0,1600.0,2,0,2,1,กลุ่มลวดเชื่อม > เชื่อมพอกผิวแข็ง > เชื่อมไฟฟ้า (MMA)
udo-3115,3115,ลวดเชื่อมแก๊สผิวแดง POWERARC OSS-11,POWERARC,welding_wire,READY_GREEN,READY_FULL_SPECS,พร้อมขึ้นขายทันที สเปกวิศวกรรมครบถ้วน 100%,2,540.0,640.0,2,0,1,1,กลุ่มลวดเชื่อม > เชื่อมเหล็ก > เชื่อมแก๊ส (Brazing)
udo-3116,3116,ลวดเชื่อมไฟฟ้าเหล็กหล่อ POWERARC Ni Cast 98 (ENi-CI),POWERARC,welding_wire,READY_GREEN,READY_FULL_SPECS,พร้อมขึ้นขายทันที สเปกวิศวกรรมครบถ้วน 100%,3,1380.0,1400.0,3,0,1,1,กลุ่มลวดเชื่อม > เชื่อมเหล็กหล่อ > เชื่อมไฟฟ้า (MMA)
udo-3117,3117,ลวดเชื่อมไฟฟ้าเหล็กหล่อ PowerArc Ni Cast 55 (ENiFe-CI),POWERARC,welding_wire,READY_GREEN,READY_FULL_SPECS,พร้อมขึ้นขายทันที สเปกวิศวกรรมครบถ้วน 100%,3,980.0,990.0,3,0,1,1,กลุ่มลวดเชื่อม > เชื่อมเหล็กหล่อ > เชื่อมไฟฟ้า (MMA)
udo-3118,3118,ลวดเชื่อมไฟฟ้าพอกแข็ง POWERARC ARC33 (EN14700 : E Fe14),POWERARC,welding_wire,READY_GREEN,READY_FULL_SPECS,พร้อมขึ้นขายทันที สเปกวิศวกรรมครบถ้วน 100%,4,2150.0,7800.0,2,0,3,1,กลุ่มลวดเชื่อม > เชื่อมพอกผิวแข็ง > เชื่อมไฟฟ้า (MMA)
udo-3119,3119,ลวดเชื่อมฟลักซ์คอร์ไวร์ POWERARC COREMAX-71GS (E71T-GS),POWERARC,welding_wire,READY_GREEN,READY_FULL_SPECS,พร้อมขึ้นขายทันที สเปกวิศวกรรมครบถ้วน 100%,1,130.0,130.0,3,0,1,1,กลุ่มลวดเชื่อม > เชื่อมเหล็ก > เชื่อมฟลักซ์คอลล์ (FCW)
udo-3120,3120,ลวดเชื่อมอลูมิเนียมไฟฟ้า POWERARC AlSi12 (E4047),POWERARC,welding_wire,READY_GREEN,READY_FULL_SPECS,พร้อมขึ้นขายทันที สเปกวิศวกรรมครบถ้วน 100%,2,1680.0,1750.0,3,0,3,1,กลุ่มลวดเชื่อม > เชื่อมอลูมิเนียม > เชื่อมไฟฟ้า (MMA)
udo-3121,3121,ลวดเชื่อมมิกแสตนเลส SUPERON SUPER MIG 410 (ER410),SUPERON,welding_wire,READY_GREEN,READY_FULL_SPECS,พร้อมขึ้นขายทันที สเปกวิศวกรรมครบถ้วน 100%,1,6900.0,6900.0,3,0,1,1,กลุ่มลวดเชื่อม > เชื่อมสแตนเลส > เชื่อมซีโอทู (MIG)
udo-3122,3122,ลวดเชื่อม Cobalt อาร์กอนสเตลไลท์ PowerArc TIG CO6 Stellite6 (ERCoCr-A),POWERARC,welding_wire,READY_GREEN,READY_FULL_SPECS,พร้อมขึ้นขายทันที สเปกวิศวกรรมครบถ้วน 100%,2,5000.0,5400.0,2,0,2,1,กลุ่มลวดเชื่อม > เชื่อมวัสดุเกรดพิเศษ > เชื่อมอาร์กอน (TIG)
udo-3123,3123,ลวดเชื่อมไฟฟ้าพอกแข็ง SELECTARC HBA,SELECTARC,welding_wire,READY_GREEN,READY_FULL_SPECS,พร้อมขึ้นขายทันที สเปกวิศวกรรมครบถ้วน 100%,2,3420.0,3780.0,2,0,4,1,กลุ่มลวดเชื่อม > เชื่อมพอกผิวแข็ง > เชื่อมไฟฟ้า (MMA)
udo-3124,3124,ลวดเชื่อมไฟฟ้าพอกแข็ง SELECTARC HB68,SELECTARC,welding_wire,READY_GREEN,READY_FULL_SPECS,พร้อมขึ้นขายทันที สเปกวิศวกรรมครบถ้วน 100%,2,3780.0,3960.0,2,0,4,1,กลุ่มลวดเชื่อม > เชื่อมพอกผิวแข็ง > เชื่อมไฟฟ้า (MMA)
udo-3127,3127,ลวดเชื่อมอาร์กอนสแตนเลส SELECTARC TIG 20/10MNB (ER318),SELECTARC,welding_wire,READY_GREEN,READY_FULL_SPECS,พร้อมขึ้นขายทันที สเปกวิศวกรรมครบถ้วน 100%,1,7500.0,7500.0,3,0,2,1,กลุ่มลวดเชื่อม > เชื่อมสแตนเลส > เชื่อมอาร์กอน (TIG)
udo-3128,3128,ลวดเชื่อมอาร์กอนสแตนเลส SELECTARC TIG 18/15 (ER317L),SELECTARC,welding_wire,READY_GREEN,READY_FULL_SPECS,พร้อมขึ้นขายทันที สเปกวิศวกรรมครบถ้วน 100%,1,9300.0,9300.0,3,0,2,1,กลุ่มลวดเชื่อม > เชื่อมสแตนเลส > เชื่อมอาร์กอน (TIG)
udo-3129,3129,ลวดเชื่อมอาร์กอนนิเกิลอัลลอย SELECTARC TIG NI59 (ERNiCrMo-13),SELECTARC,welding_wire,READY_GREEN,READY_FULL_SPECS,พร้อมขึ้นขายทันที สเปกวิศวกรรมครบถ้วน 100%,1,32000.0,32000.0,2,0,2,1,กลุ่มลวดเชื่อม > เชื่อมวัสดุเกรดพิเศษ > เชื่อมอาร์กอน (TIG)
udo-3130,3130,ลวดเชื่อมอาร์กอนสแตนเลส SELECTARC TIG M13/4 (ER410NiMo),SELECTARC,welding_wire,READY_GREEN,READY_FULL_SPECS,พร้อมขึ้นขายทันที สเปกวิศวกรรมครบถ้วน 100%,1,6000.0,6000.0,3,0,2,1,กลุ่มลวดเชื่อม > เชื่อมสแตนเลส > เชื่อมอาร์กอน (TIG)
udo-3131,3131,ลวดเชื่อมอาร์กอนนิกเกิล-คอปเปอร์ SELECTARC TIG NI60 (ERNiCu-7),SELECTARC,welding_wire,READY_GREEN,READY_FULL_SPECS,พร้อมขึ้นขายทันที สเปกวิศวกรรมครบถ้วน 100%,1,18000.0,18000.0,2,0,2,1,กลุ่มลวดเชื่อม > เชื่อมวัสดุเกรดพิเศษ > เชื่อมอาร์กอน (TIG)
udo-3132,3132,ลวดเชื่อม Cobalt อาร์กอนสเตลไลท์ Selectarc TIG CO12 Stellite12 (ERCoCr-B),SELECTARC,welding_wire,READY_GREEN,READY_FULL_SPECS,พร้อมขึ้นขายทันที สเปกวิศวกรรมครบถ้วน 100%,2,8500.0,36000.0,2,0,1,1,กลุ่มลวดเชื่อม > เชื่อมวัสดุเกรดพิเศษ > เชื่อมอาร์กอน (TIG)
udo-3133,3133,ลวดเชื่อม Cobalt อาร์กอนสเตลไลท์ Selectarc TIG CO21 Stellite21 (ERCoCr-E),SELECTARC,welding_wire,READY_GREEN,READY_FULL_SPECS,พร้อมขึ้นขายทันที สเปกวิศวกรรมครบถ้วน 100%,2,8200.0,35000.0,2,0,1,1,กลุ่มลวดเชื่อม > เชื่อมวัสดุเกรดพิเศษ > เชื่อมอาร์กอน (TIG)
udo-3134,3134,ลวดเชื่อมไฟฟ้าสเตลไลท์ Cobalt Selectarc CO6 Stellite6 (ECoCr-A),SELECTARC,welding_wire,READY_GREEN,READY_FULL_SPECS,พร้อมขึ้นขายทันที สเปกวิศวกรรมครบถ้วน 100%,2,5400.0,22500.0,2,0,5,1,กลุ่มลวดเชื่อม > เชื่อมวัสดุเกรดพิเศษ > เชื่อมไฟฟ้า (MMA)
udo-3135,3135,แกนพร้อมน๊อตใส่เกจ์เกลียวไฮโดรเจน CGA350,CHAMP,gas_equipment,READY_GREEN,READY_FULL_SPECS,พร้อมขึ้นขายทันที สเปกวิศวกรรมครบถ้วน 100%,1,280.0,280.0,5,0,1,0,อุปกรณ์เชื่อมตัดเผาแก๊ส > อุปกรณ์เสริม
udo-3136,3136,แกนพร้อมน๊อตใส่เกจ์เกลียวไนตรัสอ๊อกไซด์ CGA326,POWERWELD,gas_equipment,READY_GREEN,READY_FULL_SPECS,พร้อมขึ้นขายทันที สเปกวิศวกรรมครบถ้วน 100%,1,280.0,280.0,5,0,1,0,อุปกรณ์เชื่อมตัดเผาแก๊ส > อุปกรณ์เสริม
udo-3137,3137,แกนพร้อมน๊อตใส่เกจ์เกลียวคาร์บอนไดออกไซด์ CGA320,CHAMP,gas_equipment,READY_GREEN,READY_FULL_SPECS,พร้อมขึ้นขายทันที สเปกวิศวกรรมครบถ้วน 100%,1,280.0,280.0,5,0,1,0,อุปกรณ์เชื่อมตัดเผาแก๊ส > อุปกรณ์เสริม
udo-3138,3138,ลวดเชื่อมฟลักซ์คอร์ไวร์สแตนเลส POWERARC SUPERCORED 308LP (E308LT1-1),POWERARC,welding_wire,READY_GREEN,READY_FULL_SPECS,พร้อมขึ้นขายทันที สเปกวิศวกรรมครบถ้วน 100%,1,3400.0,3400.0,3,0,3,1,กลุ่มลวดเชื่อม > เชื่อมสแตนเลส > เชื่อมฟลักซ์คอลล์ (FCW)
udo-3139,3139,ลวดเชื่อมฟลักซ์คอร์ไวร์สแตนเลส POWERARC SUPERCORED 309LP (E309LT1-1),POWERARC,welding_wire,READY_GREEN,READY_FULL_SPECS,พร้อมขึ้นขายทันที สเปกวิศวกรรมครบถ้วน 100%,1,4500.0,4500.0,3,0,3,1,กลุ่มลวดเชื่อม > เชื่อมสแตนเลส > เชื่อมฟลักซ์คอลล์ (FCW)
udo-3140,3140,ลวดเชื่อมฟลักซ์คอร์ไวร์สแตนเลส POWERARC SUPERCORED 310P (E310T1-1),POWERARC,welding_wire,READY_GREEN,READY_FULL_SPECS,พร้อมขึ้นขายทันที สเปกวิศวกรรมครบถ้วน 100%,1,11400.0,11400.0,3,0,3,1,กลุ่มลวดเชื่อม > เชื่อมสแตนเลส > เชื่อมฟลักซ์คอลล์ (FCW)
udo-3141,3141,ลวดเชื่อมฟลักซ์คอร์ไวร์สแตนเลส POWERARC SUPERCORED 312P (E312T1-1),POWERARC,welding_wire,READY_GREEN,READY_FULL_SPECS,พร้อมขึ้นขายทันที สเปกวิศวกรรมครบถ้วน 100%,1,8640.0,8640.0,3,0,3,1,กลุ่มลวดเชื่อม > เชื่อมสแตนเลส > เชื่อมฟลักซ์คอลล์ (FCW)
udo-3142,3142,ลวดเชื่อมฟลักซ์คอร์ไวร์สแตนเลส POWERARC SUPERCORED 316LP (E316LT1-1),POWERARC,welding_wire,READY_GREEN,READY_FULL_SPECS,พร้อมขึ้นขายทันที สเปกวิศวกรรมครบถ้วน 100%,1,4850.0,4850.0,3,0,3,1,กลุ่มลวดเชื่อม > เชื่อมสแตนเลส > เชื่อมฟลักซ์คอลล์ (FCW)
udo-3144,3144,ลวดเชื่อมฟลักซ์คอลล์ไวร์พอกแข็ง POWERARC SUPERCORED H33-0 (EN14700 T Fe15),POWERARC,welding_wire,READY_GREEN,READY_FULL_SPECS,พร้อมขึ้นขายทันที สเปกวิศวกรรมครบถ้วน 100%,1,6200.0,6200.0,2,0,1,1,กลุ่มลวดเชื่อม > เชื่อมพอกผิวแข็ง > เชื่อมฟลักซ์คอลล์ (FCW)
